:10000000A0240520E912010049410000D512010099
:10001000D5120100D5120100D5120100D512010040
:10002000000000000000000000000000B11301000B
:10003000D51201000000000049130100D512010093
:100040008516000085160000851600008516000044
:100050008516000085160000851600008516000034
:100060008516000085160000851600008516000024
:100070008516000085160000851600008516000014
:100080008516000085160000851600008516000004
:1000900085160000851600008516000085160000F4
:1000A00085160000851600008516000085160000E4
:1000B00085160000851600008516000085160000D4
:1000C00085160000851600008516000085160000C4
:1000D00085160000851600008516000085160000B4
:1000E00085160000851600008516000085160000A4
:1000F0008516000085160000851600008516000094
:100100008516000085160000851600008516000083
:100110008516000085160000851600008516000073
:100120008516000085160000851600008516000063
:100130008516000085160000851600008516000053
:100140008516000085160000851600008516000043
:100150008516000085160000851600008516000033
:100160008516000085160000851600008516000023
:100170008516000085160000851600008516000013
:100180008516000085160000851600008516000003
:1001900085160000851600008516000085160000F3
:1001A00085160000851600008516000085160000E3
:1001B00085160000851600008516000085160000D3
:1001C00085160000851600008516000085160000C3
:1001D00085160000851600008516000085160000B3
:1001E00085160000851600008516000085160000A3
:1001F0008516000085160000851600008516000093
:100200008516000085160000851600008516000082
:100210008516000085160000851600008516000072
:100220008516000085160000851600008516000062
:100230008516000085160000851600008516000052
:100240008516000085160000851600008516000042
:100250008516000085160000851600008516000032
:100260008516000085160000851600008516000022
:100270008516000085160000851600008516000012
:100280008516000085160000851600008516000002
:1002900085160000851600008516000085160000F2
:1002A00085160000851600008516000085160000E2
:1002B00085160000851600008516000085160000D2
:1002C00085160000851600008516000085160000C2
:1002D00085160000851600008516000085160000B2
:1002E00085160000851600008516000085160000A2
:1002F0008516000085160000851600008516000092
:100300008516000085160000851600008516000081
:100310008516000085160000851600008516000071
:100320008516000085160000851600008516000061
:100330008516000085160000851600008516000051
:100340008516000085160000851600008516000041
:100350008516000085160000851600008516000031
:100360008516000085160000851600008516000021
:100370008516000085160000851600008516000011
:100380008516000085160000851600008516000001
:1003900085160000851600008516000085160000F1
:1003A00085160000851600008516000085160000E1
:1003B00085160000851600008516000085160000D1
:1003C00085160000851600008516000085160000C1
:1003D00085160000851600008516000085160000B1
:1003E00085160000851600008516000085160000A1
:1003F0008516000085160000851600008516000091
:100400008516000085160000851600008516000080
:100410008516000085160000851600008516000070
:100420008516000085160000851600008516000060
:100430008516000085160000851600008516000050
:100440008516000085160000851600008516000040
:100450008516000085160000851600008516000030
:100460008516000085160000851600008516000020
:100470008516000085160000851600008516000010
:100480008516000085160000851600008516000000
:1004900085160000851600008516000085160000F0
:1004A00085160000851600008516000085160000E0
:1004B00085160000851600008516000085160000D0
:0804C0008516000085160000FE
:1004C80080F0004002E000BF81F0004142001FBF01
:1004D8005FEA410392EA030F7FEA226C7FEA236C0A
:1004E8006AD04FEA1262D2EB1363C1BFD2184140FF
:1004F80048404140B8BF5B42192B88BF704710F095
:10050800004F40F4000020F07F4018BF404211F037
:10051800004F41F4000121F07F4118BF494292EA9F
:10052800030F3FD0A2F1010241FA03FC10EB0C00CB
:10053800C3F1200301FA03F100F0004302D5494258
:1005480060EB4000B0F5000F13D3B0F1807F06D305
:1005580040084FEA310102F10102FE2A51D2B1F1FD
:10056800004F40EBC25008BF20F0010040EA0300F2
:100578007047490040EB0000013A28BFB0F5000F72
:10058800EDD2B0FA80FCACF1080CB2EB0C0200FA28
:100598000CF0AABF00EBC25052421843BCBFD04077
:1005A8001843704792F0000F81F4000106BF80F4F1
:1005B80000000132013BB5E74FEA41037FEA226CB4
:1005C80018BF7FEA236C21D092EA030F04D092F07F
:1005D800000F08BF0846704790EA010F1CBF0020B3
:1005E800704712F07F4F04D1400028BF40F0004010
:1005F800704712F100723CBF00F50000704700F030
:10060800004343F0FE4040F4000070477FEA226256
:1006180016BF08467FEA23630146420206BF5FEA27
:10062800412390EA010F40F4800070474FF0000327
:1006380004E000BF10F0004348BF40425FEA000CEE
:1006480008BF704743F0964301464FF000001CE096
:1006580050EA010208BF70474FF000030AE000BFEC
:1006680050EA010208BF704711F0004302D540422A
:1006780061EB41015FEA010C02BF8446014600209C
:1006880043F0B64308BFA3F18053A3F50003BCFAB7
:100698008CF2083AA3EBC25310DB01FA02FC634464
:1006A80000FA02FCC2F12002BCF1004F20FA02F26B
:1006B80043EB020008BF20F00100704702F120025E
:1006C80001FA02FCC2F1200250EA4C0021FA02F2BF
:1006D80043EB020008BF20EADC7070474FF0FF0CC4
:1006E8001CEAD0521EBF1CEAD15392EA0C0F93EABF
:1006F8000C0F6FD01A4480EA010C400218BF5FEA61
:1007080041211ED04FF0006343EA501043EA5111D3
:10071800A0FB01310CF00040B1F5000F3EBF4900CD
:1007280041EAD3715B0040EA010062F17F02FD2AD1
:100738001DD8B3F1004F40EBC25008BF20F00100B4
:10074800704790F0000F0CF0004C08BF49024CEACB
:10075800502040EA51207F3AC2BFD2F1FF0340EA5D
:10076800C250704740F400004FF00003013A5DDCCE
:1007780012F1190FDCBF00F000407047C2F100020F
:10078800410021FA02F1C2F1200200FA02FC5FEAFC
:10079800310040F1000053EA4C0308BF20EADC7046
:1007A800704792F0000F00F0004C02BF400010F4B8
:1007B800000F013AF9D040EA0C0093F0000F01F065
:1007C800004C02BF490011F4000F013BF9D041EA87
:1007D8000C018FE70CEAD15392EA0C0F18BF93EA89
:1007E8000C0F0AD030F0004C18BF31F0004CD8D1B3
:1007F80080EA010000F00040704790F0000F17BF3A
:1008080090F0004F084691F0000F91F0004F14D07F
:1008180092EA0C0F01D142020FD193EA0C0F03D1D7
:100828004B0218BF084608D180EA010000F00040DA
:1008380040F0FE4040F40000704740F0FE4040F4B5
:10084800400070474FF0FF0C1CEAD0521EBF1CEA54
:10085800D15392EA0C0F93EA0C0F69D0A2EB030272
:1008680080EA010C49024FEA402037D04FF080530C
:1008780043EA111143EA10130CF000408B4238BFD1
:100888005B0042F17D024FF4000C8B4224BF5B1ADF
:1008980040EA0C00B3EB510F24BFA3EB510340EA2D
:1008A8005C00B3EB910F24BFA3EB910340EA9C00DB
:1008B800B3EBD10F24BFA3EBD10340EADC001B014B
:1008C80018BF5FEA1C1CE0D1FD2A3FF650AF8B42EF
:1008D80040EBC25008BF20F0010070470CF0004CFC
:1008E8004CEA50207F32C2BFD2F1FF0340EAC25027
:1008F800704740F400004FF00003013A37E792F0E8
:10090800000F00F0004C02BF400010F4000F013A45
:10091800F9D040EA0C0093F0000F01F0004C02BF40
:10092800490011F4000F013BF9D041EA0C0195E7A9
:100938000CEAD15392EA0C0F08D142027FF47DAF42
:1009480093EA0C0F7FF470AF084676E793EA0C0F32
:1009580004D14B023FF44CAF08466EE730F0004C30
:1009680018BF31F0004CCAD130F000427FF45CAFC0
:1009780031F000437FF43CAF5FE700BF4FF0FF3C2E
:1009880006E000BF4FF0010C02E000BF4FF0010C81
:100998004DF804CD4FEA40024FEA41037FEA226C4A
:1009A80018BF7FEA236C11D001B052EA530C18BF6C
:1009B80090EA010F58BFB2EB030088BFC81738BFD1
:1009C8006FEAE17018BF40F0010070477FEA226CBF
:1009D80002D15FEA402C05D17FEA236CE4D15FEABB
:1009E800412CE1D05DF8040B704700BF84460846EF
:1009F8006146FFE70FB5FFF7C9FF002848BF10F1B0
:100A0800000F0FBD4DF808EDFFF7F4FF0CBF0120F4
:100A180000205DF808FB00BF4DF808EDFFF7EAFF7E
:100A280034BF012000205DF808FB00BF4DF808ED39
:100A3800FFF7E0FF94BF012000205DF808FB00BF2E
:100A48004DF808EDFFF7D2FF94BF012000205DF8B4
:100A580008FB00BF4DF808EDFFF7C8FF34BF0120C1
:100A680000205DF808FB00BF4FEA4002B2F1FE4FDC
:100A78000FD34FF09E03B3EB12620DD94FEA002358
:100A880043F0004310F0004F23FA02F018BF404231
:100A980070474FF00000704712F1610F01D1420218
:100AA80005D110F0004008BF6FF0004070474FF0CC
:100AB8000000704753B94AB9002908BF00281CBF75
:100AC8004FF0FF314FF0FF3000F00CB8ADF1080CDB
:100AD8006DE904CE00F012F8DDF804E0DDE9022348
:100AE80004B07047704700BF10F8012B11F8013BA4
:100AF800012A28BF9A42F7D0D01A70472DE9F0474B
:100B080086468C460846089E154674461946002BAC
:100B180040F0C1808542B2FA82F245D94AB1C2F1A9
:100B2800200300FA02FC954094402EFA03F343EAAE
:100B38000C0C4FEA154EA8B2230CBCFBFEF80EFBBA
:100B480018CC08FB00F943EA0C43994528D9EB185F
:100B580008F1FF3704D2994502D9A8F102072B44BE
:100B6800A3EB0903A4B2B3FBFEFC0EFB1C330CFB86
:100B780000F044EA0344A04214D92C190CF1FF33C5
:100B880004D2A04202D9ACF102032C44241A43EA4D
:100B980007401EB1D440002334607360BDE8F0877D
:100BA8004746DDE76346F1E792BB431B01214FEA65
:100BB800154EAFB2200CB3FBFEFC0EFB1C330CFB36
:100BC80007F840EA0343984561D9EB180CF1FF3068
:100BD80004D2984502D9ACF102002B44A3EB0803D8
:100BE800A4B2B3FBFEFC0EFB1C330CFB07F744EA74
:100BF8000344A7424DD92C190CF1FF3304D2A74264
:100C080002D9ACF102032C44E41B43EA0040C0E7DC
:100C1800C2F120039540944020FA03F12EFA03F321
:100C28004FEA154E9040AFB20343B1FBFEFC0EFBFA
:100C38001C10190C0CFB07F841EA0041884522D921
:100C480069180CF1FF3004D2884502D9ACF10200D2
:100C58002944A1EB08019BB2B1FBFEFC0EFB1C1161
:100C68000CFB07F743EA01439F420ED9EB180CF13E
:100C7800FF3104D29F4202D9ACF102012B44DB1BA5
:100C880041EA004193E76046E3E76146F7E76046DB
:100C9800A4E76346B8E7834206D916B90021084697
:100CA8007CE7C6E900E0F9E7B3FA83F78FB9834236
:100CB80001D3724508D8BEEB020460EB03030120A0
:100CC8009C461EB9002169E73846FAE7C6E9004C98
:100CD800F8E7C7F1200CBB400EFA07F522FA0CF42E
:100CE8002EFA0CF1BA401C4320FA0CF3B8404FEA34
:100CF800144901431FFA84FEB3FBF9F809FB1830C5
:100D08000B0C08FB0EFA43EA00439A4540D9E31856
:100D180008F1FF3004D29A4502D9A8F10200234411
:100D2800A3EB0A0389B2B3FBF9F809FB183308FBF4
:100D38000EFE41EA03418E452CD9611808F1FF33B4
:100D480004D28E4502D9A8F10203214443EA0040A7
:100D5800A1EB0E01A0FB02984145CE46434602D3C3
:100D680006D14D4504D20138B9EB020E68EB0403F5
:100D7800002EA7D0B5EB0E0261EB030101FA0CFCC3
:100D880022FA07F3F9404CEA0303C6E9003199E770
:100D98004046C5E74346D9E72DE9F04FDFF898A16B
:100DA800A3B066480FF0C6FA9AF8014063480FF0FE
:100DB8000FFA63480FF0BEFA0DF17F05022C604868
:100DC80025F01F0500F0AD800FF002FA5C480FF027
:100DD800B1FA002843D19AF8003013F0010600F068
:100DE800B78057480FF0F4F9002838D154480FF06D
:100DF800A1FA002833D19AF800309E0740F1948276
:100E08004F480FF0E5F950BB4D480FF093FA30BB4F
:100E18004B489AF800400FF0DBF900BB47480FF049
:100E280089FAE0B99AF8013023B9E50744BF0223EB
:100E38008AF8013041480FF0CBF980B940480FF0EB
:100E480079FA60B99AF800303D485C075CBF43F016
:100E580004038AF800300FF0BBF9002868D038483E
:100E68000FF068FA9AF80030DFF8D8B0580744BF96
:100E780003F0FB038AF8003099072BD430480FF0B1
:100E8800A7F92E480FF056FA00210422DBF80030AB
:100E98008AF801102C48984728480FF099F92848F3
:100EA8000FF048FA9AF800302548DA0744BF23F0D3
:100EB80001038AF800300FF08BF9002383F31188BF
:100EC800BFF36F8F0423184602DF6FF0040023B0CE
:100ED800BDE8F08F4FF00108032700261B4C04F5EE
:100EE800B069656AC4F82080277735B1A26A22B153
:100EF80000212846DBF8003098472C222046C4E918
:100F080009660021144411F0D3FBA145E9D19AF8F0
:100F180000300E4A23F0020382F880658AF8003018
:100F2800ACE79AF80030072B7FF44EAF0FF050F97A
:100F3800002023B0BDE8F08FACCE0420EC0A0020DE
:100F4800D80A0020F4090020B0CE042028C90420C3
:100F5800774C784A2168914200F09C800FF0F0F9B4
:100F6800754B9E601B605B60744BDFF8D4811B601F
:100F78009E605B6020237349D8F84C20C8F8108025
:100F880081F8593368A1D1E90001C8E90001002AB4
:100F980000F08B80D8F85030B3F5007FCCBF4FF409
:100FA80080634FF40073C8F808304FF0FF324FF0F9
:100FB800FF3365480AF036FF0023644FC8F81080F5
:100FC800C8F86870C8F848300FF0BAF9D8F80020A7
:100FD80002F58051D368DB03FCD44B6A13F4A023D9
:100FE800F8D11E460CF032FF0CF030FF0422584BAB
:100FF800C3F808230FF0DEF9D8F81030C8F84460B9
:101008009F6651480AF0A0FFF823524E52495348B0
:10101800C6F800350CF06CFE002840F0AB80F923D0
:10102800D6F808254C494D48C6F800350CF060FE46
:10103800002840F09F80D6F80835F826454D4649E7
:101048004648C5F800650CF053FE002860D1F92722
:10105800D5F8083540494148C5F800750CF048FEF8
:10106800002855D1D5F808353D493E48C5F80065F2
:101078000CF03EFE00284BD139493A48C5F80075B6
:101088000CF036FE002843D10FF094F9294A9AF85B
:101098000030226043F0010333488AF800300FF033
:1010A80097F800287FF4DBAEA0E6304B01209E695C
:1010B800C6F30B03482B194628BF482116F4003FF6
:1010C800C8F8541008BF0021C8F858100821C8E90A
:1010D8001801F103C8F8503004D400200021134649
:1010E800C8E9140106F47001B1F5700F08BFD8F80B
:1010F8005420002EC8F8542003DA00200021C8E943
:1011080018010122C8F84C2046E719480AF01CFFCC
:101118000FF050F99AF80030134843F001038AF8A9
:1011280000300FF055F89AE6002001500080015079
:10113800F009002011736500580B0020640B002093
:101148002095032000E100E09C0A0020C41405005B
:101158000090055000900450109104500C900450D9
:101168000491045004900450D80A00200020015033
:10117800C40A0020DFF8EC824FF0FF324FF0FF3353
:10118800B9480AF04FFED8E90C3253EA020140F0A0
:10119800D480B64BD8F838209A4200F0EA804FF055
:1011A800FF324FF0FF33B0480AF03CFE43460021BF
:1011B80008F1400203F8011B9342FBD10CAE304604
:1011C80001960FF037F90746A0B930460FF0E6FA56
:1011D8000746002840F0D0803346014618AA03F895
:1011E800011B9342FBD1A14B0122C8F838300023E0
:1011F800C8E90C239C480AF0A7FE38460CF000FD0D
:10120800002882D1D8E90C32023342F10002B3F54A
:10121800803F72F1000280F093802026019FDFF862
:101228005092102EB3464FF0010328BF4FF0100B19
:10123800904A12F8011D0B44914513704FEA13238D
:10124800F7D128460FF0D0F900287FF45EAF2A4680
:1012580007EB0B0C7B1E0CF1FF3012F8011B03F897
:10126800011F9842F9D1D8F8303067460133C8F8E1
:101278003030D8F8343043F10003B6EB0B06C8F829
:101288003430CED130460FF089FA054676480AF058
:101298005BFE002D7FF43CAF0CF06EFDC0BB374603
:1012A8003346324631464FF0010E734D039655F8DA
:1012B800040F10F4807F06D0012207430EFA03F0D2
:1012C800014301F07F010133072BF0D12AB19DF8CA
:1012D8000F3061F347038DF80F30FD4315F4807527
:1012E80040F0F780F821BDF80E30644F23F4F8730E
:1012F80043F0C003ADF80E306148C7F800156149E6
:101308000CF0F6FC002839D16FF08A00D7F80835C0
:101318000021019B0593059B99550136202EFAD192
:1013280000283FF48AAEF3E60121574A43F002034E
:101338008AF8003082F8801562E50CA9019163E70C
:10134800019E30460FF076F800287FF4DEAE304676
:101358000FF024FA014600287FF4D7AE334618AAC6
:1013680003F8011B9342FBD100220023C8E90C2398
:1013780053E70CAB019350E70E273BE7F9234149AC
:101388003F48C7F800350CF0B3FC0028BCD0012357
:101398004FF60201CDE90555CDE907550A953B4DB4
:1013A8000B9109930DF11409C5F80035D5F80034EF
:1013B800DF07FBD5BA2331483549C0F80035C0F8F6
:1013C80004950CF095FC00230746C5F800352F4B13
:1013D800D3F80024D007FBD5002F40D12D4B2B4D3F
:1013E80098460A93039BDFF894B00B93BDF80E3030
:1013F80007F1F80CC3F3C1130993274B6B4443441B
:101408000FCB89E80F000123C5F80035D5F8003463
:10141800D907FBD5CBF800C51D491848CBF804956A
:101428000CF066FC00220346C5F80025D5F8002418
:10143800D207FBD58BB91946CDF81090049AD15430
:1014480001331C2BFAD108F110083FBB4FF0FF33D2
:101458000127CDF828800B93C8E70CF08DFC6FF0BE
:10146800920055E790950320C40A0020B4A5B4A5BE
:10147800B0950320C09503200C1705000090045078
:101488000C9004501091045028C9042000E0045026
:101498000091045000FF07203001F8DF0E4DC5F819
:1014A8000075D5F80034DB07FBD5BA210B4B0C4887
:1014B800C3F800150B490CF01BFC0023C5F80035D8
:1014C800054BD3F80024D707FBD500283FF420AFFD
:1014D800C5E76FF085001BE700E00450009004505A
:1014E800089004500891045038B504690D692046E5
:1014F8002946FFF7AFFA38B929462046FFF78CFA94
:10150800003818BF012038BD4FF0FF3038BD00BF8C
:101518008C4600B5036903F1040EBEE80F00ACE881
:101528000F009EE803008CE8030000205DF804FB30
:10153800014B00204B607047A405002010B483685D
:1015480000EBC10CB3F5004F0CD3DCF80C3099421A
:101558001ED0DCF80810043200EBC10440F8223039
:10156800E3600BE0BCF80630994211D0BCF80410D7
:10157800043200EBC10440F82230E380826800EBBB
:10158800C300B2F5004F2CBF8160818010BC70474A
:1015980001210024C36802F1040C01FA02F223EAD3
:1015A8000203C36040F82C4010BC704770B48668D2
:1015B800541AB6F5004F00EBC1034FEA4405A1EBFE
:1015C80002011FD35E685D6001EB560186684D001D
:1015D800B6F5004F00EBC2032CBF5D605D808568E7
:1015E800B5F5004F2CBF40F8324020F832408468EF
:1015F800B4F5004F0CD370BC5B6802EB530340F8A2
:1016080033107047B3F802C05D8001EB5C01DDE781
:101618005B8870BC02EB530220F83210704700BFA1
:10162800836810B5B3F5004F00EBC10100EBC20CA5
:1016380019D3DCF804304C685B0803EB54035C00F6
:101648004C608168B1F5004F06D3DCF8041002EB5A
:10165800510240F8323010BDBCF8021002EB5102C2
:1016680020F8323010BD4B88BCF802E05B0803EB71
:101678005E034FEA430EA1F802E0E2E708B5EFF394
:101688000583094A103B02EBC30152F8330049684D
:101698008847064B5A699B689A4204D0044A5368A3
:1016A80043F08053536008BDD0170500249B0320E6
:1016B80000ED00E010B5134C0B89D1F800C0D4F848
:1016C80090202CF01F0EC2F3072203F01F0C4B686A
:1016D800013A013B90424989734410D801F007014F
:1016E80023F01F0343EA41034CEA0E0243F00103CF
:1016F800C4F89800C4F89C20C4F8A03010BD6FF05E
:10170800150010BD00ED00E030B4837A0D4A03EBFC
:10171800C30302EB8303DB69D3E901540C60837ACA
:10172800296803EBC30302EB8302136A127DC31A11
:101738001B3222F00302B3FBF2F304FB031030BCAC
:10174800704700BF700B0020704700BF30B50125FF
:101758004FF47A6C4FF4FA20264B274A4FF47A6EEE
:101768001A60264A264BC2F80454D3F82426254C7E
:10177800C2F309430CFB03F3C2F3080282F480723C
:10178800883204FB023342F21C5C1F49AB40A1FBC8
:101798000312D20B00FB12334FF47A70B3F57A3F81
:1017A8001A4B28BF5219C3F80429154B164AD3F807
:1017B8002036C3F30801C3F309430EFB03F381F496
:1017C800807101F217210CFB01331B0AA2FB0312E3
:1017D800920900FB123301210020B3F5FA7F0B4B6D
:1017E80028BF0132C3F81C27C3F80009C3F8001644
:1017F80030BD00BF5C0500200020A107002008E0E4
:1018080000C0FF00F82A0080D34D6210000012507B
:1018180030B44FF6FF740F25134B4FF6FF70C3E932
:10182800024540F6FF744FF6FF756FF07F41C3E93C
:101838000445FF240F250D4AC3E900010C48C3E9FC
:10184800064510600B483F2450600B480325906004
:101858000A483F230260032209490020C1E90245E2
:10186800C1E9002330BC7047788C0320B09A03206C
:101878005C3401004C050020AC340100AC9A032014
:10188800688C0320704700BF03695B68D3E90320B5
:10189800012918BF104670474268037A0261DBB11C
:1018A800012B0CBF02230323427A4375531E032BDB
:1018B80003D8DFE803F0030303030022837A0275E9
:1018C800062B10D0072B09D0052B0CBF00230323B0
:1018D800827E8375C27570470123E5E70223827E05
:1018E8008375C27570470123827E8375C275704700
:1018F80000B5034611F0E2F80B490C4AD1F89010F4
:101908001258914202D000205DF804FB1B6993F83D
:1019180040000028F8D0DB6B5869DA695B6810442E
:10192800C01A5DF804FB00BF388D032008000000D2
:1019380000B5034611F0C2F80649074AD1F89010DD
:10194800125891420ABF1B69002093F838005DF8CD
:1019580004FB00BF388D03200800000000B50346D3
:1019680011F0ACF80A490B4AD1F89010125891427C
:1019780002D000205DF804FB1B6993F840201AB9D7
:1019880093F838005DF804FB01205DF804FB00BF04
:10199800388D0320080000000369C3E90712704767
:1019A8000229036906D004290CD0012906D06FF05A
:1019B800850070471B7E0020136070471B6900205C
:1019C800136070475B7EF6E7F8B500244FF4807724
:1019D80005693022EB6B2146C3E902445C605C6117
:1019E8009C611C616B6B05F14800C3E902445C60B3
:1019F8005C619C611C6110F05BFE094E094B0A4951
:101A08002846C5E92044C5E90B44EB64AC676F651B
:101A1800EE676C62A962FFF73FFF2046F8BD00BF82
:101A2800614B00004D4A0000913500002DE9F0415E
:101A38000446344D344EA368DB6B1BB120469847EF
:101A4800002847D0A3689A6B22B120469047002807
:101A580040D0A368DB691BB1204698470028EAD02C
:101A6800D5E906E72B69A868A3EB0E0CC01AB0F5F8
:101A7800007F28BF4FF40070BC452DD2A7EB0C02A5
:101A8800824228BF02462968134461442B61002A18
:101A980030D0A368DB6823B32046984700281EDDB2
:101AA800D5E904329B1A984209D8AB691044EA690F
:101AB800C11A9142C5E9040024BF9B18AB613046A6
:101AC8000DF022FFA368DB6B002BBBD020469847A4
:101AD8000028B7D1BDE8F081ACEB070CCEE7D5E91B
:101AE80006E76B69A3EB0E02BA422B61F2D3774487
:101AF800AF61EFE7A3689B69002BEBD02046BDE8F8
:101B0800F041184788910320480B002000B5034690
:101B180010F0D4FF1649174AD1F890101258914284
:101B280002D000205DF804FB1B6903F18801D1E8AD
:101B3800AF0FC0F38002400705D5586B0269806873
:101B4800121A18BF012283F83820D1E8AF1FC1F359
:101B5800C002090707D5D96B4A69C86949680244B0
:101B6800521A18BF012283F8402001205DF804FBB7
:101B7800388D03200800000070B5044686680D46BD
:101B8800F36B98472369A033D3E8AF3F98071CD578
:101B980005F00F032906226948BF103352F82310B5
:101BA80081B10B7DDB070DD54B7E03F00303012BC1
:101BB8000ED02046F368984705462046336C984770
:101BC800284670BD6FF01205F7E74FF0FF35F4E7D0
:101BD8006FF08505F1E700BFF0B589B00DF1070496
:101BE80004940DF1060401230226069404AC029421
:101BF8000546032461F07F018DF8071003968DF8E0
:101C0800062005930793071D286886680023394630
:101C1800366802AAB04748B19D2000210DF00EFC9D
:101C2800631E13F0FF04EFD14FF0FF3009B0F0BD91
:101C38000323F0B591B00DF10704089408AC012214
:101C480006940AAC049405461C460DF10F0601F0F3
:101C58007F010A960C960E9605938DF80710099247
:101C680007920B920D920F92071D286886683946D5
:101C7800366804AB06AAB047C0B258B19D2000210F
:101C88000DF0DCFB631E13F0FF04EED14FF0FF30C4
:101C980011B0F0BD9DF80F0011B0F0BD2DE9F84F5F
:101CA800714BD1F804900D469945804607690AD0D2
:101CB80003F1774303F54233F833994503D06B4B6F
:101CC800994540F0AD803E1D18222946304610F057
:101CD800E5FE0446002800F0A080654B1A68002A3B
:101CE80000F09E8000242889B5F80CC005E053F860
:101CF800182F0134002A00F0938059688142F6D1E8
:101D0800D9686145F3D19145F1D14FF0040BD8F86A
:101D180004A007E01BF0FF0B00F08D803F2000219E
:101D28000DF08CFB44215046FFF782FF00F00300C2
:101D380002280BF1FF3BEDD14FF0000B4D4B9945BD
:101D48007FD0494B994500F08480484B994540F035
:101D58008880032220215046FFF73EFF40EA0B0906
:101D68004FF01F0B06E01BF0FF0B67D03F20002150
:101D78000DF064FB44215046FFF75AFF00F00300C2
:101D880002280BF1FF3BEED13B4B4FF0040AA3FBBB
:101D980004235B0803EBC303E41A384BD8F8048028
:101DA8001C5D06E013F0FF0A42D03F2000210DF031
:101DB80045FB44214046FFF73BFF00F003000228A3
:101DC8000AF1FF33EED14FF0000B224621214046A5
:101DD800FFF702FF4FF00B0A044606E01AF0FF0A6D
:101DE80023D03F2000210DF029FB44214046FFF776
:101DF8001FFF00F0030002280AF1FF3AEED144EA7F
:101E08000B0454EA090408D10FCD0FC695E8030066
:101E180086E80300FB685B007B612046BDE8F88F1D
:101E28006FF085042046BDE8F88F4FF0FF34F4E7E3
:101E38004FF0FF3BC9E74FF0FF3B7FE74FF0FF391B
:101E4800A2E7012220215046FFF7C6FE40EA0B090F
:101E580086E7022220215046FFF7BEFE40EA0B0922
:101E68007EE76FF085098FE752474250595559561A
:101E7800A40500204A504547398EE33898050020CC
:101E88000346596B01483C310DF082BCD8900320C1
:101E98002DE9F843046959B394F8985015B1002016
:101EA800BDE8F8830123C4F8945004F1500684F87F
:101EB8009830EFF31187202383F31288BFF36F8FD5
:101EC80040F2AA384FF0000930460CF00FFE00220D
:101ED80000233046C4E91E89C4F8805027490CF015
:101EE80025FD87F31188BFF36F8F0020BDE8F883C5
:101EF80084F8981004F1500528460CF0F7FD0028E6
:101F0800CDD1636F0BB12846984704F168000BF0F8
:101F1800F5FD0028C3D0EFF31185202484F312883F
:101F2800BFF36F8F0CF08EFE85F31188BFF36F8FB0
:101F3800EFF3118384F31288BFF36F8FBBB9EFF30C
:101F48000582A2B90E488168406988420FD06FF0B7
:101F58000A030C48C1F88420C1F88830436843F06C
:101F68008053436082F31188BFF36F8F97E783F341
:101F78001188BFF36F8F0020BDE8F8834DED000096
:101F8800249B032000ED00E010B500690C462C30BE
:101F98000AF0A2F8002820600CBF6FF00A000020A9
:101FA80010BD00BF38B5046904F12C0506E0012214
:101FB800002328460AF090F8014618B9E06A00287C
:101FC800F5D138BD012204F11C000DF0DBFFF5E767
:101FD80008B5006901221C300DF0D4FF002008BDAF
:101FE8002DE9F04707468CB04FF0FF324FF0FF3332
:101FF80020380AF071F8002800F0A480BB6D05466F
:10200800002B48D0DFF8448157F83C3C2C691E6906
:102018005968D6F8943001229C4228BF1C4696F88D
:1020280090300592002B14BF0223012303930993D8
:10203800022307933C23ADF80430AB68CDE90A349A
:1020480001AB0293089302AB049308AB069351F8D3
:10205800040B836804AAD3F8009006ABC84750B9AC
:10206800D6F894301B1BC6F894306C6196F8903003
:102078000BB186F89000394635480DF089FB0122EE
:102088002946D8F80030A7F11000AB610CB0BDE8C4
:10209800F0470DF077BF57F83C3C80225E68072177
:1020A8003046D3F81080FFF797FD0322042130460D
:1020B800FFF792FD45213046FFF7BAFD46218146DC
:1020C8003046FFF7B5FD472182463046FFF7B0FDA1
:1020D80004463F20002124040DF0B0F944EA0A2404
:1020E8002B6944EA0904B4EB430FE3D3D8E904327B
:1020F80002FB03F301221749C8F894300B6088F8F3
:1021080090200BF03FFD4FEA401C4C01BCEB000C4B
:1021180044EAD06464EB01044FEA8C06A40030184A
:1021280044EA9C7441EB0401C90041EA507147F646
:1021380012220023C000FEF7BDFCDFF81080C8F8AB
:10214800000061E70CB0BDE8F08700BF1C9B0320CE
:10215800D8900320209B03202DE9F04F466804699E
:10216800336889B0002B7FD0DB685A78D1077BD5DC
:102178001B78002B78D1337E0546002B6BD1256068
:10218800002704F124036362A362E761276204F174
:102198003403B02239466363A363C548E762276303
:1021A80010F086FA3B464FF48052C249C0480DF001
:1021B800FFFCC14B0022C4E91C3704F16803C4E9E1
:1021C8001A330023C4E91177C4E91423BB4BC4F8BC
:1021D8008070C4F88440E7632364D5F81080D5F88C
:1021E800049098F89830002B47D1402248460721A0
:1021F800FFF7F2FC47F6122000210DF01FF92B69BA
:102208000027D5F80480009306E0B7F5807F30D02A
:102218003F2000210DF012F944214046FFF708FD48
:1022280000F00300022807F10107EED10023019313
:1022380040464021FFF7FCFC10F0870F5FFA80FC56
:1022480012D0ACF18103032B0ED8DFE813F00001A4
:10225800CB00BE005B00F36833B1DB685A78D20765
:1022680002D51B78002B8AD06FF0120009B0BDE8A8
:10227800F08F4FF0FF330193DAE788F8987008F190
:10228800500738460CF032FC0028AED1D8F874302C
:102298000BB13846984708F168000BF02FFC00286E
:1022A800A3D0EFF31188202787F31288BFF36F8F2D
:1022B8000CF0C8FC88F31188BFF36F8FEFF311831C
:1022C80087F31288BFF36F8F002B40F0EC80EFF399
:1022D8000582002A40F0E780794988684969814287
:1022E80000F0E1806FF00A037649C0F88420C0F856
:1022F80088304B6843F080534B6082F31188BFF3FA
:102308006F8F72E74FF0080B6F4FDFF8C081DFF86F
:10231800C0A1B8E80F000FC708EB0B0998E8030045
:1023280008F1200E07F1C80887E80300B9E80F0094
:10233800A8E80F0099E8030007F5D07788E80300BC
:10234800BEE80F000FC79EE8030087E80300009B64
:102358008AF808B0D3F888A0019B8AF81BC0002B24
:1023680070D141213046FFF763FC034603F03F0379
:1023780084F88C3042213046FFF75AFC034603F0BC
:102388000F0384F88D3043213046FFF751FC034694
:1023980003F01F0384F88E3049213046FFF748FCCC
:1023A80006466023C0224B492846039184F88F6073
:1023B80002A9CDE904330692FFF770FC002818BF84
:1023C8006FF0040009B0BDE8F08F3F4FDFF80881D7
:1023D8004FF0090BB8E80F00DFF8F4A00FC708F1B9
:1023E80008099BE7384FDFF8E480DFF8F0B0B8E879
:1023F8000F000FC798E8030008F1080908F1200E3C
:1024080007F1C80887E80300B9E80F00A8E80F003B
:1024180099E8030007F5D07788E80300BEE80F00C5
:102428000FC79EE803004FF00802DA46009B87E8D2
:102438000300C3F888B0264B8AF81BC01A72019BA8
:10244800002B8ED04FF0FF3009B0BDE8F08F1E4F43
:10245800DFF88C80DFF88CB0B8E80F000FC798E879
:10246800030008F1080908F1200E07F1C80887E8F9
:102478000300B9E80F00A8E80F0099E8030007F582
:10248800D07788E80300BEE80F000FC79EE8030076
:102498004FF00902009B87E80300C3F888B00C4B93
:1024A800DA461A7258E783F31188BFF36F8F9CE6F8
:1024B800D8900320A02C0520891E0000E91F0000E9
:1024C800249B032000ED00E064060020082E010094
:1024D8009805002052474250502E01007C050020EC
:1024E800C02D01006005002010B5074CB022002166
:1024F800204610F0DDF800234FF48062204603499F
:102508000DF056FB002010BD388D03206013052008
:10251800836800EBC102B3F5004F0AD20123528849
:10252800DA400132D21AB2FA82F2C2F11F02FFF780
:1025380005B852685208012A01D00223F1E7704712
:1025480030B4846800EBC102B4F5004F22D20125F3
:1025580053885B0801335B1BB3FA83F3C3F11F0392
:1025680000EB830CDCF81050D5B901259D40C368F9
:10257800B4F5004F43EA0503C360CCF810102CBF34
:10258800916091808368B3F5004F2CBFD160D180F2
:1025980030BC704753685B08012BF9D00225D9E796
:1025A800B4F5004F00EBC50C2BBFDCF80830BCF8C5
:1025B800043093609380846800EBC303B4F5004F44
:1025C8002CBFD560D5808268B2F5004F2CBFD9608A
:1025D800D9808368B3F5004F2CBFCCF80810ACF84D
:1025E800041030BC704700BFF8B583680446B3F5E3
:1025F800004F0D464FEAC10600EBC10714D37968B6
:1026080005EB510100EBC1035B68D80736D5A1592A
:10261800691A04EBC1035B68DB0714D52946204619
:10262800BDE8F840FFF78CBF798805EB510100EB56
:10263800C1035B88DA0721D5A15B691A04EBC103E2
:102648005B88DB07EAD42046FFF762FFA3682046D1
:10265800B3F5004F2CBFA159A15B2A46691AFEF7B2
:10266800DFFFA3682046B3F5004F2CBFA359A35B37
:10267800ED1A2946BDE8F840FFF762BF2046FFF78C
:1026880047FFA3682946B3F5004F2CBF7A687A88BC
:10269800204605EB5202FEF7C3FFA368B3F5004FCF
:1026A800B5D2A15B691A04EBC1035B88C9E700BF17
:1026B8002DE9F0418668B6F5004F34BF0B4601F1AD
:1026C800FF33B3FA83F3C3F11F0200EB82073D69BE
:1026D800A5B12C464FF0030CB6F5004F00EBC40E25
:1026E80017D3DEF80480B1EB580F21D9DEF80C407F
:1026F800BCF1010C3C6101D0A542EDD14FF0FF3493
:10270800C268C3F120039C4014400AD12046BDE8AA
:10271800F081BEF80280B1EB580F09D9BEF8064027
:10272800E6E794FAA4F2B2FA82F2131D50F82340B5
:102738002146FEF703FF2046BDE8F0812DE9F84366
:1027480001F1FF39076819EA01090E461446B8680D
:102758007ED0B0F5004F2CBF082204224B420B401C
:1027680093424E46994628BF1346002C00F09E809F
:10277800B0F5004F2CBF08250425F31A04F0070113
:10278800073103F007020A44E1082A4401EBD301A8
:1027980001EBD201814228BF01463846FFF788FF86
:1027A8008046002800F08280BB6809EBC005B3F5BD
:1027B800004F34BF0422082215443D4406F1FF327D
:1027C8001544B5FBF6F534BF6FF003016FF0070150
:1027D80006FB05F5A5EB09052C4407342944C91B5C
:1027E80024F00704E41BB0EBD10F4FEAE4044FEAEE
:1027F800D1061ED3B3F5004F07EBC6080CD2B8F8C4
:10280800023006EB5302944254D343F00103A8F874
:1028180002302846BDE8F883D8F8043006EB5302A6
:10282800944247D343F00103C8F804302846BDE872
:10283800F883414632463846FEF7B8FE4146FFF770
:102848007FFEBB6807EBC608B3F5004FD7D3E3E7B5
:10285800B0F5004F2CBF08230423994285D82AB32A
:1028680002F0070207321344E40804EBD30484425D
:1028780028BF044638462146FFF71AFFB0B1BB68A7
:10288800C500B3F5004F07EBC00625D27388B4EB3B
:10289800530F29D343F001037380BB68B3F5004F8E
:1028A80034BF042308231D443D44B2E700252846CD
:1028B800BDE8F883314622463846FEF777FE2146C2
:1028C800FFF73EFEBB68B3F5004F02D3D8F80430DB
:1028D800A8E7B8F8023098E77368B4EB530F03D34E
:1028E80043F001037360D8E70444014622463846A2
:1028F800FEF75CFE2146FFF723FEBB68B3F5004FE9
:1029080001D27388C6E77368EAE700BF0E4605463A
:10291800114680B51A4610F0D1F804460E4FDFF87C
:102928003C80BB68304644F80830A84754F8080093
:10293800BB68984201D00CF0CDFDEFF30583002B66
:10294800F9D0074B5A6842F080525A605A6A22F40A
:1029580000425A62EFE700BF249B032008000000F2
:1029680000ED00E0EFF30583EFF31183202383F3F9
:102978001288BFF36F8FEFF3118283F31288BFF3CE
:102988006F8FFEE72DE9F041002705468846164679
:1029980007E0414622460FF07EFE361B2744A0443E
:1029A80027D0EC696B696A6823449B1AB34228BF35
:1029B8003346E8682968101A844298BF001B241A15
:1029C8009C4228BF1C46224408446A60002CE0D17F
:1029D800AB68D21A974209D8EA683B44E9696B6048
:1029E800AB609B1A8B4224BF5218EA603846BDE898
:1029F800F0816A68ECE700BF38B5034610F05EF86E
:102A08000E4C0F4DD4F890402858844201D0002035
:102A180038BD1C69EFF31185202383F31288BFF3B7
:102A28006F8FE06BFFF7AEFF85F31188BFF36F8FF1
:102A38000028EDD0012384F8413038BD388D0320BB
:102A4800080000002DE9F04105464FF000080F4648
:102A58001646006909E0A0442FB1384622460FF017
:102A68001AFE28692744361B14D0D5E90634AA680B
:102A7800C31A121AB24228BF3246A34228BF1B1BF0
:102A8800E41A944228BF144629682044194428614E
:102A9800002CE0D16B69C01A804509D8AA69434463
:102AA800E9692B616B619B1A8B4224BF5218AA619A
:102AB8004046BDE8F08100BF38B503460FF0FEFF81
:102AC800094C0A4DD4F890402858844201D000207F
:102AD80038BD1C69606BFFF7B5FF0028F8D00123EB
:102AE80084F8393038BD00BF388D03200800000055
:102AF80010B50469606B026983689A420AD00122A2
:102B0800FFF7A0FF30B104F1780104480CF040FE53
:102B1800002010BD4FF0FF3010BD00BF388D0320DE
:102B280010B503691C694B78212B07D00FF0C6FF3D
:102B38006FF085020E4B1A50002010BD82B1CB8871
:102B4800B2F810C0072B28BF0723D068211D6044A6
:102B58009C44A2F810C01A460FF09DFD002010BD3D
:102B68000FF0ACFF6FF00B02014B1A50002010BDA4
:102B78000C000000F0B50446866885B0F36B0D467E
:102B8800076998472369A033D3E8AF3F98076DD505
:102B98002A7ED4F810C002F00F03110648BF103384
:102BA8005CF8231000295ED00B7DD8075BD553064F
:102BB8000AD02A4620467368984705462046336C53
:102BC8009847284605B0F0BD97F8B030002BF0D0F4
:102BD8006B7ED8072BD597F8B130DBB900230622D6
:102BE80087F8B0308DF80420CDE90254226902F14B
:102BF800A001D1E8AF1FC90738D5AB77EB7785F8C7
:102C0800203085F821302046D2F8983001A998471D
:102C18000546D3E72A8AEB6802F108012982D7F82A
:102C2800A800D7F8AC10985013445960D6E706238B
:102C3800CDE902548DF804300CF1A003D3E8AF3F7E
:102C4800DB0713D54FF0FF336FF06702EB77AA77F6
:102C580085F8203085F821302046DCF8983001A925
:102C680098470546AAE76FF01205A7E74FF0FF352A
:102C7800A4E700BF0B7E5A062ED11A0602D480693B
:102C8800FFF778BF90F86C20530728D430B412F0BF
:102C9800600F056F0C8AC2F341131BD0A3F1010327
:102CA800B3FA83F35B099B0184B1B0F82EC02246C6
:102CB800644528BF6246944508D9B2FBF3F403FB88
:102CC80014221AB94B7E43F008034B76806930BC56
:102CD800FFF750BFEB79E7E76FF0150070474FF04B
:102CE800FF3070478000172840F246812DE9F04FE9
:102CF800884689B0002900F04281CF890B898A8AE9
:102D08008E8903FB02FB07FB06FA0797002E00F0EB
:102D18002F8100221C460692BDF8185098F816908C
:102D28002846FDF787FC98F8173002900193B9F10F
:102D3800000F00F0D180012E00F00881601EFDF721
:102D480079FC0446701EFDF775FC01462046FDF728
:102D580079FD019B04460298002B40F0EB8000218E
:102D6800FDF7B4FB2146FDF7B9FC0EF007FFFDF7B0
:102D78007BFE0246002F00F0A680079B002603FB7F
:102D880005F303933B464F469946B8F81250049210
:102D9800B4B22046FDF74EFCB8F80A300290002F76
:102DA80040D0B9F1010F7AD0581EFDF743FC074611
:102DB80009F1FF30FDF73EFC01463846FDF742FDBC
:102DC800019B07460298002B5DD10021FDF77EFB91
:102DD8003946FDF783FC0EF0D1FEFDF745FE039B57
:102DE8000499E218B8F8143001FB030000217DB102
:102DF800D8F8003001311C56D8F8043058449C5497
:102E0800B8F812508BB29D425244F1D8B8F80E90DF
:102E18000136B3B2994553D998F8173098F8167017
:102E28000193B5E718460593FDF704FC07464846A5
:102E3800FDF700FC01463846FDF704FD019A0746F8
:102E4800059B8AB14FF07C5102980193FDF73EFB38
:102E58003946FDF743FCFDF707FE019B834200DC82
:102E6800581E20EAE070BAE7002102980193FDF7A6
:102E78002DFB3946FDF732FCFDF7F6FD019B834239
:102E8800ADDC581EABE74FF07C51FDF71FFB394610
:102E9800FDF724FC0EF072FEFDF7E6FDE1E71846AB
:102EA800FDF7C8FB019B07460298002BEBD10021D8
:102EB800FDF70CFB3946FDF711FCFDF7D5FD8EE754
:102EC8004F46B8F80C60069B013306939BB29E42AE
:102ED8004ED9B8F808401FE72046FDF7ABFB03467C
:102EE80030460393FDF7A6FB01460398FDF7AAFCBD
:102EF800019B03907BB14FF07C510298FDF7E6FAF5
:102F08000399FDF7EBFBFDF7AFFD844200DC601E83
:102F180020EAE0722EE700210298FDF7D7FA03991C
:102F2800FDF7DCFBFDF7A0FD844202463FF722AF28
:102F3800621E1FE74FF07C51FDF7C8FA2146FDF7E6
:102F4800CDFB0EF01BFEFDF78FFDE1E72046FDF7F8
:102F580071FB019B04460298002BEBD10021FDF781
:102F6800B5FA2146FDF7BAFBFDF77EFD024601E7FB
:102F7800002009B0BDE8F08F4FF0FF3070474FF0E8
:102F8800FF30F6E70EF080BA03691B698833D3E88F
:102F9800EF1F41F00201C3E8E21F002AF7D1704792
:102FA800016901F18803D3E8EF0F40F00800C3E896
:102FB800E20F002AF7D1CA6B5369D06952680344FB
:102FC8009A4200D17047024824310CF0E1BB00BF9F
:102FD800388D032038B5056905F18804D4E8EF3F3A
:102FE80043F00403C4E8E23F002AF7D16B6B1A6987
:102FF8009B689A4204D0084805F124010CF0C8FBEC
:10300800D4E8AF3FDB0600D538BD05F178010248AA
:10301800BDE838400CF0BCBB388D03200FF0F5B983
:103028002DE9F04F884F83B03E78032E00F2CA8016
:1030380068460AF0D7FF0028C0F2C4800124834BF9
:103048009DF800101A6826448C4014433E701C609A
:1030580001210F467E4E94FAA4F3B3FA83F39A0043
:1030680002F5807207FA03F302F1A04024EA030490
:1030780000F5622039B19359002B32DA6FF0150050
:1030880003B0BDE8F08F294608F010FE0021002C9F
:10309800E1D1704AAB0E116805F01F02086850F8BC
:1030A800331000EBC30006790B68DC68AEB100236F
:1030B8000127023303EB83011F2A25FA01F104D00B
:1030C80007FA02F2C4F804250679046801F01F0221
:1030D80054F82310B342CC68EBD3002003B0BDE80A
:1030E800F08F5D4BD3F88030002BC7DBDFF864C16D
:1030F800DCF800305B681B689B68EFF311852022C1
:1031080082F31288BFF36F8F93F80480B8F1000F31
:1031180000F09480D3F800900022A9F1040101E0A6
:10312800424555D051F804EF0132DEF804E0DEF8EC
:1031380000E0BEF1000FF3D16FF00B0285F31188A8
:10314800BFF36F8F002A76D1DCF8002093F804E0F3
:1031580015685D1BED08AD0645F00075BEF1000F62
:1031680028D00022EC46196802EB820851F8229018
:103178001CF8011B99F800A001FA08F8BAF1010F30
:1031880002F1010245EA080512D1D9E902A99CF821
:1031980000801CF802EC01F1200B4EF0004E48F0C4
:1031A8000048603149F82B804AF821E093F804E0A0
:1031B8009645D8D8294608F079FD2946264808F0CA
:1031C80075FD63E7214B1C68002C7FF441AF60E775
:1031D800D9F800204FF0010ED2F80480D8F800206A
:1031E800B2FA82F1C1F11F018DF800100EFA01F157
:1031F80022EA0102C8F800201A7972451ED97246DF
:10320800E846F146196851F822100132D1F804A0B5
:10321800DAF800E0BEFA8EF1C1F11F0108F8011FCB
:1032280009FA01F12EEA0101CAF8001019798A4257
:10323800E8D3002282E76FF00B0021E785F31188BD
:10324800BFF36F8F80E700BF58130520149B03203E
:1032580080200E50AC9A032000E004502DE9F04184
:103268000B7882B0062B2FD0EFF31187202686F338
:103278001288BFF36F8F394C226AE3689A421AD2D8
:10328800D4F80080A04502D0B8F1000F35D1A2686B
:10329800E0690FF000FAE369A16862690B449342A0
:1032A800E36108BF23694FF0000008BFE361236AA8
:1032B8000133236201E06FF0220087F31188BFF326
:1032C8006F8F02B0BDE8F0810369D3F89C20EFF35B
:1032D8001184202383F31288BFF36F8F00204B687B
:1032E8001860506A30B10360536284F31188BFF3E9
:1032F8006F8FB9E713625362F7E7D8E900321360BA
:103308005A6098F80D30002523F00203002288F84F
:103318000D30002308F11800C8E90023C8F8085048
:1033280001910BF0E3FB0199A268D8F810000FF0A7
:10333800B2F9C8F88850EFF3118486F31288BFF306
:103348006F8F40460BF07EFC84F31188BFF36F8FBC
:1033580038460CF0B7FA2846B3E700BF000B002048
:10336800C36983B370B5EFF3118E4FF0200C8CF363
:103378001288BFF36F8F184CE3682BB3A5691E68DA
:103388000135E660A5618EF31188BFF36F8F586031
:103398001972DA60EFF311848CF31288BFF36F8F20
:1033A80000200E4A1860516899B10B60536084F38D
:1033B8001188BFF36F8F0022BDE8704000230849D1
:1033C80008480CF04BBA70478EF31188BFF36F8F23
:1033D80070BD1360EAE700BF580A0020A49A0320D2
:1033E800A00000202890032070B50069056905F148
:1033F8008804D4E8EF3F43F00103C4E8E23F002A21
:10340800F7D1D4E8AF3F5A0712D4EB6B1A699B681F
:103418009A4208D005F148010022BDE87040002317
:1034280008480CF01BBAD4E8AF3F1B0703D470BDA3
:10343800FFF7D0FDE9E705F124010248BDE8704037
:103448000CF0A6B9388D032070B54C780569202C8E
:103458004668286940D0222C41D14B88C3F34002EA
:10346800838103F0010302764376F369002B31D0A0
:10347800EFF31184202080F31288BFF36F8F3D4A49
:10348800D368002B67D09169D3F800C00131C2F826
:103498000CC0916184F31188BFF36F8F09225E60BD
:1034A800DD601A72EFF3118480F31288BFF36F8F17
:1034B8000020314A18605168002956D00B605360CB
:1034C80084F31188BFF36F8F002200232B492C4807
:1034D8000CF0C4F9002070BDCB88072B07D00FF083
:1034E800EDFA6FF08502274B1A50002070BDD368A3
:1034F8001A6842609A889B7902818372FEF7CCF938
:10350800F369002BE6D0EFF3118084F31288BFF340
:103518006F8F184AD3681BB39169D3F800C0013183
:10352800C2F80CC0916180F31188BFF36F8F082235
:103538005E60DD601A72EFF3118584F31288BFF3C1
:103548006F8F00200C4A1860516881B10B6053607E
:1035580085F31188B6E784F31188BFF36F8FB9E755
:1035680080F31188BFF36F8FB4E71360A7E7136088
:10357800EDE700BF580A0020A49A0320A00000200D
:10358800289003200C00000038B550F8242C50F87F
:10359800083C52681268002B2ED00023044600F124
:1035A800640583828383D5E8AF3F5B072FD554E951
:1035B800023110699847637DFBB9D5E8AF3F99069A
:1035C80006D4637F002B36D114F8093C002B32D186
:1035D800D5E8AF3F5A0704D523691A699B689A4210
:1035E8001AD1D5E8AF3F1B0706D5A2695369D1693F
:1035F80052680B449A4218D138BD04F1540114485A
:103608000CF0C6F8D5E8AF3F9906E1D4D9E7D5E87C
:10361800AF3F1807CBD4CEE721460D480CF0B8F8D9
:10362800D5E8AF3F1B07E7D5DFE72146BDE83840BF
:1036380007480CF0ADB80022002304F12401044827
:103648000CF00CF9D5E8AF3F5A07CAD5C4E700BF5C
:10365800388D032070B582B0202604698DF80710D4
:1036680008E0EFF3058303BBA37EF3B1202000211C
:103678000BF0E4FEEFF3118586F31288BFF36F8F2A
:103688000122E06B0DF10701FFF77CF985F3118842
:10369800BFF36F8F0128E4D12022002304F14801F1
:1036A80007480CF0DBF802B070BD0122054BD3E8E7
:1036B800EF1F0029F0D1C3E8E02F0028ECD0F6E78F
:1036C800388D0320A09A032030B587B000246FF00E
:1036D80007054FF48062CDE90354CDE90144174B47
:1036E8001749009417480AF061FD16480CF040FA93
:1036F800154B164883420CD2214603F11402D2E836
:10370800EF4FC2E8EC1FBCF1000FF8D11833834229
:10371800F3D30F4B0F498B420CD2002003F1140254
:10372800D2E8EF4FC2E8EC0FBCF1000FF8D1183324
:103738008B42F3D3002007B030BD00BFC556000050
:1037480060170520E88D0320340C00204C0C002065
:103758004C0C0020640C00202DE9F043064683B091
:10376800EFF31181202383F31288BFF36F8F4C4D41
:103778002A6881F31188BFF36F8F526892F86C2022
:10378800D10737D5EFF3118283F31288BFF36F8F18
:103798002C68002C53D0696823688C422B6008BFC2
:1037A8006B6082F31188BFF36F8F606804F10801C2
:1037B800C3699847EFF311894FF0200888F31288FE
:1037C800BFF36F8F374BDF68002F3DD027609A69B2
:1037D800DC60013A9A6189F31188BFF36F8F2B6817
:1037E8002BB30022002331462F4803B0BDE8F04335
:1037F8000CF034B8EFF3118583F31288BFF36F8FA1
:10380800C26800F1100422F008031207C36011D443
:10381800254A43F00803F360B262204620220023C1
:1038280022490BF083F885F31188BFF36F8F03B03B
:10383800BDE8F08320460BF059F9F368E8E782F316
:103848001188BFF36F8FCAE719689942BED0002963
:10385800BCD0D1E9003213605A604B7B002223F0C0
:1038680002034B7300238F60C1E9002301F11800A4
:1038780001910BF03BF90199C1F888700C61EFF3E5
:10388800118488F31288BFF36F8F08460BF0DAF9BA
:1038980084F31188BFF36F8F48460CF013F89EE746
:1038A800A49A0320580A00202890032019F8000041
:1038B80003691B698833D3E8EF2F22F00102C3E8BC
:1038C800E12F0029F7D1D3E8EF1F21F00201C3E867
:1038D800E21F002AF7D1704703691B698833D3E8D0
:1038E800EF1F21F00201C3E8E21F002AF7D1704759
:1038F80003698833D3E8EF1F21F00801C3E8E21F0A
:10390800002AF7D1704700BF03698833D3E8EF1F57
:1039180021F00401C3E8E21F002AF7D1704700BF75
:10392800F8B5144687680546FB6B0E46984721464E
:103938000022002305480CF095FB044600B10676EA
:1039480028463B6C98472046F8BD00BF940B0020E2
:1039580038B50C46817A094D01EBC10105EB8105AB
:10396800E9694868216801F1030C2CF00301216022
:103978000BF078FB00B138BD206038BD700B00201B
:10398800837A044A03EBC30302EB8302D3695868C2
:1039980008F0F0B9700B002010B50446006808F074
:1039A8008FF820B12046BDE810400AF0E3BC6FF064
:1039B800120010BD2DE9F84F064608469046994674
:1039C800FCF734FE0446012000FA08F0FCF72EFE4E
:1039D80001462046FCF736FF00254FF0000A4FF05D
:1039E8007E578046043E14E018460EF0EBF8394640
:1039F800FCF76CFD01463846FCF724FF46F8040F37
:103A080020460EF0DFF80135B5F5807FC6F80004D2
:103A18001BD068B2A0EB0900FCF70CFE4146FCF78E
:103A28005DFE51460446FDF70BF804F100430028FB
:103A3800DAD120460EF0C6F839468346FCF746FD33
:103A480001465846FCF7FEFED8E7BDE8F88F00BFF0
:103A58002DE9F047A1B106460D460024104FDFF8C6
:103A68004480DFF844A0DFF84490D7E8AF0F2A1B62
:103A7800311948B14046FEF785FF0444A54205D8F0
:103A88000948FFF78DFA0120BDE8F0875046FFF797
:103A980087FA40F23912002348460BF08FFAE4E720
:103AA800449B032088910320242C0100480B00200C
:103AB800E1B100688368B3F5004F0BD20439091AE5
:103AC80021F0070303445A88C90822F001025A80EA
:103AD800FEF78ABD0839091A21F0070303445A681A
:103AE800C90822F001025A60FEF77EBD704700BF88
:103AF800B2F5802FF8B52CBF08240424151B0D44FB
:103B0800073121F0070425F007052D1BEF08B5F54F
:103B1800802F34BF3A4607F1FF32B2FA82F200230F
:103B2800C2F12406B6000736C2F120020460F60886
:103B38000021C4E90273920004F110000EF0B8FDF0
:103B48007300BA1BB5F5802F4FEA420004EBC6019B
:103B580043F001032AD36360002323604860A3680D
:103B6800B3F5004F2CBF44F8366024F83660A168DE
:103B78006319B1F5004F4FF000012CBF596059800F
:103B8800A368B3F5004F2CBF62516253A26804EBDF
:103B9800C703B2F5004F0ED35A68314642F001020E
:103BA8005A602046BDE8F840FEF7CABC638000238F
:103BB80023804880D3E75A88314642F001025A8070
:103BC8002046BDE8F840FEF7BBBC00BF08B5054974
:103BD800054A21F007010548521AFFF789FF00201E
:103BE80008BD00BFF78E052000FC0720BC9A032003
:103BF8002DE9F84FB0F818C005461CF0080940F048
:103C08000F810CF00700034602299BB211D06E69A0
:103C1800002EC0F2F180591F01291F4640F2CD80C5
:103C2800042B00F023819842964657D04FF00008A5
:103C380017E0002B40F084802968002900F0848078
:103C48002CF0070C29694CF0060C1FFA8CFC06288E
:103C5800D1F800809646A5F818C000F08C801E4662
:103C68000627AB680024002B00F085804CF0080C78
:103C7800A5F818C082F31188BFF36F8FA968B1B196
:103C8800D1F800A03A465346A2461C462846334679
:103C9800D1F804B0D8474CB12146246833463A4697
:103CA8002846D1F804B0D847002CF5D1544644BB77
:103CB800B8F1000F02D028467949C047EFF3118EBA
:103CC800202383F31288BFF36F8F7246B5F818C0AC
:103CD8002CF0080C1FFA8CFCA5F818C01CF0100F6B
:103CE80025D001212CF0100C1FFA8CFC0CF00703D6
:103CF8001846A5F818C087E7C4F808905446002C61
:103D0800D6D0A268D4F800A002F00302032AE66025
:103D1800F2D1D4F804B0C4F80890BBF1000FEDD08C
:103D2800214633463A462846D8475446E7E71CF02A
:103D3800200F0AD02CF0200C02211FFA8CFCD5E7AA
:103D4800022B24D16E8B36B196468EF31188BFF3C1
:103D58006F8FBDE8F88F2CF0070C2B694CF0040C22
:103D68001FFA8CFC0428D3F804809646A5F818C0DE
:103D780001D0042775E7B8F1000FAFD04CF0080C5C
:103D8800A5F818C082F31188BFF36F8F93E7012B52
:103D9800DAD12B68002BD7D02CF0070C2B694CF00C
:103DA800050C1FFA8CFC0528D3F808809646A5F860
:103DB80018C0E0D00527002653E700272CF0070C91
:103DC800062B2C681FFA8CFC6F602F6037D0B84226
:103DD8009646A5F818C01DD1002C3FF47FAF4CF0D3
:103DE800080CA5F818C082F31188BFF36F8F4FF045
:103DF8000008002C85D15BE7002301272CF0070C75
:103E08004CF0010C2C68A5F818C02B606B60B84208
:103E18009646E1D0AB68002BDED04FF0000825E7CE
:103E280001290CBF4CF0100C4CF0200C9646A0F861
:103E380018C08EF31188BFF36F8FBDE8F88F3CB1BF
:103E480021466B8B01339BB26B8309680029F9D13A
:103E5800698B4CF002032B8311B19C460227D6E7ED
:103E68004CF0220C0227A5F818C0D0E72CF0070C5C
:103E78002F681FFA8CFCA5F818C057B14CF0200C1D
:103E88009646A5F818C000283FF428AF0027B84682
:103E9800E7E6964600283FF421AFB846E1E600BFC2
:103EA800AD3E000010B40C46EFF31182202181F3DF
:103EB8001288BFF36F8F0121446110BCFFF798BED1
:103EC80010B5EFF31182202181F31288BFF36F8FB1
:103ED800048B04F00704022C0AD0012C0CBF6FF0ED
:103EE80004006FF0850082F31188BFF36F8F10BD57
:103EF800418B013989B2418309B12046F3E7214654
:103F0800FFF776FE204610BD704700BFEFF3118023
:103F1800202383F31288BFF36F8F08498B6833B16E
:103F2800013B8B6080F31188BFF36F8F70474FF0B0
:103F3800FF324FF0FF330AF0DDBF00BF380B00201F
:103F480001480BF0E1BC00BF380B00200FB482B071
:103F580003AB019302B004B0704700BFEFF31180C8
:103F6800202383F31288BFF36F8F704780F3118883
:103F7800BFF36F8F704700BF164A1749D2F8003455
:103F880023F00103C2F800340B68202B0BD0012268
:103F9800124902FA03F3D1E8EF2F1A43C1E8E02FE0
:103FA8000028F8D17047EFF3118183F31288BFF32B
:103FB8006F8F0B4A1368013B136033B9094AD2F873
:103FC800183523F00303C2F8183581F31188BFF3BD
:103FD8006F8F704700600550189B0320149B0320C7
:103FE800109B032000E0045070B50C4605460EF007
:103FF80004F8FFF7C1FF28462346BDE870400021BA
:10400800184700BF014902480BF0C2BB009B0320C0
:104018002890032030B50EF051FD144D144C2B5848
:10402800226885B09A421ED0226822B1114AD2F87D
:104038009020934217D00023012269460E4803932B
:10404800019302920AF022F9029B9B07FCD1039B81
:104058004FF0FF334FF0FF3208480AF0AFFF0EF081
:104068002DFD2B582360012005B030BD080000004D
:10407800FC9A032028900320E09A0320280B0020B4
:1040880008B50B48FFF71CFF0EF0CCF930B9094B07
:1040980018600948BDE808400BF036BC074A054BD4
:1040A800D2F890201A60BDE808400EF0D3B900BFDE
:1040B800E09A0320FC9A0320280B00202890032074
:1040C800002208B5114B1A60EFF31182202383F305
:1040D8001288BFF36F8F0E48018B01F00701022988
:1040E80004D1438B013B9BB2438343B182F31188D4
:1040F800BFF36F8FBDE8084006480BF005BCFFF71B
:1041080077FDBDE8084003480BF0FEBBFC9A03208E
:10411800E09A0320280B00200368012B01D1EFF35C
:104128000583EFF31183202383F31288BFF36F8F86
:10413800EFF3118283F31288BFF36F8FFEE700BF9E
:1041480008B50DF0BFF8054B5A699B689A4204D030
:10415800034A536843F08053536008BD249B0320EF
:1041680000ED00E070B5614B4FF0000C5B688AB061
:10417800C3F308038CF31188BFF36F8F02F07F44F9
:10418800B4F17F4F40F0878002F00C04082C00F057
:104198008280120747BF0C46654604460125002267
:1041A800033B8DF80720032B00F28280DFE803F041
:1041B80042392D0209F050FF064620686168A2685E
:1041C800E3680DF1080CACE80F0020696169A26989
:1041D800E369ACE80F00002D60D0C3F3080240F299
:1041E800FF11002A61D0012E01D1EFF30583EFF30F
:1041F8001183202383F31288BFF36F8FEFF31182AB
:1042080083F31288BFF36F8FFEE700200DF10701DB
:1042180009F054FF06469DF80730002BCDD00AB0B0
:1042280070BD00200DF1070109F080FF9DF80730EF
:104238000646F2E72D4BDE6A16F0020638D1DA6A36
:10424800002ABADBDE6A16F08046B6D05A69A16940
:1042580042F480725A61BFF34F8FBFF36F8F5A6970
:1042680031F8021C22F480725A61BFF34F8FBFF3FA
:104278006F8F4DF6027291421CD09A6AD2B2EAB997
:104288009E6A16F47F4628D19B6AB3F5803F1ED2FA
:104298009DF80730C1E76546644680E7099B23F42B
:1042A800FF7323F0010309939DE70B4309939AE7F2
:1042B800002682E726689DF80730AEE701200DF159
:1042C800070109F033FF9DF807300646A5E709F016
:1042D800C3FE9DF8073006469FE701200DF1070150
:1042E80009F0ECFE9DF80730064696E700ED00E081
:1042F80072B6002383F31388154AD2F8900010F49D
:104308007F4FC0F3072107D01846C2F89830013311
:104318009942C2F8A000F8D100234FF0FF300D49B0
:1043280003F120020133102B41F82200F8D10023B9
:104338004FF0FF30074903F160020133102B41F8B9
:104348002200F8D162B6BFF34F8FBFF36F8F70476B
:1043580000ED00E000E100E02DE98048C24AC34BCF
:1043680022F07F0287B09A60BFF34F8FBFF36F8F41
:10437800D3F88840BE48BF4A24F47004C3F8884084
:104388000021121A0EF094F9BB48BC4ABC49121A13
:104398000EF081F9BB48BC4ABC49121A0EF07BF9F1
:1043A80000232020BA49CA180133B3F5917F82F857
:1043B8000003F8D1002007F0AFFCB64B03F5006509
:1043C80085F3088883F30A880020E02210244FF040
:1043D800FF31A64B83F82220D8771876587698763E
:1043E80083F820005A6A42F4E0225A6283F82300D4
:1043F8005A6922435A615A6942F480625A615A6979
:1044080022F008025A611C619962D962D3F890209F
:10441800120A12F0FE0F00F0B581BFF35F8F9E4ABB
:10442800C3F894004FF0060EC3F8C02001270222FB
:104438009A49DFF86CC29B4C9B4EC3F89800C3F8AE
:104448009CE0C3F8A0C0C3F89870C3F89C40C3F8B8
:10445800A0103270D3F89010C1F3072191420AD905
:10446800C3F89820C3F8A000D3F890100132C1F324
:1044780007218A42F4DB05227C4BC3F89420BFF362
:104488004F8FBFF36F8F894A307857680446DFF83B
:10449800208227B11F2F00F2A1806FF01504854BF1
:1044A8003470984530D043E800F3DA03D9B240F1CC
:1044B8005581814B43E800F3DAB2DB0340F14E81CA
:1044C800914240F04B8132787C4B914219601BDA63
:1044D800664AC2F89810C2F89810D2F89C10187B57
:1044E80061F30400D2F8A01018734908C0B261F350
:1044F8004710D2F89C10D2F8A02021F01F0122F01A
:104508001F02187359601A614FF00108002640F223
:1045180001126B4B6B4C40466B4FA3601E679A8130
:104528005E67DE67DFF8A49107F0F6FB022007F06C
:10453800F3FB04F11803CDE90368CDE901660096A1
:104548004FF40062C4E9063338464B466049676158
:1045580009F02CFE7B7B824623F004037B73EFF388
:10456800118B202383F31288BFF36F8F38460AF02C
:1045780069FB8BF31188BFF36F8F0F23CDF8108081
:10458800DFF8508103934FF4A0724046CDE90166ED
:10459800514B5249009409F009FE98F80D30504AE1
:1045A800D7F8801023F0040388F80D30267465606E
:1045B800C4E902783B6F116083F30B884C468AF399
:1045C80009880020034B9847204600210022002339
:1045D800014C2047B547000015290000F9067FF473
:1045E8005CAF1268D3067FF458AF42E800F15FFA77
:1045F80081FAC9037FF551AF174407F1FF3B4BE838
:1046080000F3D9B2DB037FF548AF51457FF445AFDE
:1046180050457FF742AF154BC3F898A0D3F89C10CC
:10462800C3F898A0D3F8A09021F01F03934249F053
:104638001F0900F09880531ED94523F01F0351D15C
:104648000A49C1F898A0D1F8A02002F01F0213432C
:10465800C1F8A0301549FDF72DF810F1160F0446E2
:104668003FF41BAF01341AE70000000000ED00E042
:10467800680C00206013052000000020640C002056
:10468800E02005000000002000000020E0200500D8
:1046980000E100E0A0240520AAFF4400E3FB072076
:1046A800E14F1E0001000020591305202C350100A0
:1046B80000FC0720680C0020FFFB0720C89A032095
:1046C800988F0320249B0320088F032025D3000004
:1046D800A01C0520788E0320A1830000601B052004
:1046E800DC9A03202B4C2C49C4F898A0D4F8A020BD
:1046F80002F01F021343C4F8A030FCF7DBFF10F1EF
:10470800160F03463FF4C9AEC4F898A00133D4F895
:104718009C00D9B2D4F8A030D4F890C027F01F0775
:1047280009F1FF32CCF3072C3A440CF1FF3CA2EB21
:104738000B02614522F01F023FF6AFAE03F00E03F5
:10474800134300F01F023A4343F00103C4F89810E2
:10475800C4F89C20C4F8A0304C1CA0E66FF01502E9
:104768000E4B1A60D0E6D9450ED00A4A27F01F072B
:10477800C2F898A0D2F89C3003F01F033B43C2F85C
:104788009C3067E7064E7EE650460349FCF792FFE9
:1047980085E600BF00ED00E02C350100C89A032033
:1047A80059130520036F83F30B88704761B662B60F
:1047B80080F31188BFF36F8F704700BF002831D096
:1047C800F0B504460026184D83B02046027A646886
:1047D800531EDBB26AB103725BB9877AC36007EB19
:1047E800C702436005EB82039A6922B19047002C07
:1047F800EBD103B0F0BD416949B1427AD20705D483
:10480800DB6901901B689B6898470198466107EB34
:10481800C7070146002205EB87000BF0B3FB002C0D
:10482800D3D1E6E7704700BF700B002038B50022EF
:10483800054680218069FFF773F898B10446437EE6
:10484800014623F0070343F0040328466376FEF786
:1048580011FA054608B9284638BD2046FFF7AEFFCD
:10486800284638BD6FF00B05284638BDF8B50D460B
:10487800D0F810C04668DCF8043096F86C1004468E
:10488800DCF810709868C1F341112B7E002A4ED1D4
:10489800012962D090F83D209A4262D090F83620E3
:1048A8009A4213D0DCF80420926892F826209A42A3
:1048B80038D0B469A6682046F36B98472846FFF7B6
:1048C8007DFF2046336C98470020F8BDFB6923B173
:1048D8005B4807F124010AF05BFF07F18803D3E87E
:1048E800EF1F21F02001C3E8E21F002AF7D1FB6B7C
:1048F8001A699B689A4206D000220023504807F1A3
:1049080048010AF0ABFF6168226991F86C1052689F
:10491800C1F3411101292B7E9268C6D192F8442037
:104928009A42C6D107F18C000AF0EEFFC1E70129CF
:1049380049D090F83D209A4269D090F836209A42A2
:104948004FD0DCF80420926892F826209A42B0D121
:1049580007F18C000BF0BCF8ABE790F852209A42B4
:1049680029D12A8AE968786BFEF70CF830B1FB691F
:1049780023B1334807F124010AF00AFF07F188033D
:10498800D3E8EF1F21F01001C3E8E21F002AF7D196
:1049980007F178012A480AF0FBFE6268D4F810C0D3
:1049A80092F86C20DCF80410C2F34112012A2B7E25
:1049B80088687FF473AF90F84B209A4286D0DCF871
:1049C80004209268AAE790F852209A421FD090F8E3
:1049D8004B209A4205D0DCF80420926892F84420D3
:1049E800B4E707F18803D3E8EF1F21F02001C3E8FB
:1049F800E21F002AF7D16168226991F86C105268A9
:104A0800C1F3411101292B7E92689DD1E6E707F198
:104A18008803D3E8EF1F21F01001C3E8E21F002A42
:104A2800F7D16268D4F810C092F86C20DCF8041052
:104A3800C2F34112012A2B7E88687FF47EAFC6E755
:104A4800388D03202DE9F04750F8483C00F1400527
:104A58005B681E68D5E8AF3FDC0701D4BDE8F08786
:104A68000446D5E8AF3F9807C3F34008F6D4D5E825
:104A7800EF3F43F02002C5E8E12F0029F7D199065E
:104A8800ECD4336932485B689A68736893F86C3081
:104A9800C3F34113012BC3690CBF92F84B9092F8F2
:104AA80036909968002200230BF0DCFA074630B3F1
:104AB80080F81890428AC16854F80C0CFDF7C2FFC0
:104AC8003B8A03443B8278BB04F82D8C97F9182065
:104AD8007368002A23DBC7F81A6039469869FEF71D
:104AE80049F80028BAD03846FFF768FED5E8EF3F06
:104AF80023F02003C5E8E23F002AAFD0F6E7D5E867
:104B0800EF3F23F02003C5E8E23F002AF7D1214612
:104B1800BDE8F047202200230E480AF09FBE93F814
:104B28006C205207D7D5DEE7736893F86C30C3F36F
:104B38004113012B0CBF4FF400734023B0FBF3F279
:104B480003FB1200B0FA80F84FEA5818BCE700BF20
:104B5800700B0020388D032070B550F8782C00F1C8
:104B6800100352681468D3E8AF2FD60700D470BD7D
:104B7800D3E8AF2F9507FAD450F8441C4A69CD6999
:104B8800486861682A4491F86C10121AC1F34111FF
:104B980001290CBF4FF4007140219142E7D8D3E8B6
:104BA800EF2F42F01001C3E8E01F0028F7D1D0062C
:104BB800DDD46368226993F86C3052681B48C3F3EC
:104BC80041139268012BC3690CBF92F8526092F8A6
:104BD8003D609968002200230BF044FA054600283E
:104BE800C5D006766368428A93F86C30C3F34113E4
:104BF800012B0CBF4FF4007340239A4288BF9AB22E
:104C08004282310663680CD4C5F81A40294698696F
:104C1800FDF7B0FF0028AAD02846BDE87040FFF78E
:104C2800CDBD93F86C205207EED5F5E7700B002048
:104C38004029F8B500F092801ED801391F2917D8ED
:104C48001F2915D8DFE801F08614141414141484ED
:104C58001414141414141488141414141414141498
:104C6800141414141414148C802908BF10230BD0A6
:104C78006FF015052846F8BDB1F5807F66D0B1F50F
:104C8800007F08BF4023EFD10169CD89002A50D1A8
:104C980025EA0305CD810669426806F1880317688D
:104CA800D3E8AF2FD0075DD5D3E8AF3F990759D4E4
:104CB8003B697A685B689069996892F86C300A2257
:104CC800C3F34113012B0CBF91F8441091F826103F
:104CD800FEF726FE0446002847D042F2A10C028ABD
:104CE80002210020E36802F10A0EA4F810E023F87C
:104CF80002C01344C3F80200D9801D8194F918201A
:104D08007B68824217DBC4F81A7021469869FDF760
:104D180031FF0546A8B94FF0FF324FF0FF3306F1D7
:104D28008C000AF04BF90B3008BF6FF08B05284652
:104D3800F8BD1D43AEE793F86C205207E3D54FF05A
:104D4800FF352046FFF73AFD2846F8BD20239BE7AC
:104D5800012399E700258DE7022395E7082393E7C8
:104D6800042391E76FF00C0584E76FF00B0581E7EA
:104D7800844630B5EFF3118E202080F31288BFF3FC
:104D88006F8FCBB93849BCF10E0F0B6835D8ABB370
:104D9800364A136843B93648D0F8181521F003018C
:104DA80041F00101C0F818150133202013608EF37B
:104DB8001188BFF36F8F30BD2B4D2C68F4B194FA76
:104DC800A4F00122B0FA80F08240BCF10F0324EA7B
:104DD80002044FEA001241F1FF3102F1A04202F54C
:104DE8006222C1F31301C2F820352C60C2F82415E1
:104DF8008EF31188BFF36F8F30BD43B9002AC7D136
:104E08006FF057008EF31188BFF36F8F30BD93FAA0
:104E1800A3F00122B0FA80F0164C824023EA020384
:104E28000B60231893F85430ACF10F0C0C3354F882
:104E380033202CF0004512EB0C0204EBC30CDCF819
:104E4800041044F833204FEA001303F1A04341F162
:104E5800000103F56223CCF80410C3F828558EF33B
:104E68001188BFF36F8F30BD149B0320109B032064
:104E780000E00450D000002070B500240D4A82B034
:104E8800D2F800340D4643F001032146C2F800343D
:104E980006460122234620460094FFF769FF064B89
:104EA80018600DF099F8214630462B4602B0BDE84F
:104EB8007040184700600550189B032083691B69E0
:104EC800D3F8800000F00100704700BF21B101292C
:104ED8000CD000231B68FFDE406D58B143685B7936
:104EE800934202D000680028F8D17047C06D0028AE
:104EF800F4D17047704700BF2DE9F04390F86C601B
:104F080081460C4685B0C6F341167BB183691B699F
:104F1800D3F88030DB075AD40DF0D0FD6FF085024E
:104F2800374B1A50002005B0BDE8F08301323146F6
:104F3800D2B2FFF7CBFF05460028EDD06968238A77
:104F4800E068628A6769D21AA0EB070CA2EB0C0230
:104F580091F800C01844624528BF62461344238272
:104F68000DF099FBED683DB3686883681B6B03B36C
:104F7800314698478046E0B10168B9B919E0208AFE
:104F8800E768638AD4F814C01B1AA7EB0C0EA3EBCE
:104F98000E039A4292BF13461A469BB203442382D9
:104FA80038440DF078FB58F8041F11B10A78002A2C
:104FB800E5D12D68002DD7D1B9F82E30218A9AB2C3
:104FC8009142AFD90020238205B0BDE8F083B6FA3C
:104FD80086F6013276093146D2B2FFF777FF0546E9
:104FE800002899D0072243681868596893F808C0C0
:104FF80001AB03C301A983F800C08DF805209EE723
:105008000C00000090F83020022A2CD138B50D464B
:1050180090F86C1090F83820C1F34111FFF756FF53
:10502800A0B1C46824B911E0022B16D024686CB171
:105038002B78032B0BD0052BF6D160688368DB69CE
:10504800002BF3D098472468002CF1D138BD606854
:1050580083685B69002BF5D1E8E7606883689B6922
:10506800002BEFD1E2E7704790F83020022A15D1E3
:1050780010B50C4690F86C1090F83820C1F3411127
:10508800FFF724FF48B10122C068A24028B1036994
:105098001A4202D100680028F9D110BD00207047DB
:1050A80010B5012401F07F030A0648BF10339C4065
:1050B80090F83030022B11D190F86C1090F838200D
:1050C800C1F34111FFF702FF38B1C06828B1836806
:1050D8001C4202D100680028F9D110BD002010BD83
:1050E8002DE9F04190F82830044603F01F03012B06
:1050F8000E4600F1280766D0022B12D0002B36D0BE
:1051080094F82950224652F8643F934208BF00237E
:10511800CBB1187AA8421FD0A06E834213D01B6867
:10512800F6E7818DC9B2FFF7BBFF0028E8D04068D9
:10513800E28D8368002A3ED094F82820D2093AD01C
:10514800DB68002B3AD16FF085030DF0B7FC254AD8
:1051580013500020BDE8F081E28D002A38D094F881
:105168002820D20934D0DB68002B34D1EBE790F843
:10517800303090F82950022BC4D190F86C1090F878
:105188003820C1F34111FFF7A1FE0028BAD0C0684A
:105198000028B5D04368DB684BB11A793AB11B686F
:1051A8001A4413F801CB6545C1D09342F9D1006880
:1051B8000028EFD1A4E79B68002BC4D032463946BB
:1051C800BDE8F0411847818DC9B2FFF74DFFACE744
:1051D8001B69002BB7D0324639462046984703460C
:1051E800B3E700BF0C000000FAB10A446FEA000CF4
:1051F8000E4800B5013902F1FF3E11F8013F83EA7C
:105208000C0202F00F0250F822208E4582EA1C1C84
:105218008CEA131303F00F0350F8233083EA1C1CA5
:10522800EBD16FEA0C005DF804FB7047083401000D
:105238002DE9F8431E464BB201F00F041746002B28
:105248000269B8BF103452F8244005469DF8208002
:10525800D0F8089064B3227DD1072DD4002BA27C0E
:1052680024DB520624D5238AC6F30A02C3F30A03B1
:105278009A421DD832463946204606F0FFFBB8B19F
:10528800237D677623F00603668384F81C802375E4
:10529800D9F81830214628469847B0FA80F3227D7D
:1052A8005B0963F300022275BDE8F8839306DAD43C
:1052B8006FF01200BDE8F8836FF07700FAE700BFDF
:1052C80038B501F00F030269090648BF103352F8D8
:1052D800234085689CB1237DDB070DD52146EB690A
:1052E800984728B90246237D62F30003237538BD29
:1052F800227D02F00102F6E76FF0770038BD6FF00B
:10530800120038BD2DE9F0414C0687686BD0044681
:10531800FB6B0D46904698472369A033D3E8AF3F0F
:10532800D80707D420463B6C98474FF0FF363046E5
:10533800BDE8F08129462046FFF7C2FF06463B6CD0
:1053480020469847002EF2D12906D8F8003028D4F4
:105358000122AA4023EA0203C8F80030A6682046C2
:10536800F36B98472369A033D3E8AF3FDB0736D503
:10537800236905F00F0553F82510002936D00B686E
:10538800204633B3B36898470346326C1E4620461E
:105398009047002ECBD109F0FBFF00263046BDE830
:1053A800F081012225F0800110318A4023EA0203AE
:1053B800C8F80030A6682046F36B98472369A033E5
:1053C800D3E8AF3FDA070AD505F00F052369103592
:1053D800D1E7336C984709F0DBFF0026DEE720466B
:1053E800336C9847A1E76FF01506A0E7336C2046A9
:1053F80098476FF012069AE72DE9F04F8046486803
:105408001E46836889461B6B98F86C1089B09DF816
:1054180048A0C1F34111002B5DD0174698470546B7
:10542800002858D0046800222CB92CE0052B17D08E
:1054380055F8044F2CB323781BB36378042BF5D1AC
:1054480042B9A378B342F3D1E3785345F0D1237935
:10545800002B66D14FF0000B584609B0BDE8F08F1D
:10546800002AE5D0012FA17810D0022F59D1D8F801
:10547800180009F10C02FFF745FF8346002850D0B9
:10548800EAE7002AE6D16FF03C0BE5E7E378D8F8C5
:1054980018B00593A38811F07F0F0693A3790491A0
:1054A8000793DBF80830039315D05846DB6B984711
:1054B800DBF81030A033D3E8AF3F13F0020F0499A4
:1054C8000FD158464FF0FF3B039B1B6C984758463B
:1054D80009B0BDE8F08F6FF0150B584609B0BDE86C
:1054E800F08F079B58460093DDE90523FFF7A0FEE0
:1054F800034658469B46039A126C9047BBF1000F2F
:10550800AAD194F90210A3780029B8BF23F0800328
:10551800D9F80C20B8BF103307FA03F31343C9F8BE
:105528000C30012284E700BF2DE9F04F90F86C7031
:1055380090F8382085B004460291C7F34117002A35
:105548004FD1029B33B9029B84F83830002005B054
:10555800BDE8F08F39462046029AFFF7B7FC0646A9
:10556800E0B1D0F804B09BF804309BF805804BB349
:1055780000254FF0010AA9460390424639462046C5
:10558800EEB2FFF7A3FC48B1C1680AFA05F029B1E9
:105598000B69184207D109680029F9D16FF03C005E
:1055A80005B0BDE8F08F334601222046CDF80090C3
:1055B800FFF722FF0028CAD19BF8043001359D422D
:1055C800DBDB039E029B84F83830F468002CBDD0E6
:1055D800606883681B6A03B198472468002CF7D178
:1055E800B4E790F83030022BD8D13946FFF76EFC7B
:1055F80005460028D2D0D0F80C8004F13A09B8F159
:10560800000F4AD0012608F10C0A05E0F340DB0739
:105618001AD40136102E3BD066F07F0101F07F02CC
:10562800D8F80C301032C9B223FA02F2002B2FD06E
:10563800D207EBD55246A069FFF764FE58B9D8F8EF
:105648000C30F340DB07E4D55246A069F1B2FFF70E
:1056580059FE0028DDD00023C4F83A30C9F80430D8
:10566800C9F80830C9F80C3084F83830ED680646B7
:10567800002D3FF46CAF686883685B6A03B1984794
:105688002D68002DF7D13046002E3FF45AAF5EE763
:10569800D8F80080B8F1000FB4D1C4F83A80C9F83E
:1056A8000480C9F80880C9F80C8084F83880ED684F
:1056B800002D3FF446AF4646DDE700BF2DE98048A0
:1056C8004FF000094FF0200BDFF8C08299B0EFF3DC
:1056D80011858BF31288BFF36F8FD8F82040002C08
:1056E80040F00183AA4B09AA9B6828461A614146E3
:1056F8004FF0FF324FF0FF3309F0FCFB0B9B1B69A7
:10570800D3F89C703B6A002B00F0E380EFF3118321
:105718008BF31288BFF36F8F3C6A002C00F0D580A2
:10572800796A22688C423A6208BF7A6283F31188E8
:10573800BFF36F8F267ED4F81E50730640F0838027
:10574800002D40F08F80637E9A0702D5802E00F0EE
:10575800A982980700F0A780002E40F03682D9076A
:1057680040F14E82238A07F12802082B40F01C855D
:10577800E368204619685B68B9625360D4F804A0EE
:105788006660FFF71BF8BAF1000F40F00982FA8D46
:10579800002A00F0348297F82830B869DB0940F015
:1057A800F182531E026931461268528B1344B3FBCF
:1057B800F2F303FB02F2FEF7B3F80146002800F00B
:1057C800EC84437E23F0070343F002034376384614
:1057D800FDF750FA0646002E94D0FB69002B91D0B5
:1057E800EFF311818BF31288BFF36F8F694CE36875
:1057F800002B00F0BF84A26918680132A261E06042
:1058080081F31188BFF36F8F0722DE605F601A7221
:10581800EFF311818BF31288BFF36F8F5E4AC3F8E1
:1058280000905268002A00F0C88413605A4A5360F6
:1058380081F31188BFF36F8F00220023574958481E
:105848000AF00CF85EE7D4F81A0083681B69002B8D
:1058580001F03E802A46214698470646002E3FF42E
:1058680051AFBAE72046FEF7A9FF637ED80706D4F2
:1058780099077FF547AF237E002B7FF443AFBC6FBA
:105888003846237A2146013323726369A4F81090BD
:10589800E360FDF7EFF9064600283FF433AF2046F2
:1058A800FEF78CFF99E75B0705D5002E00F0FA811B
:1058B800802E00F09081FB8D002B40F07881BE692E
:1058C80030468021FCF758F9D9E783F31188BFF3F4
:1058D8006F8F9DF82430062B3FF4F9AE072B3FF667
:1058E800F6AE01A252F823F09D5B0000C35A0000F7
:1058F8004D5B0000FD5A0000AD59000081590000C1
:10590800D756000011590000FB69002B3FF4DFAEA9
:105918000A98EFF311818BF31288BFF36F8F1D4D37
:10592800EB68002B00F03384AA691C680132AA6175
:10593800EC6081F31188BFF36F8F06225F60D86037
:105948001A72EFF311818BF31288BFF36F8F124A2B
:10595800C3F800905268002A00F0338413600E4A9E
:10596800536081F31188BFF36F8F002200230B4926
:105978000B4809F073FFAAE697F83030022B7FF442
:10598800A6AE384609A9FFF73DFBA0E6000B0020AC
:10599800249B0320580A0020A49A0320A00000207A
:1059A8002890032097F86C30BD696FF3820387F85D
:1059B8006C30AE682B69A033D3E8AF3F9A0740F14B
:1059C800DF832846F36B9847736A00212846984777
:1059D8000446336C28469847002C40F0D383214670
:1059E8003846FFF7A1FD0446002840F0CB83BD6987
:1059F800AE682846F36B98472B69A033D3E8AF3FCE
:105A08009B0740F1368433682846002B00F0D38585
:105A18009847034628461D46326C9047A5F1020375
:105A2800B3FA83F35B0997F86C2087F8309022F07B
:105A3800680242EA431387F86C30FB69002B3FF495
:105A480046AEEFF311818BF31288BFF36F8FB84D19
:105A5800EB68002B00F00284AA6918680132AA6179
:105A6800E86081F31188BFF36F8F04225F60C3F889
:105A78000C901A72EFF311818BF31288BFF36F8FBA
:105A8800AC4AC3F800905268002A00F0EF83136014
:105A9800A84A536081F31188BFF36F8F0022002357
:105AA800A548A64909F0DAFE002C3FF410AE2246BC
:105AB80038460721FDF754FC09E6FB69002B3FF443
:105AC80006AEEFF311818BF31288BFF36F8F984CFA
:105AD800E368002B00F05B83A26918680132A261B9
:105AE800E06081F31188BFF36F8F01225F60C3F814
:105AF8000C9025E797F86C3043F0040387F86C3076
:105B080097F83030022B00F0A483FB69002B3FF498
:105B1800DEADEFF311818BF31288BFF36F8F844CE6
:105B2800E368002B00F03383A26918680132A26190
:105B3800E06081F31188BFF36F8F03225F60C3F8C1
:105B48000C90FDE697F86C306FF3820387F86C30A1
:105B580097F83030022B00F07783FB69002B3FF475
:105B6800B6ADEFF311818BF31288BFF36F8F704CD2
:105B7800E368002B00F00B83A26918680132A26168
:105B8800E06081F31188BFF36F8F02225F60C3F872
:105B98000C90D5E6002238461146FDF7E1FB96E564
:105BA8005046FEF70BFEFB8D002B3FF488AE97F8AE
:105BB8002830B869DB097FF484AE15F10C0118BFF1
:105BC8000121C901FBF7D8FF59E65A077FF573AEE3
:105BD800802E7FF470AE2046FEF7F0FD97F839303E
:105BE800002B3FF48FAD97F82930052B00F0FB848C
:105BF800032B00F0C084002387F8393082E534464F
:105C08000CF05CFF97F828604D4A16F0600FC6F359
:105C1800411342F8009000F09580032B4ED02146A6
:105C28003846FFF75DFA064636B3002C3FF4D5AD8B
:105C38002046FEF7C3FDD0E5BE69798D33697F291B
:105C4800D3F880003AD8BA8D5AEA020236D197F8CA
:105C58002820D20632D197F83020022A00F0928507
:105C6800000700F12985012387F83930012A00F05F
:105C78009485012387F830300CF020FF304B1B58F7
:105C880013BBFA8D3AB197F82830DB0940F04A8205
:105C98002046FEF793FD3846FEF7C8FD00287FF43E
:105CA8000AAEECE52046FEF789FD2BE597F828308B
:105CB80003F01F03012B079300F052810CF0FEFE46
:105CC8006FF085031E4A1350002C3FF4F4AD2046B4
:105CD800FEF774FD0CF0F2FE194B1B58002B7FF4F5
:105CE800EAADFA8DCEE7D8F81860D8F808703146D2
:105CF8003A4609A80CF0CFFCD8F814303E449E422E
:105D080004F1FF3408BFD8F81030C8F82040D8F89C
:105D18000040C8F8186008BFC8F81830444502D0D9
:105D2800002C40F0528285F31188BFF36F8FE5E4B1
:105D3800580A0020A49A032028900320A0000020DD
:105D48000C000000FA8D97F82930924642B3F20908
:105D580040F01C81033B082BB0D801A252F823F075
:105D6800C55C0000C55C0000415C0000C55C00002B
:105D7800C55C0000C55C0000C55C0000C55C000097
:105D8800C55C00008021FDF7CBFD0446002800F02B
:105D98000482437E23F0070343F0020343762FE790
:105DA800013B0A2B8AD801A151F823F0455E000077
:105DB800C55C0000E15D0000C55C0000415C0000BE
:105DC800C55C0000C55C0000C55C0000115F0000F8
:105DD800C55C0000B55C0000798DBB8D02295FFAB7
:105DE80083FA00F0068597F83000002800F0C78095
:105DF800012800F04F8216F01F0600F0F684022EEC
:105E08007FF440AF00297FF446AF5146B869039349
:105E1800FBF7B2FE0246002800F030850CF04EFE7B
:105E2800A24B1A50013200F0C78551463846FFF799
:105E380037F90346002840F03E8545E797F83010CB
:105E4800002900F09C800129BB8D00F0B78316F073
:105E58001F0600F0EB83022E7FF414AF7A8D002A20
:105E68007FF419AFBE690493B2683046D16B0392D0
:105E780088473169A031D1E8AF1F11F0020F039AAA
:105E880000F09185049B316958B25FFA83FA0028C3
:105E980003F00F03B8BF103351F823100390002903
:105EA80000F076850B7DD80740F172854B7E03F0B4
:105EB8000303012B00F058851369304604920591BD
:105EC8009847049A0346002800F02B85126C03902B
:105ED800304690470CF0F2FD039B744A135001338F
:105EE80000F06A8551463846FFF7DAF8034600287D
:105EF8003FF4EAAE586883681B68002B3FF4BCAED9
:105F0800514600229847B7E67E8D97F86C10FF2E11
:105F1800C1F341113FF6D2AE97F82830DA067FF484
:105F2800CDAE97F8303053B3002E40F0178497F871
:105F38003830B3423FF4AFAEF1B23846FFF7F4FA67
:105F4800064600287FF471AE7A8D0521002A14BF19
:105F580002230123384687F83030FDF701FA8BE633
:105F68007B8DFF2B3FF6AAAEB7F82CA0BAF1FF0F36
:105F78003FF6A4AE97F83060022E00F0BD830CF017
:105F88009DFD4FF0FF33494A13509DE60A2B3FF61B
:105F980095AE01A252F823F0B9600000C55C00007C
:105FA800C55C0000C55C0000C55C0000C55C000065
:105FB80059600000C55C000039600000C55C000045
:105FC800CD5F000006F01F06012ED8D197F83030BB
:105FD800022BD4D197F86C10384697F83820C1F3C3
:105FE8004111FEF773FF0028C9D0BB8D4268FF2B13
:105FF8003FF664AE12799A42FFF460AE0F2B3FF67B
:106008005DAE3B44BAF1010F93F83A107FF456AEF7
:10601800E6686369628AF31AD21A238A9A4240F0C0
:106028004A810CF04BFD6FF00B03204A13504EE6EB
:1060380097F83030002BA2D0BAF1010F97F838103A
:10604800E6D00CF03BFD6FF08503184A13503BE691
:106058007A8D16F01F064FEA1223D2B27FF4DFAD15
:10606800013B0E2B3FF62AAE01A151F823F000BFE9
:1060780069630000556300002F630000C55C0000E1
:10608800C55C0000EB620000D7620000C55C000040
:10609800C55C0000C55C0000C55C0000C55C000074
:1060A800C55C0000C55C0000976300000C000000A0
:1060B800BAF1020FBB8D7FF401AE97F830100029BA
:1060C8003FF45DAF0129DAB200F0D98016F01F065F
:1060D80000F04C83022E40F084821E0644BF22F05A
:1060E800800210327B6BD34003F00103E668218AFB
:1060F800628A6069521A301A121A012A91D90CF070
:10610800DDFC4FF0000C01F1020EA4F810E072184B
:106118007354B04B82F801C01B58002B7FF4D7ADE5
:10612800FA8DAFE521463846FCF7A4FD00283BD19F
:10613800B8690269D2F8803013F004017FF49FAB8C
:1061480013685A8BFDF7ECFB044600283FF4B3AB09
:10615800437E014623F0070343F0040343763846A1
:10616800FCF788FD00283FF48AAB2046FEF726FBA3
:10617800FFF7A1BB81F31188BFF36F8FFFF7C2BA96
:106188004FF0FF34FB69002B7FF45BAC8FE481F3A5
:106198001188BFF36F8FFFF79ABAFB8D002B3FF47E
:1061A8008EAB6FF00B0502E52046FEF707FBFB8D73
:1061B800002B7FF4FCACFFF782BB874A1360FFF724
:1061C80035BB854A1360FFF7CABBD4E900321360B8
:1061D8005A60637BC4E9009923F002036373C4F82F
:1061E800089004F1180008F081FCD8F8082021690B
:1061F800D8F81C000CF04FFAD8F81C30D8F8082052
:10620800C4F888901344D8F81420C8F81C30934276
:1062180004BFD8F81030C8F81C30D8F82030013343
:10622800C8F82030EFF311868BF31288BFF36F8F15
:10623800204608F007FD86F31188BFF36F8F2846C4
:1062480009F040FBFFF75ABA384609A9FEF7DAFE0B
:1062580083E4384609A9FEF7D5FE56E481F3118890
:10626800BFF36F8F002C3FF432AA20E45A4A136020
:106278000EE42846336C98470023FFF7D4BB002B65
:106288007FF47DAE16F01F0600F07382022E3FF4F5
:1062980029AF2BE7002B7FF472AE16F01F067FF4B0
:1062A800AEAD01297FF4F7AC97F86C3043F00803E2
:1062B80087F86C30EFE40CF001FC5A1C2282F15490
:1062C800444B1B58002B7FF402ADFA8DDAE401230E
:1062D80021463846FEF710FE0646002E7FF4A5AC90
:1062E800CAE4002340F20A62CDF84230CDF84630C5
:1062F800BB69ADF840201B6997F86C20D3F8803053
:1063080012F0600FD7E91C1208BF1146D80700F138
:10631800B2810CF0D3FB6FF085032E4A1350002C8A
:106328007FF4D5AC43E4394651F84C3F8B4208BF63
:106338000023002B3FF4C2AC597D032900F0B08044
:10634800396D8B423FF4BAAC1B68F2E70023214653
:106358003846FEF7D1FD0646002E7FF466AC8BE486
:1063680097F86C10628A11F0600FE0686669238AFA
:10637800C1F3411C00F07D81BCF1010F00F05C818C
:106388000CF09CFB6FF08503124A13509FE497F8BA
:106398006C3013F0600FC3F3411200F04B81012AF7
:1063A800B7D17B6F002B00F02B835B88B3F5007FA0
:1063B800AFD90021094BFA6C109307F14C039342B3
:1063C8008DF8441021D002B38C46D7F850E005214F
:1063D80008E000BF0C000000A49A0320050F050088
:1063E80012685AB1507D0F2806D14FF0010C107D6C
:1063F8006644014489B2F6B27245F1D1BCF1000F8E
:1064080003D08DF84460ADF84210BDF84210228ADE
:10641800514528BF5146E068B4F812A06669AAEB56
:10642800020A861BAAEB060A8A4528BF8A465646F0
:10643800052E28BF052610443244228210A9324670
:1064480003930CF028F9BAEB060A039B00F00781C6
:10645800FE6C9E4200F0038146B900E13B6D9E420E
:1064680000F0FD803668002E00F0F980737D0F2B58
:10647800F4D1327D238A524528BF5246E0683169FB
:106488001844134423820CF006F9337D534594BF16
:10649800AAEB030AAAEB0A0ABAF1000FDED1DEE082
:1064A800187A90427FF44CAF1868002800F0828177
:1064B800002A00F07F818DF8211000219868BA4ADF
:1064C8008DF820100240B948824200F005821A7DFA
:1064D8001E698DF820209DF82030B4F810C053456F
:1064E80028BF5346E068628A6169A2EB0C02411A30
:1064F800521A934228BF1346022B1A4628BF02227B
:106508009A466044944408A9A4F810C003920CF079
:10651800C2F8039AAAEB0203590803F0010217D044
:106528003346944670180391228A13F801EB02F15E
:10653800020AE168A4F810A0D4F80CA011440AF8E3
:1065480002E04FF0000298424A70EDD1624603998A
:10655800002A00F084800CF0B1FA238A715CE268AA
:106568005E1C2682D154924B1B58002B7FF4AFAB94
:10657800FA8DFFF787BB7B8D022B7FF43CABBC69A0
:10658800BE8DA5682369360AA033D3E8AF3F9907C3
:1065980040F16D81AB6A002B00F098812046EB6BCF
:1065A80098473146AB6A0022204698472B6C06462E
:1065B8002046984732E0336C98475DE6002B7FF41D
:1065C800DEAC16F01F067FF446AC7B8D012B7FF402
:1065D80062AB97F86C306FF3C30387F86C30FFF742
:1065E8005ABB002382E5BC697E8DA5682369F6B293
:1065F800A033D3E8AF3F980740F131812046EB6BD9
:10660800984731466B6A204698472B6C06462046C9
:10661800984797F82930032B00F01C81002387F84E
:106628003930002E3FF46EA8FFF7D7B8002B7FF45F
:10663800A6ACCAE73B6FB5E6796F002900F0DC81AC
:10664800861BD21A921B524528BF52460E78184410
:10665800B24228BF3246134423820CF01CF80CF0D7
:106668002DFA534B1B58002B7FF431ABFA8DFFF7F3
:1066780009BB396FE1E7002900F0C281BAF10A0FBE
:1066880028BF4FF00A0A238AE068628A6669D21A2C
:10669800861B91F803C0921B8E78524546EA0C2659
:1066A800ADF842604E68497C28BF52468DF84810C4
:1066B8001844119610A9CEE7C9B2D6F808A00391DC
:1066C800A033D3E8AF3F990740F176813046DAF836
:1066D8003C3098473046DAF8243003999847024608
:1066E80030461646DAF840309847002E7FF49DAAC7
:1066F80097F83020FFF7BABADBB204935FFA8AF34F
:10670800194638460393FEF7AFFC0590F0B1BAF18D
:106718000F0F1BD8BA449AF83A3000220693049B0C
:10672800384600930599039BFEF766FE70B9069AF2
:1067380038460092039B32460599FEF75DFE0646F1
:10674800002800F04081B31C7FF46FAA0CF0B6F962
:106758006FF00103164A1350FFF7B6BA3846F2B283
:10676800FEF7B4FB00287FF4E2AB08E4002B7FF4CB
:1067780006AC97F86C20930803F00203C2F30012EA
:106788001343B3E40CF09AF94FF0FF33084A13505F
:10679800002C7FF49CAAFFF793B87B8D002B7FF425
:1067A80068AAFFF767BA00BF00FF020000030200F3
:1067B8000C000000268AE068628A8DF84110616941
:1067C800921B411A521A524528BF5246197D1B691D
:1067D8008A4228BF0A461B88304416448DF8401068
:1067E800ADF8423010A9268237E7002B7FF4C7ABFB
:1067F80057E597F82820039302F01F025AEA02028D
:106808007FF45CAABE69D6F808A03269A032D2E843
:10681800AF2F93077FF552AADAF82820002A3FF411
:106828004DAA3046DAF83C209047039B01223046B7
:10683800190ADAF828309847034630461E46DAF82F
:1068480040209047002E7FF439AA012387F8393079
:10685800FFF712BA7B8D022B7FF4E0AE8FE697F834
:106868002930032B03D17B8D022B3FF488AE002304
:106878004FF0FF3687F83930FEF7AFBF039B7A6BCE
:1068880013F0800F4FF001031DBF2AF08001103173
:106898008B4003FA0AF30CF011F913437B630022CF
:1068A80003465B4E51463846F250FEF7F9FB034665
:1068B80000283FF4E6A9586883681B68002B3FF45A
:1068C800DBA9514601229847FFF7D6B987F8393036
:1068D8006FF08506FEF781BF0B464E490CA8D1F82C
:1068E8000463D1F8081336BA09BA10AA0D960C91A8
:1068F80010F8011BDFF820C10E0901F00F011CF888
:1069080006601CF801100133082B02F1020202F89C
:10691800026C02F8011CEBD1222310AE8DF8203056
:10692800D9E5059930460E7D63F341060E75136C63
:106938009847039B002B22DB01227B6B02FA0AF2A9
:1069480023EA02030CF0BAF800227B630346304EB8
:1069580051463846F250FEF7A3FB034600287FF461
:10696800C9AAFA8DFFF78EB9136C304698470CF018
:10697800A5F86FF08503264A1350FFF7B3BA012232
:106988002AF0800310339A407B6B23EA0203D9E78D
:10699800136C304698470CF091F86FF012031C4ABC
:1069A8001350FFF79FBA136C304698470CF086F8DF
:1069B8004FF0FF33164A13504FF0FF36002C7FF488
:1069C80037A9FEF70ABF049B38460093079A039B32
:1069D8000599FEF711FD064600287FF4B4AE059828
:1069E800406883685B6813B1DDE903129847049B2C
:1069F8008AF83A30FFF740B96FF01506FEF74FBF37
:106A08006FF01506002C7FF413A9FEF7E6BE00BF51
:106A18000C00000000C0FF00483401004FF0FF32B6
:106A28004FF0FF33043005F0FDB900BF2DE9F04702
:106A38000446EFF31181202383F31288BFF36F8F8D
:106A48005E4B9A68D37B013BD37381F31188BFF304
:106A58006F8F00F104094FF0FF334FF0FF324846C3
:106A680005F0E0F994F86C3013F0010700F0A2800B
:106A7800990700F19880A569AE682846F36B984796
:106A88002B691B682BB11B681BB11F6817F0030724
:106A980073D12846336C9847A569D5F808802846ED
:106AA800D8F83C30D5F810A098472B69A033D3E824
:106AB800AF3FDA077AD52B69A033D3E8AF3F9B07FE
:106AC80028466DD4D8F82C309847064658B1284641
:106AD800D8F840309847484605F036FA08F006FCE2
:106AE8003046BDE8F0870AF1A00ADAE8EF3F43F044
:106AF8000203CAE8E23F002AF7D12846D8F8403016
:106B08009847A56F8DB117BB002294F86C3084F8B4
:106B1800302043F0020384F86C30484605F014FA3C
:106B280008F0E4FB3046BDE8F087A0693146036908
:106B38001B685A8BFCF7F4FE054618B3437E23F016
:106B4800070343F001034376A067002FDCD02B7ABC
:106B58006A6901332B72002329462046EA602B829A
:106B6800FCF788F807460028CED02846FDF726FE11
:106B7800A06904F061FF3E46ADE75F68B7FA87F7A2
:106B88007F0986E7A667A06904F056FF6FF00B0639
:106B9800484605F0D9F908F0A9FB3046BDE8F0876A
:106BA800D8F8403098476FF0770694E72846D8F829
:106BB800403098474FF0FF368DE700BF249B0320F5
:106BC80070B582690D4612690B7892F8802082B000
:106BD800D20603D50446E3B1012B1FD0092B01D0FF
:106BE80002B070BD00236868019383689B6C1BB179
:106BF80004210DEB01029847019B174A003B18BF7F
:106C08000123D2E8EF1FC2E8E03F0028F9D102B023
:106C180070BDFFF70BFF2B78012BDFD194F86C3098
:106C28009B07DDD5261D4FF0FF324FF0FF3330466E
:106C380005F0F8F800212046FEF776FCA06904F07C
:106C4800FBFE94F86C306FF3410384F86C303046E7
:106C580005F07AF92B78C1E7449B03202DE9F04130
:106C680004460D4682B0061D4FF0FF324FF0FF3349
:106C7800304605F0D7F8676F002F00F0B580216F18
:106C8800002900F0B18094F86C30DB0700F1AC808B
:106C9800E36C002B3FD02B68002B40F09F806B7D6E
:106CA8000F2B09D0032B14D00024304605F04CF9E3
:106CB800204602B0BDE8F0812B7A012B48D0236D25
:106CC80004F14C026B602A601D6025656B7D032B07
:106CD800EAD1E36C04F14C0E9E4562D0002B60D0E3
:106CE800206D5A7D032A1BD1834293F808C01BD01C
:106CF8001B68CBB15A7D032A03D11A7A013A94450D
:106D0800EFD00CF1010C85F808C05A68C5E90032CB
:106D180015605D6011E004F14C03E3642365BAE794
:106D280083423ED01B68D9E70CF1010C85F808C0F6
:106D3800236DC5E900E31D6025656B7A022B42D0FF
:106D4800032B44D0012BAFD12B7ABB738B73ABE7EA
:106D5800D5F80C8001914FF0FF3330464FF0FF32E9
:106D680005F060F894F86C30019913F0010F38D1F0
:106D7800D8F81030EBB1636EB3B1D8F80030019198
:106D88004BBBA36E04F16402C8F80430C8F80020B5
:106D9800C3F80080C4F86880304605F0D5F801993A
:106DA8008DE700232B72C3E704F164036366A366CF
:106DB800E3E7D8F80C30002BDDD1304605F0C4F8F5
:106DC8006FF0150471E72B7AFB73CB736CE72B7AA2
:106DD8003B740B7468E7304605F0B6F86FF077043B
:106DE80063E7304605F0B0F84FF0FF345DE700BFC9
:106DF80070B5036940685D68AC68A27A94F82D3074
:106E080084F8222084F82330696809B1267C0EB101
:106E1800002070BDFFF722FF0028F9D16B681A68BF
:106E280002B11E7A2674F3E730B50B78144685B0A4
:106E38001BB1012B0FD005B030BD0D46CDE9023492
:106E480012698DF80430D2F89830204601A9984785
:106E58002B78012BEFD1002522698DF8043003949B
:106E680002952046D2F8983001A9984705B030BD60
:106E780003461A69002092F8803023F0110343F08A
:106E8800110382F880307047034610B401245B6810
:106E980005491A690020D2F8003E43F00203C2F8FF
:106EA800003E4C6010BC704700A00550034610B46B
:106EB80001245B6805491A690020D2F8003E23F0D6
:106EC8000203C2F8003E0C6010BC704700A00550D9
:106ED8002DE9F047436807691C690B7ED7F8A45071
:106EE80013F07F0E91F9186029D0002E1CDB0EF1EB
:106EF800580C04EB4C1CDCF80030BF4AB1F81A807F
:106F08001A404B7EC8F30A0903F00303022B42EA36
:106F1800090200F08F80032B5DD0012B00F08780E1
:106F28006FF01500BDE8F08795F86E3313B1013B9B
:106F38009E45F5D80EF1480C04EB4C1CDBE7002EFF
:106F48004D8B2EDBD4F8002B202D22F0030200F00D
:106F5800458174D8082D00F04981102D08BF42F0F2
:106F68000202DDD142F4004204F530666BBB102307
:106F780023612369DD06FCD432600A7E436812F07F
:106F8800800F196902F07F034FF0010208BF103328
:106F98009A40D1F81C381343C1F81C380020BDE8CA
:106FA800F087D4F80029202D04F5106622F003029A
:106FB80000F0178100F2A580082D00F0DC80102D6C
:106FC800AED142F4004242F0020220232361236939
:106FD8009B06FCD4D0E742F0805242F44022002EB7
:106FE80020DAB9F1000F2DD1734642F40042012096
:106FF8009840D4F81C380343C4F81C38CCF8002057
:107008004B7E03F00303012BC8D10A7ED5F8341355
:10701800D243C2F3C0120EEB021293401943C5F8D3
:107028003413BBE7734642F400421033DFE742F4FF
:107038008022D4E742F0805242F40022CFE7402D6C
:1070480090D06DE795F86A6309F10303C8F3C12886
:1070580016F0020F4FEA930308F1010800F0888048
:10706800B8F1020F28BF4FF0020803FB08F3F60738
:107078004DD54FF0010AB5F840930AFA0EF8C8F159
:10708800000414EA090F40F08480BEF1010F77D0A4
:107098004468246904EB8E04D4F8FC70D4F8FC60CE
:1070A800B6B206EB174629FA0EF919F0010F11D0FE
:1070B8004468246904EB8E04D4F80071D4F80041C4
:1070C800BFB2B7424FEA144440F093809C42C0F0EC
:1070D800908023460EF5D27435F814409C42C0F0D7
:1070E8008880B5F84443F718A74200F2828046EA40
:1070F800034643680EF13F041B6903EB84035E609B
:1071080012E0402D7FF40CAF42F400425DE704EB3F
:107118008E04D4F80061D4F80041B3EB164F68D858
:107128004FF0010808FA0EF8B5F8403348EA0308AA
:10713800A5F8408343681C694FEA8E1303F4F8638B
:1071480043F02003236123699E06FCD4406822F0A3
:10715800707304694FEA8E52087E02F070721A4307
:1071680000F07F03000642F400427FF55EAF3EE781
:1071780008FB03F37BE742F4004242F0030224E7F2
:10718800B5F84843B5F84663202C94BF3619203625
:1071980089E795F86E43013C14F0FF0609D174E7BE
:1071A800002C7FF472AF013EF4B2002C3FF46DAFB7
:1071B800076906F00F04103457F8247029FA06F40A
:1071C8003F7D04F00104FF07EAD4002CEBD00AFA53
:1071D80006F429EA0409A5F84093E4E742F001021D
:1071E800C0E642F4004242F00102EEE642F0030239
:1071F800B8E66FF00B0095E600F8F3FF43681A69EC
:107208000B0609D4D2F80038002023F4FE6343EAC1
:107218000111C2F8001870476FF01500704700BFE1
:10722800436818694B1E042B0BD8D0F8043813F0A8
:10723800700F09D11AB943EA0113C0F804380020C5
:1072480070476FF0150070476FF07700704700BF08
:107258000369D3F8A43093F86A339B0914BF01205B
:10726800022070472DE9F0411E4F436842F2117425
:107278000646DFF874801D6947F0010707E01B4BDD
:107288001868A8FB0030800CB847013C26D02B6951
:10729800002BF4DA0123134F42F21174DFF848800F
:1072A8001F432B6102E02B699B0010D4013C15D0D1
:1072B8000E4B1868A8FB0030800CB8470C4BDB69F4
:1072C80013B13046984748B92B69DA07EBD42B69D4
:1072D800002023F001032B61BDE8F0816FF004006A
:1072E800BDE8F0815031010083DE1B435C050020BE
:1072F800180A0020024B1B6903B11847184670474B
:10730800180A0020F0B502694368D2F8A4401E6943
:1073180094F86D73002F4DD000214FF0030C4FF0FF
:10732800006E0B465B00D4F8A8520CFA03F22A4010
:1073380022FA03F333F0020311D1436801F07F020C
:107348001B6911F0800F02F1580716BF483203EB92
:10735800471303EB4213C3F800E094F86D7301314F
:10736800CBB29F42DED80369D3F8A43093F86A23DE
:10737800432312F0020F14BF2B220B22C6F8142845
:10738800C6F810380369D3F8A43093F86A339B071A
:1073980003D4B36943F01003B361D6F8003823F47B
:1073A800FE63C6F8003894F86A336FF3451384F81F
:1073B8006A33F0BD2346D9E74022034B83F85A23AA
:1073C8004FF080629A60704700E100E04FF0806201
:1073D800034BC3F88820BFF34F8FBFF36F8F7047FD
:1073E80000E100E00369C9B201EB410103EB81034D
:1073F800D86D00F00700704710B5C9B20269EFF305
:10740800118C202383F31288BFF36F8F01EB4103A4
:1074180002EB8302D36D13F0400406D08CF311887D
:10742800BFF36F8F4FF0FF3010BD0123D3658CF38E
:107438001188BFF36F8F436803EBC1035B689847FC
:10744800204610BD38B5C9B20469EFF3118E202566
:1074580085F31288BFF36F8F01EB410504EB850CB0
:10746800DCF85C4004F00705012D0CD004F0C004E2
:10747800802C8EF31188BFF36F8F0CBF6FF07700ED
:107488004FF0FF3038BD8024CCF85C408EF3118873
:10749800BFF36F8FCCE91523436853F83130984711
:1074A800002038BD1B4A70B5831A1B4C9B1004FB87
:1074B80003F306460D46DBB2EFF31181202080F37B
:1074C8001288BFF36F8F03EB430002EB800CDCF8EC
:1074D8005C2012F080040AD081F31188BFF36F8F0B
:1074E8004FF0FF3130462B46BDE870401847012267
:1074F800CCF85C2081F31188BFF36F8F074A02EB49
:10750800C3035B689847214630462B46BDE8704068
:10751800184700BF08CF0420B76DDBB6DC1505009F
:107528000B460069DBB2C3EBC303002100EB830009
:10753800104700BF1C4A30B5831A1C4D9B1005FB31
:1075480003F30C46DBB2EFF3118C202181F3128890
:10755800BFF36F8F03EB430102EB8102D16D01F0A2
:10756800070EBEF1010F0FD001F0C00140298CF3C6
:107578001188BFF36F8F2346BDE830400CBF6FF012
:1075880077014FF0FF3118474021D1658CF31188FE
:10759800BFF36F8F064807495065946551F833303B
:1075A800BDE83040184700BF08CF0420B76DDBB6F0
:1075B80029750000DC150500014B1B68184700BF42
:1075C800D0CE0420014B07201B681847D0CE0420DA
:1075D800402170B5264A274C137984F80E14002BE5
:1075E80040D10123244D254915600D791371002DD3
:1075F80038D1234A0B710A6022490D79002D31D107
:10760800214E0B710E602149214AC1F8405411796D
:1076180041BB204913711160236A5B041ED50469BC
:107628001CB30023012519461B4EC3EBC30E03EB05
:10763800430C04EB8E0204EB8C0C022B44F82E1046
:10764800C2E90111C2E90511D1601661CCF85C509C
:1076580002D004690133E8E7002070BD4FF480438D
:107668002362DCE76FF0040070BD6FF0150070BD99
:10767800D0CE042000E100E0959F0000D8CE042081
:10768800C1750000ECCE04209D7C000000E0105085
:10769800E4CE0420CD7500007C17050003465B6826
:1076A80000205B68DB680B60704700BF034610B4BE
:1076B8005B6802EA01045B6821EA02015C60996088
:1076C800002010BC704700BF03465B6800205B6861
:1076D8005960704703465B6800205B689960704793
:1076E800034610B45B6800205A68136821EA030453
:1076F8000B405460936010BC704700BF30B40469FD
:1077080065684DB18D421ED02B4601E099420DD0DF
:1077180018461B68002BF9D1E2B10D60A3686160BF
:1077280013B1002030BC7047A160FAE70B68036012
:10773800A368994205D000230B60002AF1D0656840
:10774800EBE7A060F7E7A0680B6881426360F2D1BD
:10775800A360F0E76FF01500E4E700BF7F2818D8B2
:107768000C49420970B551F822608EB132695168EE
:1077780071B1012500F01F030C689D408A682A40FA
:1077880002D030464B68984714B121462468F5E783
:1077980070BD70474C170500002900F0BE812DE927
:1077A800F04F40F2FF18CA4FDFF8289300EB810E24
:1077B80050F8043BC3F3C3210829C3F3080500F2BA
:1077C8007D8145457E5C4FEA136100F0E2803829EF
:1077D8003BD803293CD90439342939D8DFE811F0DA
:1077E800650168003C00380038003800380038006F
:1077F80038003800380038003800380038003800C1
:1078080038003800A4008700D200CB0038003800C8
:1078180038003800380038003800380038003800A0
:107828003800380038003800380038003800380090
:107838003800380038003800380038003800380080
:107848003800380038003800AB004E2900F0498174
:107858006FF08500BDE8F08FC2F8085650F804CCE8
:107868007F2DCCF3C03103F01F034FEA5514CCF33E
:10787800412C00F254814FEA830A4D46002355F803
:1078880024B04900DA441943DAF8803041EA062185
:1078980023F4433323F4437323F00303194341EAE6
:1078A8008C01CAF88010704582D10020BDE8F08FA5
:1078B800C2F8045601217F2D4FEA551400F2378192
:1078C8004FF0010C834D03F01F0355F824A00CFA68
:1078D80003FCCAF808C050F804CC1CF4004F40F070
:1078E800D7804FEA830ACCF3412C0123C7E7C2F8BB
:1078F800645530F8021C01F001010029DAD07F2D0F
:107908004FEA551400F210810121724D03F01F0354
:1079180055F824A001FA03FCCAF804C050F804CCB6
:107928001CF4004FDDD0B3E0C2F8605530F8021CFB
:1079380001F00101E1E77F2D03F01F034FEA551421
:1079480000F2AE80634D4FEA830A55F824B00BEB82
:107958008303D3F8801021F0E04141F08041C3F85F
:10796800801050F8043C190440F1AC80C3F3412C5A
:107978000221002386E7C2F86C5530F8021C01F09A
:107988000101BAE7C2F8685530F8021C01F001019C
:10799800B3E7382974D803297FF65AAF0439342954
:1079A8003FF656AF01A353F821F000BFBB7A0000A1
:1079B800057B0000E17A0000597800005978000042
:1079C800597800005978000059780000597800006B
:1079D800597800005978000059780000597800005B
:1079E800597800005978000059780000597800004B
:1079F80059780000FB7A0000F17A0000197B00003A
:107A08000F7B000059780000597800005978000071
:107A1800597800005978000059780000597800001A
:107A2800597800005978000059780000597800000A
:107A380059780000597800005978000059780000FA
:107A480059780000597800005978000059780000EA
:107A580059780000597800005978000059780000DA
:107A680059780000597800005978000059780000CA
:107A7800597800005978000059780000A77A00006A
:107A88004E297FF4E5AE4FF0FF33C2F810360AE70F
:107A98004FEA830A01210023CCF3412CEFE61F2390
:107AA8000022203352F82330FFDE0021C2F80056AE
:107AB80001E74FF0FF33C2F80036F4E66FF0150027
:107AC800BDE8F08F0121C3F3412C0B46D7E600BF78
:107AD8002C1705005C1705004FF0FF33C2F8083675
:107AE800E1E6C2F810560AE74FF0FF33C2F86435F2
:107AF800D9E64FF0FF33C2F86035D4E64FF0FF33D4
:107B0800C2F80436CFE64FF0FF33C2F86C35CAE648
:107B18004FF0FF33C2F86835C5E6002070470022F1
:107B2800203352F82330FFDE00235B60FFDE0023A2
:107B38009B60FFDE10B5104B04461B680BB19847DD
:107B4800C0B963685869A8B14368017A03EBC101F9
:107B58008B4203D30CE008338B4209D25A79002AAE
:107B6800F9D1026819791868BDE81040FFF714BE0A
:107B78006FF0010010BD00BF180A002010B543685F
:107B880002699B6A82B0D3F8041131B10021C3F8AD
:107B98000411D3F804418DF80410D3F8101139B149
:107BA80000240121C3F81041D3F810318DF80410D6
:107BB800936913B1D26901A9984702B010BD00BFFB
:107BC8000022F0B50121122645680769AB6A044610
:107BD800C3F80421D3F804C1C3F81021D3F810C1A5
:107BE800C3F804631960D3F8003483B05B0706D583
:107BF800BB6923B18DF8042001A9FA69984720468A
:107C0800EB6A9847002003B0F0BD00BF122210B500
:107C180043689C6AC4F808231B6B98470123636078
:107C2800002010BD03461B690020C3E906127047F7
:107C3800036900201B60C3E902005B60586170475C
:107C48004022034B83F8212402225A62704700BF66
:107C580000E100E00222044BC3F8A420BFF34F8FD9
:107C6800BFF36F8F704700BF00E100E04022024B76
:107C780083F84D23704700BF00E100E04022024B2B
:107C880083F8C823704700BF00E100E003460020E6
:107C9800184700BF014B1B68184700BFD0CE04200F
:107CA80001210420002270B50D4B0E4DC3F80803C6
:107CB8005961C3F8082142F210740B4ED3F8083109
:107CC8000D4307E0094B1868A6FB0030800CA84755
:107CD800013C04D0024BD3F84C34DB03F2D470BD22
:107CE80000E010505031010083DE1B435C0500208A
:107CF80010B5214BD3F84C14D3F84C24C8031DD429
:107D0800D3F84824D10711D40022002401201A4BAB
:107D18001A49C3F84024C3F80841D3F80821186168
:107D28000A6892B10422C3F8042310BDD3F8502482
:107D3800920714D5FFF7B4FF0022E6E702F003022A
:107D4800012AE2D0002ADFD0F4E7D3F80821002A7C
:107D5800FBD00022C3F80821D3F8083110BD074A28
:107D68001268002ADED1D3F80821002AF1D1D3F80D
:107D78000821002AF7D0ECE700E01050ECCE0420F0
:107D8800FFF78EBF254A4B0910B5D35C01F01F01E0
:107D98000B44DBB200EB4303B3F814E01EF4807F1E
:107DA80013D02EF4F8529A82CEF3432E00F1120328
:107DB80000F1960C01E0634508D033F8022FC2F3B6
:107DC8004321D205F7D58E45F5D110BD002200EB31
:107DD800CE035A60D0F89C2000F19C0122FA0EF3E1
:107DE800DB07F2D4012303FA0EF342EA030CD1E8CD
:107DF800EFEF964503D1C1E8E4CF002CF7D1E4D0EA
:107E0800D0F89C2042EA030CD1E8EFEF9645F6D172
:107E1800C1E8E4CF002CF7D1D7D0F1E76C17050003
:107E2800194B4A099B5C01F01F010B44DBB200EBC4
:107E380043039B8A13F0200F02D013F0020F0DD0DA
:107E4800032A1BD8114B53F8223003EB8103D3F8D4
:107E5800802022F44032C3F8802070470122016854
:107E68005B0B9A40C1F81823026802EB8303D3F82E
:107E7800102522F00302C3F8102570470023203193
:107E880053F82130FFDE00BF6C1705005C170500B2
:107E9800334B30B54FEA511E13F80E3001F01F0175
:107EA8000B44DBB200EB4303B3F814C004681CF0C6
:107EB800200F1AD01CF0020517D14FEA5C3C4FEA9C
:107EC8008C0101F58073E550E35803680B44D3F83F
:107ED800101541F00101C3F810152AB101230268F9
:107EE80003FA0CF3C2F8143330BDD4F81423920308
:107EF80005D44FF40032C4F81423B3F814C0CCF3FB
:107F0800820CBCF1040F0ED0BCF1050F1DD0BEF1E0
:107F1800030F21D8134B53F82E30DB68CB4003F006
:107F28000103023303E00323BEF1030F0FD80E4A07
:107F380052F82E2002EB8101D1F8802022F4403241
:107F480042EA0343C1F8803030BD0223ECE7002346
:107F5800203153F82130FFDE0023DB68FFDE00BF4D
:107F68006C1705005C1705005C1705002DE9F0414A
:107F7800114F4B09FB5C164601F01F021344DBB29C
:107F8800083330F813300D46DA05044609D5C3F333
:107F9800432300EBC302314650F833305268284679
:107FA8009847A3682BB131462846E268BDE8F041FE
:107FB8001847BDE8F08100BF6C1705002DE9F041B6
:107FC80086B002AE34468646144D154F019100F135
:107FD800100815F8012B06AB03EBD20313F8143C79
:107FE80002F00702D34013F0010C0BD10EF1040E7E
:107FF800C64504F10404ECD14FF0000C604606B00D
:10800800BDE8F08197E80F0086E80F002268136A40
:10801800CEF800301362002BE8D0EFE738170500E0
:10802800982E01004B7F2DE9F04188460546D3B1D3
:108038000123194E6424194F1E43436007E0184B6F
:108048001868A7FB0030800CB047013C08D0D5F871
:108058000431002BF3D00023C5F80431D5F80431DE
:10806800002388F81D3098F81E305B0709D50022D8
:108078000C4BC5F80025D3F84033292B03D0332BFC
:1080880001D0BDE8F081084B9D4204BF0023C5F82C
:10809800043CBDE8F08100BF5031010083DE1B4382
:1080A8005C05002000C0FF0000D00450012138B555
:1080B80003685F4DC3F34342C3F30433994002F1AD
:1080C8002003044645F82310BFF34F8FBFF36F8F8B
:1080D800436843B101460368564AC3F8082351F878
:1080E800040BFFF79FFF2368D3F80006D3F8042694
:1080F800D3F8081694F8223013F0010340F0858075
:10810800451C13D07F2800F01F054FEA501C00F2D1
:108118008A80494B53F82C00484B00EB8500D0F877
:1081280080502B4043F00203C0F880304B1C12D023
:108138007F2901F01F004FEA51136FD83E4951F8CB
:1081480023103E4B01EB8001D1F88000034043F03F
:108158000203C1F88030551C12D07F2A02F01F019B
:108168004FEA521055D8344A344B52F8202002EBCB
:108178008102D2F880100B4043F00203C2F880302D
:10818800636A581C12D07F2B03F01F014FEA531269
:108198003FD82948294B50F8222002EB8102D2F817
:1081A80080100B4043F00203C2F880302368D3F8F4
:1081B8000C26D3F81036511C12D07F2A02F01F006B
:1081C8004FEA52112AD81C4A52F821101B4A01EBD7
:1081D8008001D1F88000024042F00202C1F88020FC
:1081E8005A1C12D07F2B03F01F014FEA531210D8EC
:1081F8001148124B50F8222002EB8102D2F880106D
:108208000B4043F00203C2F88030002384F820308A
:1082180038BD0023203153F82130FFDE0023203001
:1082280053F82030FFDE203553F82530FFDE00BF3D
:1082380000E100E00700F81F5C170500F0F0FCFF04
:10824800036A5A1C11D0827F03F01F0012F0020249
:108258004FEA53130AD071B1032B1BD801220F49DF
:10826800824051F823104A607047704761B1032B70
:1082780003D99260FFDE032B0AD801220749824006
:1082880051F823108A607047032BE7D94960FFDE55
:108298008960FFDE00235B60FFDE00BF5C1705001E
:1082A80070B590F822300446D906056802D5D5F88D
:1082B800082182BB1A0703D5D5F80433DB0703D49A
:1082C800D5F8083193B970BDD5F80031002BF7D037
:1082D80000230122C5F80031D5F80011C5F8843C07
:1082E800C5F80823D5F80831002BECD00021261D4D
:1082F800C5F808113046D5F80831FFF7A1FF94F802
:10830800213073B9D4E901310022227304F10C0041
:10831800BDE8704018470023C5F8803C90F822302B
:10832800C8E731462846FFF77DFEEBE7184B10B447
:10833800184CA34238BF9C4623D2DCF81420DCF842
:10834800083043EA020010F003001DD1DCF81010D9
:10835800CCF80C00013901FB0233002901DA0CE0EA
:1083680013461860DCF814200139B1F1FF3F1846B4
:10837800A3EB0202F4D1CCF80C300CF11C0CA44590
:10838800DBD3002010BC70476FF01500FAE700BF80
:10839800580A0020740A002020220023EFF31181DC
:1083A80082F31288BFF36F8F72B683F31188BFF31D
:1083B8006F8FBFF34F8F30BF62B6BFF36F8FEDE79C
:1083C800F8B54768BD6815B195F8B0400CB1002004
:1083D800F8BD8422214605F1140095F8B1600AF031
:1083E80067F91A4B286853F836606EB12146CBB24C
:1083F8009B00442B03F5807208BF845001F10101F2
:1084080008BF83588E42F2D10024114BC0F8444172
:10841800984215BF4FF400514FF000610822062220
:10842800D0F844310B4B43F822100121402285F843
:10843800B010C5F89C10B9680748C1E9030483F86F
:10844800DB2383F80D240020F8BD00BF3C1705008E
:1084580000A00D5000E100E06577000070B54169AB
:108468000446857AC1B1437A0C4EDB070BD500234D
:10847800636105EBC505214606EB85000022BDE8D2
:10848800704007F07FBD05EBC50306EB8303DB698E
:108498001B689B689847EAE7004EEAE7700B0020E4
:1084A8002DE9F04F89B006924268B84B1669026907
:1084B8005B6AD2F8A42080460391079203B19847DB
:1084C800B36D23F02003B365DFF8C492B14CD9F83B
:1084D8000000A4FB0030B04B800C43F0010501956F
:1084E800A847B36D23F01003B365D9F80000A4FBC7
:1084F8000030800CA847B36D43F00403B365D9F886
:108508000000A4FB0030800CA847B36D23F00803DB
:10851800B365039B5BB1079B93F86A33580740F137
:108528004781D9F80000A4FB0040800CA847B36D30
:1085380043F01003B365974BD9F80000A3FB003054
:10854800019B800C9847B36D4FF0FF3023F0010377
:10855800B365D8F81030D8F80420D3F8A430D2F88E
:1085680010A0D3F8A42222F47F5121F03F0112F089
:10857800C05F029108BF41F400324FF4803108BF58
:108588000292D3F8CC20CAF85420D3F8C820CAF8ED
:108598003020029ACAF8002ED3F8B42042F0010223
:1085A800CAF80820CAF81400CAF81810D3F8B82076
:1085B8000699CAF80C20D3F81021CAF8002809B186
:1085C800CAF80028039A1AB9029A42F4027202926F
:1085D800029C0493CAF8004E6E4AD9F80000019B29
:1085E800A2FB0020800C984744F40052CAF8002EE1
:1085F80005F0C8FA40F63542049BCDF8008098464D
:108608008418DFF898B1664F41F10005DAF81430A4
:10861800DA0335D45D4BDB6913B10098984778BB12
:10862800B5F1FF3F08BFB4F1FF3FEFD054EA0503AF
:1086380026D0EFF31181202383F31288BFF36F8FC5
:10864800584B1B68002B63D000231846DBF800202A
:108658009B18DBF8042040EB020281F31188BFF37A
:108668006F8FA342AA410BD2DAF81430D90307D48A
:10867800464BDB69002BD9D0009898470028CFD00B
:1086880098F86A331B0700F19E80069B1BB94FF0D0
:10869800FF33CAF81430B36D23F00403B3653D4CBF
:1086A800D9F80000019DA4FB0030800CA847039B6B
:1086B800002B4CD1D6F8003E079A23F00803C6F8E1
:1086C800003ED2F8B830F360D2F81031C6F800385E
:1086D800D2F81431C6F80438B36D23F00203B36539
:1086E800D9F80000A4FB0040800C00EB8000A847EC
:1086F800D6F8043843F40063C6F804380021202073
:1087080006F09CFE4FF0FF33736109B0BDE8F08FAF
:108718004FF0FF3C6FF04040D7E90023944570EBE1
:10872800030EF9D3CDE90423059BDFF87CE0C3F3FE
:108738001300DFF878C0DEE9003ED31A60EB0E00C4
:10874800CCE900305B0943EAC063D8177EE7079D90
:10875800D5F8B830F360D5F81031C6F80038D5F838
:108768001431C6F80438B36D23F00203B365D9F8A1
:108778000000019BA4FB0040800C9847D5F81431F9
:1087880043F00103C6F80438B8E700BF180A002010
:108798005C05002083DE1B4350310100E89503206F
:1087A80040270E50F4CE0420E0950320D8950320EE
:1087B8003220D9F80030A4FB03439B0C03FB00F0E4
:1087C800019B9847B3E6029BCAF8003E044BD9F8D0
:1087D8000000A3FB0030019B800C984755E700BFC1
:1087E80083DE1B432DE9F04F83B0002400250022CF
:1087F8000221CDE900452F4806F004FC60B9024685
:108808004FF0FF344FF0FF350221CDE900452948EC
:1088180006F0F8FB002849D000250126264B2749F9
:108828001868CD604D608E6005F030FD00283ADB99
:10883800EFF3118A202383F31288BFF36F8F4FF071
:1088480000484FF0404203231D4CC4F80064C4F8AC
:108858005C84C4F85824C4F80034DFF868901A4FD0
:10886800D9F80000A7FB0030184B800C00EB400043
:10887800C0EB001043F0010BD8472660D9F8000080
:10888800A7FB0070800CD847C4F858848AF3118875
:10889800BFF36F8F0E4BD3E8EF1F0131C3E8E21F20
:1088A800002AF8D1284603B0BDE8F08F6FF07300B6
:1088B800F9E700BF6C9F032080CF0420F8CE042086
:1088C80000A005505C05002083DE1B4350310100E9
:1088D800889F032030B583B00024002500220221A0
:1088E800CDE90045034806F08DFBB0FA80F0400959
:1088F80003B030BD6C9F032010B52B4BD3E8EF2F8E
:10890800013AC3E8E12F0029F8D1AAB9EFF31181A0
:10891800202383F31288BFF36F8F4FF000444FF08A
:108928004040224BC3F85C44C3F85804C3F8002401
:1089380081F31188BFF36F8F1D4B186880B3EFF375
:10894800118C202383F31288BFF36F8F03684BB118
:10895800184A934202D11AE093420CD019461B6878
:10896800002BF9D18CF31188BFF36F8FFBF7A8FAAE
:1089780000EAE07010BD13680B60436893420DD0A5
:10898800002010608CF31188BFF36F8F10BD416811
:10899800136891420360F3D14360F1E74160EFE768
:1089A8006FF0150010BD00BF889F032000A0055080
:1089B80080CF0420F8CE042008B50369D3F8A400BA
:1089C80090301022114607F03FF9002008BD00BF83
:1089D8002DE9F0410B780C46566815697BB1012BDF
:1089E8001BD02B691BB121466A6970689847AB692F
:1089F800D3B12146EA697068BDE8F04118472F1DD8
:108A080001223846114607F01FF90222384611465E
:108A180007F01AF92378012BE3D14FF0FF32002138
:108A2800281D07F011F9DCE7BDE8F0812DE9F04FCA
:108A380015464268B1F81AE08C4617690A7E497EE5
:108A4800036983B0CEF3C12401F0030811F00101DA
:108A5800D3F8A46002F07F022B8A019440F0AE8024
:108A68000C4696F86A13890740F1B8804FEA421914
:108A7800002B40F0D5804FF4002E012106EB820A2E
:108A8800CAF8B432EFF3118B4FF0200A8AF3128838
:108A9800BFF36F8F34B1019C0134640704F0C04404
:108AA8004EEA040E07EB0904C4F810E90469D4F887
:108AB800A44094F86A43A4070DD5EC68BCF81AE002
:108AC80014F0030F40F0DD801EF0030F40F0D48057
:108AD800B944C9F8144907EB421EDEF8004914F4FA
:108AE800004F00F0D780B8F1010F08D1B6F86883BD
:108AF80018F0010F14BF44F0805444F000549CF85F
:108B08001880B8F1800F0CBF44F0004444F00444CE
:108B1800CEF800490069D0F8A40090F86A038007ED
:108B28003CD4EC68D1B3104602F1010A07EB0A3ACB
:108B3800BCF81A70C7F30A079F4228BF1F463FB305
:108B480025460022019302F1010E774588BF95F86A
:108B580001E02B7802F1020988BF43EA0E234F4552
:108B680088BF95F802E002F1030888BF43EA0E4384
:108B7800474588BF95F803E002F1040288BF43EA3D
:108B88000E639742CAF8003005F10405DBD8019B53
:108B980001393C44A3EB0703CAD102460123002153
:108BA80006F19C0003FA02F207F04EF88BF31188E5
:108BB800BFF36F8F002003B0BDE8F08FB8F1010F4D
:108BC80054D1CEF30A0104FB01118B4228BF0B4696
:108BD80096F86A13444689073FF548AF07EB4211F8
:108BE800D1F81819CEF30A0B89B20BF1030929F051
:108BF80003098900B1FBF9FA09FB1A110AFB0B11E9
:108C08008B424FEA421905D9CEF3C12B0BF1010B68
:108C1800D34546D88B4228BF0B46002B3FF42BAFD9
:108C280032B3D6E9AB1A8B42CEF30A0E06D9019BB2
:108C380003FB0EE3B1FBF3F101FB03F30EF1FF318C
:108C48001944B1FBFEF1514507D9019B591CBAFBE8
:108C5800F1FA01FB0AF10EFB01F3DFF84CE0C3F374
:108C6800120A0EEAC14E4EEA0A0E07E70121F7E69C
:108C78004FF0030A7F21D6E7CEF30A0E73457FF63D
:108C880027AF8BF31188BFF36F8F6FF0850003B0A8
:108C9800BDE8F08F8BF31188BFF36F8F6FF0010081
:108CA80089E76FF00A0086E70000F81F2DE9F04F0A
:108CB800446803692769147EB2F81AC014F07F0E5D
:108CC800D3F8A46083B0CCF3C1285FD0D6E9ABA9B0
:108CD8000EF158035B01FB5843F0044B0B8A4D8A95
:108CE800CCF30A0CED1A0195CB684D695B1B019D0D
:108CF800EB1A557E05F00305012D68D09A4558D327
:108D08000CF1FF3A9A44BAFBFCFACA4507D908F1B4
:108D18000108B9FBF8F908FB09FA0CFB0AF3374D0F
:108D2800C3F3120C05EACA4545EA0C05002C3DD0F0
:108D380006EB8E04C4F8F45207EB4E14C4F8105B2B
:108D480000694FEA4E14D0F8A40090F86A0385072A
:108D58000AD5088A558BCA680244900734D1A907F6
:108D68002ED13C44C4F8142B0EF158035B0147F88C
:108D780003B0012200210EF1100E06F19C0002FA48
:108D88000EF203B0BDE8F04F06F05EBFD7F8003B27
:108D98007CBB4D7E4FF0010915F0060F4FF07F0A9E
:108DA8000CBF43F0004B43F0044B97E745F0C04538
:108DB800BEE708FB0CC3BAFBF3FA03FB0AF39FE711
:108DC800C5F30A05AB42CCD903B0BDE8F08F08FB68
:108DD8000CC59D4208F1010AF6D8B6F8683313F0BD
:108DE800010F18BF4BF0805B2B4608BF4BF0005BB0
:108DF8008BE74FF001094FF07F0A6DE70000F81F7D
:108E0800002001210B4B0C4AC3F81C01D3F81C01AC
:108E1800596212681AB18022C3F804237047D3F844
:108E28001C21002AFBD00022C3F81C21D3F81C31D6
:108E3800704700BF00E01050E4CE042001218020DC
:108E4800002270B50D4B0E4DC3F808039962C3F8A4
:108E58001C2142F210740B4ED3F81C310D4307E06D
:108E6800094B1868A6FB0030800CA847013C04D0C9
:108E7800024BD3F86C34DB03F2D470BD00E0105021
:108E88005031010083DE1B435C050020F8B5EFF389
:108E98001187202383F31288BFF36F8F1E4A13684C
:108EA80023F0020113F00103116004D087F3118845
:108EB800BFF36F8FF8BD712401201849184AD1F803
:108EC8004013C2F8084329295060C2F80031D2F88B
:108ED80000311DD033291BD042F21074114D124EAF
:108EE80045F001050E4BD3F80C3413F4803306D14A
:108EF8000E4A537187F31188BFF36F8FF8BD0C4B7F
:108F08001868A6FB0030800CA847013CEAD1CDE7E1
:108F18000122034BDA60DFE7E0CE042000C0FF0047
:108F280000E010505031010083DE1B43D8CE0420EE
:108F38005C0500202DE9F04102690B7ED2F8A4708F
:108F48000C4697F86A2303F07F08D10605465BB202
:108F58003CD5002BACBF08F1790608F1490607EBB0
:108F6800860600222146284606F02EFF94F918109E
:108F780032680029207E22F4004332DB3360227EEF
:108F88006B68196902F07F0312064FF0010258BF9F
:108F980010339A40D1F81C3823EA0203C1F81C3870
:108FA800637E03F00303012B0DD1227ED7F834131F
:108FB800D243C2F3C01208EB021803FA08F321EAFD
:108FC8000301C7F834130020BDE8F0814268002B84
:108FD8001669ACBF08F1580308F1480306EB4316BD
:108FE800BFE7618BC1F30A010029C7D0B8F1000FB0
:108FF800C4D022F070732A6923F40043D2F8A41075
:1090080000F07F0091F86AC3B1F840231CF0010F0B
:1090180010D04FF0FF3C00F1010E0CFA0EFC12EAE2
:109028000C0CABD16A6800F13F0E126902EB8E029C
:10903800C2F804C0012202FA00F0B1F8402322EA83
:109048000002A1F8402399E738B50D7E012205F00A
:109058007F050C4606F0B8FE1DB1237D43F00203E0
:109068002375002038BD00BF08B54368026991F830
:1090780018C0D2F8A4001CF0800F1A690CF07F0306
:109088000CBF5833483302EB4312136823F4001320
:1090980043F0805313600B7D6FF341030B750B682E
:1090A8000BB31A68920720D10B7E91F91820012181
:1090B800002AAABF103323F08003DBB25A0900EB61
:1090C800820203F01F03A83201FA03F3D2E8EFCFBC
:1090D8004CEA030CC2E8E1CF0029F7D10222903014
:1090E800114606F0B1FD002008BD5B68002BDBD1FE
:1090F800002008BD38B503690C46D3F8A4501146C2
:1091080095F86A339A07FFD50122204606F03AFF00
:10911800237D9B071ED4012194F91820237E002A61
:10912800AABF103323F08003DBB25A0905EB820291
:1091380003F01F03A83201FA03F3D2E8EF0F184334
:10914800C2E8E10F0029F8D1022205F1900011468A
:1091580006F07AFD002038BD2DE9F04FDFF8D492F3
:10916800D0F80480D9F804300546D8F8107085B0D6
:10917800002B00F04B8198478246002840F042813E
:109188006B681E692B692846D3F8A440FEF76AF875
:109198008246002840F03681336CA74A93428CBF40
:1091A8000023012394F86A2363F3C30284F86A2333
:1091B800736CC4F8A832D6F848A0F26CD6F850B050
:1091C80003921BF0007F00F031814FF08043F36081
:1091D800002140F20E3006F031F9CAF3C103A3F1C1
:1091E8000203B3FA83F394F86A135B0963F341014A
:1091F8001AF4002F039A84F86A1304D0CBB243F010
:10920800010384F86A330123CAF3832C9C44C2F314
:10921800021102F00F0004310B3084F86DC3CBF358
:10922800836C9C4403FA01F183400139013B84F8C3
:109238006EC3C4F8B012CBF3801CC4F8AC3211056D
:109248004FEA124384F86CC3A4F8443305D594F864
:109258006A3343F0040384F86A3394F86A23B368E2
:1092680092074CBF43F0200323F02003B360D6F8E5
:109278000038CAF3811C23F40003BCF1010F23F06A
:10928800030300F0C580ACF1020CBCF1010F00F241
:10929800C2804FF0010C694A1BF4404F18BF42F0DE
:1092A8000802F260C6F8003802230022C6F8043823
:1092B80094F86DA384F86F23BAF1000F2AD0032025
:1092C8004FF0006E13465B00D4F8A81200FA03FBB7
:1092D8000BEA010121FA03F333F0020316D16B689C
:1092E80002F07F011B6912F0800F01F1580A16BFC6
:1092F800483103EB4A1303EB4113C3F800E094F839
:109308006F3394F86DA3013384F86F330132D3B20D
:109318009A45D8D8B36A94F86E0394F86AE31B0C9C
:109328000128A4F848330EF0010E12D900230138A1
:10933800C0B204F552716A6803F1400A1269013338
:1093480002EB8A02526883424FEA124221F8022F46
:10935800F1D1716AA4F84613BEF1000F27D0F36D5E
:10936800374A9BB203EB830303EB8303A2FB03237C
:1093780089B25B09BCF1000F0CBF8F224FF4457214
:109388008B4228BF0B4694F86F1302EB41029342BD
:1093980028BF1346A4F846337362B4F84823B4F8D8
:1093A8004633202A28BF202243EA0243B362002220
:1093B8004023114600922846FBF73AFF0246F8B9C7
:1093C8000090402380212846FBF732FF8246B8B937
:1093D8001C4B2846B361BB6843F00103BB60D8F857
:1093E80020309847D7F80438D9F8082023F002032A
:1093F800C7F8043832B1284605B0BDE8F04F104729
:109408006FF0040A504605B0BDE8F08F3E46B9E655
:109418004FF0804240E71AF4407F0B4A4FF0000CAF
:1094280008BF4FF0804243F0030335E76FF0850A29
:10943800E8E700BF180A00200950544F1000004008
:109448001F85EB5180380C80400000402DE9F04F1B
:10945800066983B007464468D6F8A45006F1840329
:109468004FF00008C6E92133C6E9238805F19003C7
:10947800C5E92433C5F8988005F1A803D3E8EF2F90
:10948800C3E8E18F0029F9D105F1AC03D3E8EF2F48
:10949800C3E8E18F0029F9D105F19C00C5E927004F
:1094A800C5F8A4804FF0FF32114606F0CDFBC5F891
:1094B8003C83C5F8348396F880309A4A23F06A03CF
:1094C800926943F06A0386F880300AB138469047BB
:1094D800002296F88030D4F8308003F0010303F2BC
:1094E800FF330093E36A4FF0030E10461546A16A56
:1094F800C3F3832CCDF8048004E0944502F1010302
:109508006BD01A464FEA42080EFA08F30B4023FACA
:1095180008F333F00203F0D1E1684301194491F8EC
:109528001280002A00F0E28048F0040881F81280D6
:10953800E168194491F8128048F0020881F8128015
:10954800E168194491F8128048F0080881F81280FF
:10955800E16896F88090194491F8128069F304182C
:1095680081F81280E168DDF800801944A1F81080C4
:10957800E168194491F8128048F0400881F8128097
:10958800E16819440A76D4F80C80D7F8109008EBF3
:10959800030109F1A00ADAE8AFAF1AF0010F40F0B1
:1095A800BB8091F818A00AF00F0B1AF0800F18BFB3
:1095B8000BF1100B49F82B1048F8035001F1080380
:1095C800C1E90153CB6063680130834240F2A08057
:1095D8009445A16A02F1010393D1DDF804800023C8
:1095E800C8F3836808F1010201964FF0030E18468C
:1095F8001D4616465FE048F0040881F81280A1680D
:10960800114491F8128048F0020881F81280A1688C
:10961800114491F8128048F0080881F81280A16876
:10962800DDF80480114498F8809091F8128069F36D
:10963800041881F81280A168DDF800801144A1F8AF
:109648001080A168114491F8128048F0200881F830
:109658001280A16863F07F08114481F81880D4F85B
:109668000880D7F8109008EB020109F1A00ADAE89F
:10967800AFAF1AF0010F4FD191F818A00AF00F0BF5
:109688001AF0800F18BF0BF1100B49F82B1048F88F
:10969800025001F10802C1E90152CA602268013092
:1096A800B24228BF324682422BD99C4503F10102BF
:1096B80027D01346A16A4FEA43080EFA08F20A4077
:1096C80022FA08F2012AF0D8A1684201114491F85F
:1096D8001280002B8FD148F0010881F812804FF0DA
:1096E8004008A1681144A1F81080AAE748F00108D1
:1096F80081F812804FF04008E1681944A1F8108001
:1097080036E73846E3699847002003B0BDE8F08F94
:10971800DDF80480A16A62E76FF00C0003B0BDE8D1
:10972800F08F00BF180A002010B40369024644688D
:10973800191D002059609960D86003F12001D1E813
:10974800EF3FC1E8EC0FBCF1000FF8D16068836807
:10975800DB6B13B1034910BC18476FF0570010BCFE
:10976800704700BFD9890000F8B50124344BD3E80D
:10977800EF2FC3E8E14F0029F9D1002A4BD0EFF3CE
:1097880005851DB92F4B1B78002B52D1EFF311859E
:10979800202383F31288BFF36F8F01272A4C2B4EA7
:1097A800D4F84C24D4F84C3412F4803F03F003036B
:1097B80001D0012B29D01FB372B6002383F311887F
:1097C800BFF36F8FBFF34F8F20BF85F31188BFF3AF
:1097D8006F8F62B6D4F8403413F0FF03E0D1D4F8A9
:1097E8000821002ADCD001224FF48041C4F8083156
:1097F800D4F80831C4F84024C6F8A0112261CFE794
:109808000021202005F01AFEE4E767B90423C4F814
:1098180004330020F8BD0E490E484A60CA608C60C7
:1098280004F034FDABE785F31188BFF36F8F002098
:10983800F8BD0422044B2F46C3F80823AEE700BF47
:10984800C4CE04205B13052000E0105000E100E0C6
:10985800B4CE042024CF04202DE9F04F804643687D
:1098680087B01F6903690D46D3F8A4401646FEF772
:1098780017FED8F81030D3F8A4E0D8F804301969E6
:10988800DEF8B0300B60DEF8B4308B60DEF8B8304C
:10989800CB60DEF8BC308B61DEF8C0304B62DEF89E
:1098A800C4308B62DEF8D030CB659EF86E33012B66
:1098B80088BF01230ED90EEB830003F13F02D0F8D5
:1098C800D00001EB820250609EF86E230133DBB2B8
:1098D8009A42F0D81DB9DEF81431C1F80438DEF820
:1098E80018210023C1F81028DEF81C214FF0030BC3
:1098F800C1F81428DEF820210EF59279C1F81C2849
:1099080001941AE0022A13D14FEA431A0EEB83009E
:10991800D0F824228A44CAF8102BD0F8642203F124
:10992800580CCAF8142B6246D0F8E401520188504A
:109938000133102B09F1040924D0DEF8A8024FEAFC
:10994800430A0BFA0AF2024022FA0AF203F148002B
:10995800012A01EB431C4FEA4010D3D8D9F8404004
:109968004FEA431ACCF81049D9F88040CCF814498A
:10997800D9F800400C50002AC8D00133102B09F147
:109988000409DAD1019C94F86A336FF3041384F85C
:109998006A33D8F81030A033D3E8AF2FD3E8EF1FDD
:1099A80021F00401C3E8E21F002AF7D102238DF851
:1099B8000C3000230493D8F810304046D3F8983080
:1099C800CDF8148003A99847002D41D104F1A803CC
:1099D80004F1AC0576B30022D3E8EF1FC3E8E02F0B
:1099E8000028F9D1D5E8EF3FC5E8E12F0029F9D1E2
:1099F8004046FDF787FCB4F84233C3B1012093FA1F
:109A0800A3F2B2FA82F200FA02F123EA0103A4F8FF
:109A18004233D8F8041093010A6943F02003136114
:109A280013699B06FCD4B4F84233002BE7D107B086
:109A3800BDE8F08FD3E8AF3FABB9D5E8AF3F002B17
:109A4800D9D0082204F19000114606F0FDF8D2E7BB
:109A58002020002105F0F2FCD7F8043823F0010398
:109A6800C7F80438B2E7022204F19000114606F064
:109A7800EBF8D5E8AF3F002BBDD0E2E703462DE970
:109A8800F04F9E4A90F8B1A053F8048B52F83A6010
:109A98008FB001900393D8F81403002E00F02181B1
:109AA800002501272A462C46AC46C0B240F40030B7
:109AB800D3B29B0003F580719B0807FA03F31842A1
:109AC80008D058F801502DB148F801404CEA030C71
:109AD80058F8013001329642EAD1D8F84431654647
:109AE80003BB5FEA8C3624D4CDB10124039E019FC9
:109AF80095FAA5F3B3FA83F303F5A27258F8222076
:109B080004FA03F107EB430325EA01053046B3F8ED
:109B1800A010C2F30142FEF729FA002DE8D10FB0D8
:109B2800BDE8F08F0023C8F84431D8F844314CF42C
:109B380000350023714A0AA802EBCA02D2F8049041
:109B4800CDE90A334946CDE90C33FEF737FA042349
:109B5800CDF820804FF0010BC84603EBCA0A0995DF
:109B6800674D684F0AAE15F8013B64490AEBD3020A
:109B78008A5C03F0070322FA03F3DC071AD4624B6A
:109B880004369D4207F10107EDD1089BD3F8443113
:109B98002BB10023089AC2F84431D2F84431414627
:109BA8000AA8FEF70BFA0028DAD1DDE9088525F4C2
:109BB800003599E73368002BE1D097F800901A46F2
:109BC8004FEA49194B46CDE904850697CDF81CA004
:109BD80092FAA2F2B2FA82F24C4842EA03014D0923
:109BE800405D01F01F04DDF804C02044D708C0B26E
:109BF8000CEB400002F0070216F807C00BFA02F25D
:109C08002CEA0202032D808AF25531D8404AC0F36B
:109C1800820C52F82580C00608EB8409D9F88070B8
:109C28006246C7F301474FEA840A3CD4022F24D086
:109C38003848BCF1030F50F825505544D5F880003A
:109C480020F4403040F40030C5F8800025D0032FC0
:109C580002D1BCF1020F20D032680BFA04F4C8F824
:109C68002040002AB4D1DDE90485DDE9067A86E7DB
:109C78000023203453F82430FFDE2648BCF1030FBC
:109C880050F825005044D0F8805045F44035C0F8CD
:109C9800805002D0BCF1010FDED103980293FEF789
:109CA80065F9029BD8E703980293FEF75FF9D9F8A4
:109CB8008020029BC2F30142BA42CDD1154A52F824
:109CC80025205244D2F8801021F44031C2F8801087
:109CD800D2F8801021F4403141EA0741C2F88010DF
:109CE800BAE7D8F84431002B3FF419AFC8F84461FB
:109CF8004FF40035D8F844311BE700BF3C17050086
:109D080038170500381705003C1705006C170500C3
:109D18005C1705005C1705002DE9F0472D4B82B054
:109D2800D3F82C53002D41D04FF001094FF0000813
:109D3800294E06F1880795FAA5F0B0FA80F0331895
:109D480093F85410254C01EB410206EB8202D268CD
:109D580009FA00F34FEA800C644425EA03054FEA48
:109D6800410CDB432AB3D7E8EFEF0EEA0302C7E85A
:109D7800EA2FBAF1000FF6D102012EFA00F302F130
:109D8800A042DB0702F562221AD5D2F82435D2F8B0
:109D980020258C44216806EB8C0C29B1C4F800807E
:109DA800DCE9031400948847002DC4D102B0BDE853
:109DB800F0872368002BF7D02260002DBBD1F5E790
:109DC80001F10C0306EBC30E56F83320DEF804301D
:109DD800DFE700BF00200E50D000002000210E5009
:109DE8002DE9F84F03698046D3F8A4400026DFF830
:109DF8009CA0DFF89CB0274F274B0AEB0B05A7EB7D
:109E08000509E36004F15803C4E9163352462349AF
:109E18004846C4E90666A66008F03DFC5A46314645
:109E280009EB0A0008F044FC05F10F034FF4007C2D
:109E38004FF08075A9F10802C4F8802023F00703C9
:109E4800174AA3671749FB1AA7F50077276792688F
:109E5800154F21F00101A3F12000C4F874C043E9B3
:109E6800087843E9066643F8081C43F8045C206553
:109E7800C4F88460666584F86C6002B1D26FE267EA
:109E8800204605F075FEBDE8F88F00BF0000000011
:109E980008000000705F05200104F800BC2D0100D7
:109EA800249B03201529000081CC000010B4EFF397
:109EB8001180202181F31288BFF36F8F2E4A136817
:109EC80043F002041460DA0737D480F31188BFF333
:109ED8006F8F0022294B2A49D1F84013C3F810216B
:109EE800D3F81001C3F81821D3F818012929C3F8A9
:109EF8001421D3F814311CD033291AD000200121A1
:109F08001E4B204AC3F80001D3F8000119601268FB
:109F180022B17122C3F8042310BC7047D3F8002182
:109F2800002AFBD00022C3F80021D3F8003110BC6E
:109F380070470122114B9A60E0E7104BD3F80C34BC
:109F4800DB03C2D5EFF3118481F31288BFF36F8F5F
:109F58000D4AD36D03F0C00343F00203D36584F3C5
:109F68001188BFF36F8F80F31188BFF36F8F0020C4
:109F780010BC04F00FB800BFE0CE042000E0105081
:109F880000C0FF00D8CE042008CF0420042804D045
:109F980007280CD0022807D07047064BD86D10F060
:109FA8000700F9D103F0F6BF012003F0F3BF022048
:109FB80003F0F0BF08CF0420104605F0A5BC00BF91
:109FC80070B505690446A96505F1480005F09CFCD3
:109FD800002385F884302469A36AA3B11A7D92B15D
:109FE8009A88D2040FD4186998B90121A36A98688D
:109FF8001A7B036991401B68194205D0BDE870407F
:10A008008368DB68184770BD8368BDE870401B69CA
:10A018001847064B06491B68064AA1FB03139B0C0D
:10A0280003FB00F042F001029047DEE75C050020E8
:10A0380083DE1B43503101002DE9F84F04690746C0
:10A04800266F4368A16F002E00F0AF8011B18E42D9
:10A0580028BF0E46B3F83080D4F86C90B04528BFBE
:10A06800B046D4F874A0B9F1000F40F09180BAF16D
:10A07800000F00F0F2804E46002900F0A4800AF09C
:10A088006043B3F1005F06D0B8F1080F28BF4FF066
:10A098000808D4F88CA0C4F8808036B1266F002E4A
:10A0A80018BF464609B94FF0000894F8213004F16A
:10A0B800040B002B40F0FE80636813B1012384F881
:10A0C800213001215846C4E90496C4E906A8FEF7E0
:10A0D800B7F82568B9F1000F05D009F06043B3F16E
:10A0E800005F40F0C180BAF1000F05D00AF060436C
:10A0F800B3F1005F40F0B8800023C5F84C37C5F8CD
:10A108001437C5F83C97C5F84067C5F804A7C5F8E3
:10A118000887C5F80831D5F80831D5F8003594F81E
:10A128002220073B18BF0123644963F3820284F8A5
:10A138002220D1F84033292B3ED0332B3CD00723A3
:10A14800C5F8003594F82230DE0604D58223C5F818
:10A15800803C94F8223018070DD58223C5F8843C3A
:10A168006368002B66D000220123C5F80021D5F8CA
:10A178000021C5F804336368002B5BD001232B60F2
:10A188006368002B3FD00423C5F80433BDE8F88F7B
:10A1980009F06043B3F1005F22D1BAF1000F7FF4F8
:10A1A8006AAF4646C4F880807DE700296ED13846FC
:10A1B800BDE8F84FFFF704BF414B9D4204BF02239F
:10A1C800C5F8043CBBE7C4F88080002E3FF46BAFB1
:10A1D800266F002E18BF464600293FF464AF64E797
:10A1E800B8F1080F28BF4FF0080849464246D4F88E
:10A1F800880008F050FA636FD4F88890E66E002B58
:10A2080038D0A16F38E794F822205846D10644BFC9
:10A21800C5F8803C94F822200021130744BF00238E
:10A22800C5F8843CFEF70CF859462846BDE8F84FB7
:10A23800FDF7F8BE01232B60D5F80831002BFBD0C1
:10A24800D5F80831002B9BD00023C5F80831D5F884
:10A25800083195E7BAF1000F27D14FF00009C4F88B
:10A2680080804E46CA461EE700236FF00C0184F832
:10A2780021309CE7C4F88080002E3FF414AF266F8D
:10A28800002E18BF46464FF000080EE7B3F830809E
:10A29800D4F86C90884528BF8846D4F874A0B9F1E2
:10A2A800000FD7D0BAF1000F01D04E46E7E6C4F848
:10A2B8008080F8E66FF00F0179E700BF00C0FF006B
:10A2C80000D0045038B503781BBB0C69D4F8802043
:10A2D800002A2FD0636F43B3A56FDDB9236F9BB1FD
:10A2E8009A4207D89B1A2367002B41D0E36E0BB123
:10A2F8001344E36645B1954206D3AD1AA56725B365
:10A30800636F0BB113446367E06FBDE83840FFF734
:10A3180093BE38BDC168A1B1994212D01846D4F88D
:10A328008C1008F0B8F9D4F88020236FA56F002BA3
:10A33800D6D1DFE7E06F6FF07301BDE83840FFF773
:10A348003FBE236F002BCBD1D5E7D4E919230832C0
:10A35800013BC4E9192323B921E00832C4E91923D0
:10A36800EBB15168013B0029F7D0A1671368CAE730
:10A37800D4E917130831013BC4E9171323B90AE0DC
:10A388000831C4E9171333B14868013B0028F7D0F6
:10A3980020670B68ADE700210B462167A9E700227B
:10A3A8001346A267AFE700BF10B50469E36A8B42A2
:10A3B80032D1A26A934232D194F88420002A31D152
:10A3C8000BB11A7D1AB9236C9BB1002010BD186916
:10A3D800A8B90121A36A98681A7B036991401B6890
:10A3E800194283680CBF1B69DB689847236C002BF4
:10A3F800EBD1E36204F1380005F086FAE5E70B4B90
:10A408000B491B680B4AA1FB03139B0C03FB00F0D1
:10A4180042F001029047DCE76FF0770010BD6FF063
:10A42800150010BD6FF00F0010BD00BF5C050020C7
:10A4380083DE1B43503101000022012300B585B0A3
:10A44800CDE90223CDF800D00369CDF804D0C9B214
:10A45800EFF3118C202282F31288BFF36F8F01EB88
:10A46800410203EB8203DA6D02F0070EBEF1010F21
:10A478000ED002F0C002802A8CF31188BFF36F8FD0
:10A488000CBF6FF077004FF0FF3005B05DF804FBAC
:10A498008022DA658CF31188BFF36F8F084AC3F8FE
:10A4A80058D05A65436853F83130984743F60952F3
:10A4B8000023684604F082FD05B05DF804FB00BF88
:10A4C800C19F0000F8B5634C4B09E45C01F01F0C18
:10A4D80016686444E4B20EB300EB440EBEF81450A0
:10A4E80005F02205222D00F0A680032B00F2AC8097
:10A4F800594D367855F8235005EB8C05D5F8803042
:10A5080023F00F0343EA8603C5F88030BEF8143001
:10A5180023F0020343F00103AEF8143055682DB35D
:10A5280000EB440CBCF814302E789F076D6851D4AA
:10A5380041F6DF7E03EA0E03ACF81430002D4AD052
:10A54800032E78D853685B681D78036803EB85038E
:10A55800002E47D1C3F81065C3F81065BCF8143055
:10A5680023F01C0343EA8603ACF8143093687BB3EA
:10A57800D3E90056FDF706FC55B343689D4202D166
:10A5880083689E425AD000F19C07D0F89C1000299D
:10A5980057D0B1FA81F20123C2F11F02934021EA98
:10A5A8000303D7E8EFCF8C4504D1C7E8EE3FBEF1EF
:10A5B800000FF6D1E9D153029BB200EBC202C2E907
:10A5C800015600EB4404A28A134343F48073A38228
:10A5D8000020F8BD7DBB23F01C0343EA8603ACF8DA
:10A5E8001430C3E741F6F07ED3F8107527F003075F
:10A5F800C3F81075076807EB8507D7F8103523F4FB
:10A60800473323F47C73C7F810350EEA0113D7F8E3
:10A6180010E543EA064343EA0E03C7F8103500EB9A
:10A628004503A3F8A010BCF8143043EA453343F0BF
:10A6380020039BB2CFE76FF01500F8BD00231A4640
:10A64800BBE76FF00B00F8BD00230CF1200C53F8AA
:10A658002C30FFDE6C1705005C1705002DE9F04F64
:10A66800D406154640F2063448BF0322476804EA78
:10A6780005043B7C58BFC2F3401289B001F01F06A5
:10A68800B4F5837F4FF0000A46EA43168DF80B2095
:10A6980000F02C815AD8062C00F0E48040F2928019
:10A6A800B4F5807F40F0948001240123280303FA45
:10A6B80001F35FD4690348BF79684FEA561948BF68
:10A6C8008B60B86800285CD0974B06F01F0B13F816
:10A6D800092005F440315A44D2B200EB4208530035
:10A6E800B8F814200193930640F102814FEA523AD8
:10A6F800002972D1D40748BF009140F1CD8031467E
:10A70800FDF78EFBB8F81420930600F1AD803146B2
:10A71800FDF738FB0022B9F1030FA8F8142000F266
:10A72800FD80824B53F82920814B02EB8B02D2F833
:10A7380080100B4043F00203C2F88030009B002BCE
:10A7480000F0A980002009B0BDE8F08F40F2022394
:10A758009C4200F08580B4F5407F08BF0524A4D052
:10A76800B4F5007F34D1012328034FF0040403FA21
:10A7780001F39FD579684FEA56194B60B8680028ED
:10A78800A2D1B9F1030F06F01F0600F2BD80694B94
:10A7980053F82900C5F3404300EB8600D0F8801039
:10A7A80085F4803621F47061C6F3004621F00F016C
:10A7B80043EA46030B4343EA820343EA0423C0F80F
:10A7C8008030BFE7002C3FF470AF022C3FF46DAF30
:10A7D8006FF0150009B0BDE8F08F00230093002347
:10A7E80003AA0692314605AACDE9033305930793D8
:10A7F800FFF768FE0028A5DB15F40033B8683DD0E4
:10A80800019B9DF80B201844838A05F480359E0728
:10A8180001D4990696D413F01C0F01D0002D91D0C5
:10A82800B9F1030F74D8B5FA85F5230243EA820318
:10A83800404A6D0952F8291043EA450301EB8B01A0
:10A84800D1F8802022F4706222F00F02134343F003
:10A858000103C1F88030838A43F0030383826DE7E4
:10A86800062422E7082420E70024510B026802EBA3
:10A878008102C2F81045C2F8104548E7CDE9063311
:10A8880031460DF10B0305AA0593FFF71BFE0028BF
:10A89800FFF658AF52E7B86890F8B110264850F85C
:10A8A800213000EB810423FA0AF2D2073FF54AAFC0
:10A8B800012202FA0AF243EA0205D4E8EF6F9E4247
:10A8C80003D1C4E8E75F002FF7D13FF43BAF50F85E
:10A8D800213043EA0205D4E8EF6F9E42F5D1C4E87F
:10A8E800E75F002FF7D13FF42DAFF0E70924DCE64E
:10A8F80031B9D2077FF526AF6FF015030093FEE656
:10A908006FF0150300936AE7203650F82630FFDE13
:10A9180000230BF1200B53F82B30FFDE0BF1200B3B
:10A9280052F82B30FFDE00BF6C1705005C170500DE
:10A93800F0F0FCFF5C170500100A00202DE9F0413B
:10A9480044689446A068227C01F01F0586B045EA59
:10A958004215002800F0B680BCF5001F00F090807A
:10A9680000226068667CBCF5800FCDE90122466252
:10A9780072D0B3F1C06F00F08180B3F1007F14BFD3
:10A988000123022300208DF8043001AB0493E3680F
:10A9980003AACB4013F001034FEA551E039005F0BC
:10A9A8001F01906002D1BCF1A07F37D0514B13F842
:10A9B8000E30A0680B44DBB200EB43039B8A990678
:10A9C8001ED590F8B1C04C4E5B0B56F82C108DF884
:10A9D800033021FA03FE1EF0010F11D1012000FA05
:10A9E80003F343EA010E06EB8C00D0E8EF7F8F42B9
:10A9F80004D1C0E8E8EFB8F1000FF6D168D1A0683B
:10AA08002946FFF75FFD002805DB01222946A068DB
:10AA1800FDF73EFA002006B0BDE8F081BEF1030F55
:10AA280064D83648334B50F82E7013F80E6001F195
:10AA3800200CA06857F82C700E44F6B200EB4606BE
:10AA4800FF07B68AB3D4B7061ED5760B8DF8036018
:10AA58000DF103030293D3E7B3F1007F0CBF042089
:10AA6800052001AB039204930592224B4FEA551E31
:10AA780003AA05F01F018DF8040098E7032381E776
:10AA88002946FDF7CDF9C5E790F8B1001A4E06EB57
:10AA9800800C56F82010C1B1B1FA81F70123C7F133
:10AAA8001F07BB4021EA0303DCE8EFEF8E4504D122
:10AAB800CCE8E83FB8F1000FF6D1EAD1A0688DF8EC
:10AAC8000370C5E76FF08500A5E76FF00B00A2E7FC
:10AAD80056F82C1043EA0107D0E8EFEF8E458DD1E8
:10AAE800C0E8E87FB8F1000F88D0F5E7203153F8C7
:10AAF8002130FFDE6C170500100A00205C170500E6
:10AB08002DE9F041584BD3F80443E60404D5D3F8B3
:10AB18003021002A40F0A080A50405D5524BD3F877
:10AB28003421002A40F09180600405D54E4BD3F8BB
:10AB38003821002A40F081804B4ED6F80C3313F0B0
:10AB480071032CD001250024484F09E0062B00D1C1
:10AB58007C713B689847D6F80C3313F071031ED00C
:10AB6800B3FA83F3C3F11F039A0002F5807292B21D
:10AB780002F1A04202F58712146005FA03F1042BD2
:10AB88001268D8B2C6F80813E0D1022220237A71DD
:10AB9800C6F81441D6F81421C6F80433D9E7324D63
:10ABA800D5F80C3313F00C0330D00124304E06E0F6
:10ABB80033689847D5F80C3313F00C0326D0B3FA52
:10ABC80083F30021C3F11F039A0002F5807292B249
:10ABD80002F1A04202F587121160022B04FA03F178
:10ABE8001268D8B2C5F80813E2D1D5F84C34D5F8B4
:10ABF8004C349907DCD10423C5F84044C5F8043324
:10AC08002C61D5F80C3313F00C03D8D1164BD3F8BC
:10AC1800042312060FD5D3F81C2162B1002080212D
:10AC2800C3F81C01134AD3F81C01C3F808131368AE
:10AC3800BDE8F0411847BDE8F08100220120C3F8C3
:10AC48003821D3F83831904776E70020C3F834012B
:10AC5800D3F83431804767E70022C3F83021D3F8AE
:10AC68003031904758E700BF00E01050D8CE04209C
:10AC7800ECCE0420E4CE04202DE9F04F91B0CDE9CC
:10AC880001238B8842689B040F46064604690B9291
:10AC980003D5236C002B00F0F4814FF0FF324FF006
:10ACA800FF3304F1380004F089F9E7623569706808
:10ACB80095F885E00168BEF1000F03D0AB6A9F42AA
:10ACC80000F02681B7F804C01CF4006F18BF6FF0BD
:10ACD800850540F0BC811CF0090F40F0C781CCF31A
:10ACE8004513082B40F0C2813B68A34A934240F2C7
:10ACF800BD81994228BF19464368027D079383683E
:10AD080090F825A00893C36890F826B009930369C2
:10AD18001CF0020F0093837D0CF004080493837FDA
:10AD28000D93036A0A9390F82430059390F827301E
:10AD380090F82800069040F09C81B8F1000818BFF0
:10AD48004FF001082868CCF30019D0F80006CDF8B8
:10AD58000C90B0F1FF3F18D01CF0020F00F01F0E4E
:10AD6800CCF340094FEA501040F00782032800F264
:10AD7800BC824FF0010C0CFA0EFCDFF800E25EF822
:10AD88002000C0F808C095F885E0BEF1000F40F03B
:10AD9800D98195F82000002840F08782DFF8E091FB
:10ADA8002868DFF8E0C1DFF8E0E1484508BFF4466D
:10ADB800BCFBF1F901FB19CCE14540F2578119F0D0
:10ADC800010F40F05381B9F17E0F00F24F81B9F1C4
:10ADD800010F00F04B816D49AE6069606C49BAF1B2
:10ADE800000FD1F8401308BF4FF0020B292900F0DB
:10ADF8002882332900F0258295F822100C9363F3FA
:10AE0800000162F3410185F82210002B35D1B8F119
:10AE1800010F94BF0021012107980E9203F086F8D4
:10AE28000C9B0898194603F081F8099B5A1C0E9A46
:10AE380017D07F2B03F01F014FEA53100C9B00F231
:10AE48004A824E4B53F8203003EB8101D1F8800041
:10AE5800504B03400D9843EA800343F4A063C1F8C4
:10AE6800803082F0010100980C9203F05FF80A9894
:10AE7800012103F05BF828680C9ABAF1000F00F082
:10AE8800D38113464FF0FF31069A696292B9079A47
:10AE9800C0F80026089AC0F80426099AC0F80826BF
:10AEA8000A9AC0F80C26009AC0F81026C0F8B835DF
:10AEB800C0F8B0B5049BB8F1020FC0F8C035039BC9
:10AEC800C0F82C9500F0E481B8F1030F00F0DD81A3
:10AED800B8F1010F00F0D681C0F85435059BC0F8D1
:10AEE800AC356B685BB12B68C3F30F33012203F0F9
:10AEF8001F002949C3F34313824041F8232001234B
:10AF08000022AF6285F8212085F8203085F8853049
:10AF1800012384F884300B9BDD6B681C40F0B680FD
:10AF2800019B002B00F02281019B1B68E365002B2D
:10AF380000F01D81019A526822663AB919E1083376
:10AF4800013AC4E91732002A00F013815968002930
:10AF5800F5D021671B68E366029B002B00F0FF8099
:10AF6800029B1B686366002B00F0FA80029A526805
:10AF7800A266D2B9F6E000BF47E801005C170500F9
:10AF880000D004500024F4000020A107CDA2000046
:10AF980000C0FF00F0F0FCFF00E100E00833013AD8
:10AFA800C4E91932002A00F0DD8059680029F5D07B
:10AFB800A16719680022A36A6167A2651BB11A7D9F
:10AFC800002A40F0EA803046FFF736F8226E42B198
:10AFD800E36D03EBC20000225968083383420A4438
:10AFE800FAD1A56E5DB10021636E03EBC505586803
:10AFF8000833AB420144FAD18A4238BF0A464FF4BB
:10B00800FA53A16A02FB03F3D1F800C047F61225F0
:10B01800B3FBFCF340F2E7300021C833E3FB050142
:10B028004FF47A720023F5F745FD04F1480702460C
:10B038000B46384603F0C2FF002840F03981A56D61
:10B0480015F1740F00F03481002D40F0C480A36A1C
:10B0580013B19B889B0405D40023E36204F13800F4
:10B0680004F052FC284611B0BDE8F08F6FF01505CA
:10B07800EDE7B8F1000F14BF4FF003084FF00208D6
:10B0880060E6E36A99427FF408AE0FE6986B9A4B44
:10B098006F09DB5D05F01F094B44DBB200EB43038E
:10B0A8009B8A0022990644BF4FEA53384FEA880822
:10B0B800294654BF4FF4A27808F58078FCF7E8FEDB
:10B0C800032F00F20C814FF0FF3C6FF040418B4B97
:10B0D800DFF82CE253F827708A4B07EB8907D7F87B
:10B0E8008020134043F00C03C7F88030DEE90023CA
:10B0F800944571EB0309F9D391464FF0FF3E6FF089
:10B10800404C03687E4903EB080ADAF800304BB973
:10B11800D1E9002396457CEB0308F9D3A2EB090299
:10B12800C72AF2D92946FCF77BFED7F88020754B51
:10B13800134043F00403C7F88030019B002B7FF4D1
:10B14800F3AE13E02846CDE90E320C91FCF7AEFFC2
:10B15800DDE90E3200200C9985F8850019E6636652
:10B168000023A36600231946A36723E7E3650023AA
:10B178002366002213462267EDE6032800F2B88012
:10B188004FF0010C0CFA0EFCDFF870E15EF82000BD
:10B19800C0F804C095F885E0F7E5012198681A7BA6
:10B1A800036991401B681942836814BF1B69DB68F7
:10B1B8009847A36A186900283FF405AF524B534AD1
:10B1C8001B68A2FB0323524A9B0C03FB00F042F0CE
:10B1D80001029047F7E63669B36A002B3FF437AFB0
:10B1E8001A7D002A3FF433AF9A88D2043FF52FAF77
:10B1F800186958B1444B454A1B68A2FB03239B0CB2
:10B2080003FB00F0424B43F0010398470121B36A66
:10B2180098681A7B036991401B681942836814BFB8
:10B22800DB681B69984712E74FF0FF3C0099CDF89F
:10B2380000C095F822C0534662F3410C85F822C03D
:10B2480022E695F8221041F0100185F822103149C4
:10B25800D1F84013292925D1B9F1020F1BD018F0D4
:10B26800010F18D14FEA59010131C9B2594538BF08
:10B27800594695F822C05FFA81FB4CF0080C85F816
:10B2880022C0B9E543F0020326E643F0060323E6AD
:10B2980043F0040320E695F822106FF3C30185F804
:10B2A8002210A9E53329D7D0A6E56FF07705CEE6B9
:10B2B80000252046C4F88050FCF7F8FE6FF07301B3
:10B2C800304684F88550FEF77BFE384604F000FCD3
:10B2D8006FF07305BBE6203153F82130FFDE002301
:10B2E80009F1200953F82930FFDEC9F80890FFDE7C
:10B2F80000235B60FFDE00BF6C1705005C170500CC
:10B3080040270E50F0F0FCFF5C05002083DE1B4355
:10B318005031010000C0FF002DE9F04F4468054698
:10B328000669606B87B04368017A03EBC1018B4201
:10B3380003D30AE008338B4207D25A79012AF9D19C
:10B34800026819791868FCF727FAE16B481C51D193
:10B35800E36A9847D6E90C4304EBC3039C4219D22D
:10B3680023682BB1DB685A78D20701D51B7823B143
:10B378006FF0120007B0BDE8F08F204602F0FAFF28
:10B38800002804F10804F5DBD6E90C3203EBC2030C
:10B398009C42E5D3B36A93B11A7D82B1186900283B
:10B3A80040F089800121B36A98681A7B036991404B
:10B3B8001B681942836814BFDB681B699847336CA4
:10B3C800002B72D06B68586B4368017A03EBC1019C
:10B3D800994203D80AE00833994207D95A79002AD2
:10B3E800F9D1026819791868FCF7D6F9002007B076
:10B3F800BDE8F08F01238DF8023002238DF8043068
:10B408000023D4F8388005930DF1030398F8B1C0F0
:10B41800364F02930DF10203039301AB049307EB3C
:10B428008C0E57F82C00002892D0B0FA80F34FF019
:10B438000109C3F11F0309FA03F220EA0202DEE858
:10B44800EFAF824504D1CEE8EB2FBBF1000FF6D168
:10B45800E7D1404603AA8DF80330FFF733F80028F8
:10B46800BFF676AF98F8B1C09DF8033057F82C2096
:10B4780007EB8C0122FA03FE1EF0010F0DD109FA29
:10B4880003F342EA030ED1E8EF8F904504D1C1E8F7
:10B49800E9EFB9F1000FF6D11AD110F1130F3FF40B
:10B4A80069AF411D3FF466AF52E7F36206F1380019
:10B4B80004F02AFA86E70E4B0E4A1B68A2FB032308
:10B4C8000D4A9B0C03FB00F042F00102904769E72C
:10B4D80057F82C2042EA030ED1E8EF8F9045DBD1D4
:10B4E800C1E8E9EFB9F1000FD6D0F5E7100A00205E
:10B4F8005C05002083DE1B43503101002DE9F04B31
:10B5080094480168002980F2A380934CD4E900652F
:10B51800911B63EB0500490941EAC06148018019A4
:10B5280045EBD16565600026002520608B488C4C72
:10B53800C0E90023C4E900560B46EFF3118B4FF026
:10B54800200888F31288BFF36F8FDFF81892864FB0
:10B55800D9F8006039604E4500F08B80002E00F06D
:10B56800ED80824DD6E90442D917A34271EB020C53
:10B5780026DBD5E90032002100201B19C6E90401A9
:10B5880042EBE47230462B606A6002F0DFFA8BF31C
:10B598001188BFF36F8F3046B3689847EFF3118B6C
:10B5A80088F31288BFF36F8F3B68D9F800601B1BC4
:10B5B8004E453B605ED0002ED4D13246D91706E006
:10B5C800E41A62EB01027261D9F8002034610020AC
:10B5D80038602868C0186B68286043EB01034A4547
:10B5E8006B6032D08AB3D2E90403B0F1004F73F133
:10B5F80000022ADA002BB8BF002003F07BF88BF397
:10B608001188BFF36F8FEFF31186202383F312881D
:10B61800BFF36F8F564C574BA5681A68954268D090
:10B6280000215548227C1960825C42B16B7BDB06A5
:10B6380005D1524B9D4202D0EB897F2B3DD986F331
:10B648001188BFF36F8FBDE8F08B6FF00040D4E72F
:10B6580020291BD001244A4D04FA01F1D5E8EF4F07
:10B668000C43C5E8E64F002EF8D14FF0FF310160DA
:10B678004BE73E4D00212A686FF00040D2182A603F
:10B688006A68396042EBE3726A60B6E7EFF31185E6
:10B6980081F31288BFF36F8F3A4C2168013921601A
:10B6A80031B9394CD4F8181521F00301C4F818152C
:10B6B80085F31188BFF36F8FD7E795F90E308B426A
:10B6C800BDDBE1692A688D4214BF1346002369680F
:10B6D8000A605160A068E7699BB193F90E1090F970
:10B6E8000E208A4201D0914221DC9F4209D01B687A
:10B6F800F2E7284603F06AFA86F31188BFF36F8FE2
:10B70800A1E7224B476003603860E061A7699F4268
:10B718000BD057B1A368BB4202D0384603F056FAA3
:10B728002846676103F052FA89E7E768F2E75A6842
:10B73800C0E9003210605860144BE7E70B4A3E60DE
:10B74800D2E900305B1840EBE171C2E900316FF0DB
:10B75800004052E7040A0020E0950320D09503201A
:10B76800D8950320080A0020F4CE0420E895032089
:10B77800249B0320CCCE0420C8CE0420788E03203E
:10B78800149B0320109B032000E004503C9B0320E3
:10B7980040222DE9F8438C4B8C4983F8E423D1F8F7
:10B7A80018378B4C23F44033C1F818372378002B13
:10B7B80040F00381D1F81025052722F00202042663
:10B7C800C1F8102507206722D1F8105545F001056A
:10B7D800C1F81055C1F8A476C1F8AC6602F00101B1
:10B7E8000B440138DBB24FEA5202F7D1052B40F087
:10B7F800E78005464FF0010E754E5FFA85FC002D77
:10B8080000F0BC80012D40F2CD8001226621134654
:10B818000EFA02F221EA020191FAA1F20133DBB237
:10B828006345B2FA82F2F3D10135A118052D3275BC
:10B8380081F8543006F10C06DFD101220025654954
:10B84800830802FA03F313F0670F18BF455004305A
:10B858003028F5D110225C4BDA6140F6FF750022E2
:10B868005A495D48D1F8103523F00203C1F8103564
:10B878005A4BC1F828531A60A3F5807104338342E8
:10B888000A60F8D10127514D554E2F66554A306848
:10B89800554BA2FB0020800C00EB40003B43C0EB63
:10B8A800401098472770D5F810359F0700F185801C
:10B8B800D5F8103543F00203C5F81035D5F8481708
:10B8C80011F0010167D0414BD3F84027D3F8442742
:10B8D8005000F9D4002957D03268424B4349A3FBA2
:10B8E80002038A424FEA934303EB431361D9374A71
:10B8F80001E0013B5DD0D2F84017D2F84417490067
:10B90800F7D4002B55D03A4802F06CFB002833DB03
:10B9180001274FF0FF356FF04040364BDFF8ACC0E1
:10B9280093F808E0A36807FA0EF73B433249A3608F
:10B93800D1E90089454570EB0906F9D304EB0E01FE
:10B9480091F8541028F01F0201EB410104EB810427
:10B958002A49C9F31303C1E9002300204FF0FF323D
:10B968004FF0FF33264D274EC5E90023C4E9036095
:10B9780084F814E0CCF82473BDE8F883357584F8AE
:10B9880054500C36012538E7D3F8482722F0010235
:10B99800C3F84827A0E7D5F8483743F00103C5F8AE
:10B9A800483790E701230C363372022584F8553066
:10B9B80023E76FF07300BDE8F8836FF07700DBE7EB
:10B9C8006FF08B00D8E700BF00E100E000200E50C8
:10B9D800D000002000210E50B0210E5080210E50C2
:10B9E8005C05002083DE1B43403101003F420F000D
:10B9F800000A0020F809002040270E50E095032097
:10BA0800D095032005B5000038B5094C094DAC4266
:10BA18000BD2D4E9011204F10C0320461B60143444
:10BA28005B60F8F765F8AC42F3D3002038BD00BF7F
:10BA3800740A0020880A002070B5044685680669E3
:10BA4800EB6B98472369A033D3E8AF3F9B0712D528
:10BA58002B6B2046984706F1A0030646D3E8EF1F54
:10BA680021F00201C3E8E21F002AF7D120462B6C1F
:10BA78009847304670BD6FF07706F7E701F003018D
:10BA88000229837C06D003290FD0012905D003F0B1
:10BA980001007047C3F38000704713F0080003D01B
:10BAA80012F4C05F09D10846704713F00200FBD0BA
:10BAB80012F4C05F01D101207047C3F30010704732
:10BAC80040B1C368587810F0010003D01878B0FA74
:10BAD80080F04009704700BF0120694B6949D3F8DD
:10BAE8004033694AC1F80008292BD2F800246AD0EB
:10BAF800332B68D0654BD3F8002590070DD5D3F8C4
:10BB08000035D9070FD509200F210122604BC3F852
:10BB18000C05C3F804151A60FEE75E495E4AC3F8CF
:10BB28000015C3F80025594BD3F80825920718D4F7
:10BB38005849594AC3F80815C3F80825534BD3F890
:10BB4800102590071BD5D3F81035D9071DD5092026
:10BB58000F2101224E4BC3F80C05C3F804151A60D7
:10BB6800FEE7D3F80835DB07E8D509200F210122C5
:10BB7800474BC3F80C05C3F804151A60FEE745499E
:10BB8800454AC3F81015C3F81025404BD3F81825BB
:10BB980092071DD43F49404AC3F81815C3F8182521
:10BBA8003A4BD3F80027900720D5D3F80037D907A8
:10BBB80022D509200F210122354BC3F80C05C3F803
:10BBC80004151A60FEE70122344BC3F80C2491E7F0
:10BBD800D3F81835DB07E3D509200F2101222C4BB8
:10BBE800C3F80C05C3F804151A60FEE729492A4A68
:10BBF800C3F80017C3F8002710B429490022D1F868
:10BC08008C3043F44063C1F88C3009E0D3F8001459
:10BC180081B1D3F80014D3F80434402A0B6009D05A
:10BC2800D30003F57F0303F54043D3F80014013232
:10BC38000131EBD11B4BD3F80026D20703D56FF0A7
:10BC48000102C3F800260024174B1548D3F818152D
:10BC58000D4A21F00301C3F81815D3F81815C3F8D5
:10BC68001815D0F88C1041F44061C0F88C10C3F856
:10BC7800A045D2F80034012BFBD010BC704700BFA0
:10BC880000C0FF00000012500090045000F00E5059
:10BC980000801050F000FA500100FA5000300550B2
:10BCA80000ED00E000E0105000E0045070B50646DA
:10BCB800184B8A0E1B68C6F3824E1B6803EBC20042
:10BCC800057925B353F832200EF1FF3E0023043ADC
:10BCD80002E00133AB421AD052F8044F94F801C085
:10BCE800F445F6D141F2640406F13042A2F50A2285
:10BCF800A24294BF4FF48072802203EB8303D940A1
:10BD080001F01F0141F00041B150002070BD6FF0FB
:10BD1800150070BDAC9A0320154B421C70B553F842
:10BD2800204053F82260B44206D30DE02B7EDB0797
:10BD38000BD50834B44207D26568002DF6D12368C4
:10BD480008349847B442F7D370BD6B6953B128469D
:10BD5800984738B10028B8BF4042FF28A8BFFF2045
:10BD6800EB681870EA68537843F001035370E0E712
:10BD7800F81605002DE9F04F064683B0EFF311835E
:10BD88002025019385F31288BFF36F8FF7F790FE94
:10BD9800F46806F10C07A7423BD0002C39D04FF0CD
:10BDA800000A4FF000084FF0000900E05CB3EFF321
:10BDB800118185F31288BFF36F8FA3685BB1D4E953
:10BDC800003213605A60637BC4E9008923F00203E0
:10BDD8006373C4F808A081F31188BFF36F8F04F16F
:10BDE800180002F083FEEFF3118B85F31288BFF37E
:10BDF8006F8F204602F026FF8BF31188BFF36F8FF9
:10BE0800F468A742D2D1019803B0BDE8F04F03F01F
:10BE180059BD019B83F31188BFF36F8F03B0BDE851
:10BE2800F08F00BF70B5044682B0EFF31185202172
:10BE380081F31288BFF36F8FC16871B9344B98686A
:10BE480090F90E300131C4E90313A06085F311881D
:10BE5800BFF36F8F002002B070BD2D48A6688068C0
:10BE6800864201D12369EDE752EA030149D090F9EE
:10BE78000E1096F90E006FF07E0C8142A8BF0146A5
:10BE88006145B8BF6146884232DC00262846214613
:10BE980003F030F80028DDD0EFF31185202383F379
:10BEA8001288BFF36F8FA06890B1236821699C4204
:10BEB8000AD04BB193F90E309942A8BF19466FF0DA
:10BEC8007E039942B8BF194690F90E30994207D1BE
:10BED80056B985F31188BFF36F8F6FF00A00BAE780
:10BEE80003F066F90028F3D0284603F0EBFCF4E7EA
:10BEF8003046CDE9002303F05BF9DDE9002306466F
:10BF0800C4E785F31188BFF36F8F6FF00F00A2E7C6
:10BF1800249B0320EFF31181202383F31288BFF3BE
:10BF28006F8F084B9A68D37B013BD37381F31188D9
:10BF3800BFF36F8F00694FF0FF324FF0FF3384304B
:10BF4800FFF770BF249B03202DE9F8438368002B7B
:10BF580057D02D4A9268934250D1C3680446012BAA
:10BF680004D9013BC3600020BDE8F883EFF31186D4
:10BF7800202383F31288BFF36F8F8068216990F9BB
:10BF88000E3099420BD12568AC4200D055B9002338
:10BF9800C4E9023386F31188BFF36F8FE3E703F038
:10BFA80007F9F0E70027D5E900324FF000084FF015
:10BFB800000913605A606B7BC5E9008923F002030E
:10BFC8006B7305F11800AF6002F090FDA56095F95C
:10BFD8000E302361C5F88870EFF31184202383F3B2
:10BFE8001288BFF36F8F284602F02CFE84F3118865
:10BFF800BFF36F8F304603F065FCB4E74FF0FF30B6
:10C00800B2E76FF01500AFE7249B032038B5164A56
:10C01800164BC3E90620164C4FF0FF334FF0FF32A2
:10C028002046FFF7FFFE63690133012B636108D0E7
:10C038002046FFF789FF00250E4B0F4A1A60284655
:10C0480038BD0E48FBF7BCFD051E06DB2046FFF792
:10C058007BFF002DEFD0284638BD6369013B636143
:10C068002046FFF771FFEAE7316E0000689F032062
:10C07800489F032080CF042040CF0420942C010047
:10C0880038B50E4C4FF0FF334FF0FF322046FFF724
:10C09800C9FE6369002B02DD013B63612BB10025FA
:10C0A8000648FFF751FF284638BD0548FBF7AEFDA7
:10C0B800051EF5DA636901336361F1E7489F0320E0
:10C0C800942C010008B500698430FFF73DFFBDE8F6
:10C0D800084003F00BB900BF014670B5EFF31185B6
:10C0E800202484F31288BFF36F8F0468C4B12368D7
:10C0F800426823F00303944208BF43600360236847
:10C108009B0705D185F31188BFF36F8F204670BD5B
:10C11800666854F8040C211FFFF72CFE3446F1E73B
:10C1280010461843EED02846083102F0E3FE0028F6
:10C13800ECD1024B9B681C69E8E700BF249B0320F5
:10C1480030B503690C46D3F8A42085B00968C9B195
:10C158000B680546980701D0496899B1237E9BB9B9
:10C168004B7EDA0706D52B69D3F8A43093F86A33E7
:10C178009B0707D522462846FCF798FD237D43F008
:10C188001003237505B030BD1806F3D5802B29D0D0
:10C198000A4628462146FCF749FC0028EED0002232
:10C1A80000232046FFF798FF062203462C690395D3
:10C1B8008DF80420029004F1A002D2E8AF2FD20734
:10C1C800E0D54FF0FF326FF06E0CDA7783F81EC0BF
:10C1D80083F8202083F821202846D4F8983001A934
:10C1E8009847CFE74B7E5B0705D592F86B3343F052
:10C1F800010382F86B336B681A69D2F80039980327
:10C20800C6D523F0004343F08063C2F80039BFE786
:10C218002DE9F0430446002285B00E4603F0D4FD14
:10C228002369D3F8A43093F86A7317F0020703D090
:10C2380096F91870FF43FF0F002200233046FFF7DE
:10C248004BFF30B34FF006086FF070094FF0FF3521
:10C25800002FFFD0236902908DF80480039403F126
:10C26800A002D2E8AF2F12F0010F01A90AD080F87E
:10C278001E90C57780F8205080F82150D3F8983068
:10C2880020469847002200233046FFF725FF002864
:10C29800DED10020337D6FF30413337505B0BDE89C
:10C2A800F08300BF2DE9F0470369D0F8049000211E
:10C2B80005461C68D3F8A480D9F81070F9F700F87F
:10C2C80088BB80212846F8F7FBFF064658BB28465E
:10C2D800D9F8243098472022314608F1900003F01D
:10C2E800B3FC98F86A33DB0622D4BB68284623F0EF
:10C2F8000103BB60D7F8043843F00203C7F80438D9
:10C30800FAF7B0FF01E0F8F759FA002200232046B7
:10C31800FFF7E2FE0028F6D10C4BDB682BB128466C
:10C32800BDE8F04718476FF004063046BDE8F087CF
:10C33800012231462846FCF7B3F898F86A33A8F882
:10C34800426366F3041388F86A33CEE7180A0020BC
:10C358002DE9F04F02694368D2F8A4201B698DB01B
:10C36800029392F86A338246DE06079200F16684E9
:10C378004FF00109029BD3F818B0CDF818B0564613
:10C3880002E0009B180574D4029B5C69069B23405D
:10C39800009300F03684009BDC0400F14883009B86
:10C3A800980400F1F582009B002BC0F21C83009BCF
:10C3B800590300F10282009BDD0600F1C281009B57
:10C3C800180300F19A80009B1906DAD58023029A97
:10C3D800536172683369D2F81080D3F8A450EFF330
:10C3E8001184202383F31288BFF36F8FB5F83C23A1
:10C3F80092B305F19C0792FAA2F1B1FA81F109FA18
:10C4080001F3DB431A4008EB411EA5F83C23DEF894
:10C41800000B9BB2002859DBB5F83AC32CFA01FA95
:10C428001AF0010F1CBF03EA0C0CA5F83AC3B5F8C3
:10C438003EC32CFA01FA1AF0010F0BD00CEA030CD8
:10C4480040F40010A5F83EC3CEF8000B00294DD0EB
:10C45800B5F83C23002ACED1D8F8043843F48063D9
:10C46800C8F8043884F31188BFF36F8F009B180550
:10C478008AD54FF40063029AB24653613369A033F8
:10C48800D3E8AF2FD3E8EF1F41F00401C3E8E21F60
:10C49800002AF7D103238DF8243000230A93DAF811
:10C4A8001030CDF82CA0D3F89830504609A99847F9
:10C4B800079B93F86C33012B7FF461AF2022079B15
:10C4C800114603F1900003F0BFFB58E709B140F0B3
:10C4D8008040B5F83EC32CFA01F2D20758BF40F0AD
:10C4E8000060ABD4CEF8000B0029B1D14FF48032F4
:10C4F8003846114603F0A8FBAAE772683369D2F8F8
:10C5080010A0D3F8A430DAF81428DAF818780393CE
:10C518003F0C01922CD0D3469033059397FAA7F598
:10C52800B5FA85F50BEB4513D3F8082B01994FEABB
:10C53800451A01EA0204C3F8084B3169D1F8A4107E
:10C5480091F86A13890700F1C18004F001082307F4
:10C5580000F1EB80A00610D4B8F1000F1CD1A3079E
:10C5680009FA05F868D46FEA08031F40D6D1DA46FD
:10C578004FF40023CAF8143025E773681A69D2F813
:10C5880000399903E8D523F0004343F08063C2F8EB
:10C598000039B8F1000FE2D03169736851F82520ED
:10C5A8001B69507E5344D3F810CBD1F8A48000F017
:10C5B80003001168002900F0FA820B689B0703D07A
:10C5C8004968002900F0F3823369CCF3120ED3F8DE
:10C5D800A430012893F86AA30AF00203049308EB35
:10C5E8008503D3F8F4A2CAF31203A3EB0E0300F0F9
:10C5F80047820498002800F02982002B40F0D3825B
:10C6080005F1100209FA02F208F1AC03D3E8EF0FC2
:10C618001043C3E8E10F0029F8D1114608F19C0046
:10C6280003F012FB082208F19000114603F00CFBFE
:10C63800A30709FA05F896D505F158035B0105F13A
:10C6480010025BF8034009FA02F2039B114603F15A
:10C658009C00C4F3814403F0F7FA012C83D1039BB7
:10C66800B3F83A33EB40DC077FF57DAF336953F815
:10C678002540002320460022FFF72EFD0346B8B1CF
:10C688000622CDE90A0635698DF8242005F1A002B5
:10C69800D2E8AF2FD0070BD500229A77DA7783F844
:10C6A800202083F821203046D5F8983009A99847EA
:10C6B80021463046FFF744FD03996FEA0803B1F8B5
:10C6C8003A2322EA0802A1F83A234EE714F00108B7
:10C6D80031D012047FF53BAF4FF40042C3F8082B6A
:10C6E800DBF8143B24F0010253F8081C039853F8B4
:10C6F800043CC0F87013C0F87433200712D414F047
:10C70800200F14463FF42BAF73681A69D2F800392A
:10C7180099037FF524AF23F0004343F08063C2F808
:10C7280000391CE714464FF000080422059811460A
:10C7380003F08AFA0EE72107F7D4A2067FF50FAFB8
:10C74800E2E7736819690B6A03F00F07C3F30A106D
:10C75800C3F34343022B00F0C481062B7FF42FAEB2
:10C7680000283FF42CAE0137082801EB07314FF0C1
:10C778000002074628BF08273369D3F8A450131DC1
:10C788000A68BB424FEA124485F8702385F8724361
:10C79800C2F307224FEA142485F8712385F87343FE
:10C7A8004FF0040205F10405E9D398427FF607AE7D
:10C7B800043398420A68FBD801E672683369D2F8F4
:10C7C80010B0D3F8A4E0DBF810380193DBF8183880
:10C7D8001FFA83F8B8F1000F00F090800EF19C0367
:10C7E8000593CDF80CE003E018EA0A0800F086800B
:10C7F80098FAA8F7B7FA87F73D460BEB4513D3F835
:10C808000849019A01371440E207C3F8084909FAB0
:10C8180005F378D4620619D50BEB4511D1F8002938
:10C82800900313D525B9039890F86B03C0070DD46E
:10C83800002AC0F23D81039AB2F8382322FA05F1A2
:10C84800C90742BF03999A43A1F838236FEA030A3C
:10C85800A207C9D505F1480252015BF802401A4601
:10C868001946059803F0F0F973681A69230C03F464
:10C87800707343F020031361116911F02001FBD19B
:10C88800C4F38144012CAFD1039BB3F83833EB4098
:10C89800DB07A9D5326907F10F03DBB252F8234051
:10C8A8000491002220460023FFF716FCB8B10623A6
:10C8B800CDE90A068DF82430336903F1A002D2E8E5
:10C8C800AF2FD7070BD504998177C17780F820104F
:10C8D80080F82110D3F89830304609A998472146A6
:10C8E8003046FFF72DFC039A18EA0A08B2F83833E5
:10C8F8000AEA0303A2F838337FF47AAF4FF48023AF
:10C90800CBF8143057E5306907F10F02D2B250F86E
:10C918002210D0F8A4A00A68002A00F0D28010687B
:10C92800800703D05268002A00F0CB800AEB85000C
:10C93800D0F8B4C2108AD2F80CE0A0EB0C0080B298
:10C94800F4441082C2F80CC038B130460493FCF7A6
:10C958006DF8049B00283FF45DAF09FA05F20AF16F
:10C96800AC01D1E8EFCF4CEA020CC1E8E0CF0028D7
:10C97800F7D11A4619460AF19C00049303F064F9AA
:10C9880008220AF19000114603F05EF9049B41E782
:10C998004FF40053029A5361736832691B69D2F8E5
:10C9A800A400D3F8083890F86A235B089B0102F0CA
:10C9B8001F0243F02003134380F86A3301229030AA
:10C9C800114603F041F90425002233690B968DF8CE
:10C9D80024500A92D3F89830304609A99847009B0A
:10C9E800002BBFF6E4AC4FF00043029A5361336961
:10C9F800A033D3E8AF2FD3E8EF1F21F00401C3E839
:10CA0800E21F002AF7D100250222CDE90A56336930
:10CA18008DF824203046D3F8983009A99847079B09
:10CA28002022294603F1900003F00EF9BFE44FF4E9
:10CA38008052029B30465A61FAF764FC079B202219
:10CA4800002103F1900003F0FFF8A8E4002B3FF465
:10CA5800D7AD508BC0F30A00B3FBF0FC00FB1C33CE
:10CA6800002B7FF4CDADCB684869181A4B8A1B1A86
:10CA7800088A83423FF4C4AD3046FCF717F96EE5E7
:10CA8800CAF3C940CCF3C942821ACCF341700128D9
:10CA980000F09B80022800F0AE80002800F0A880FB
:10CAA800049A002A7FF4ACAD0A8AD31A0B82A7E550
:10CAB80022F0004242F080426FEA030AC1F80029DE
:10CAC800C6E607228DF824206FF068020A923269C0
:10CAD8000B963046D2F8982009A904939047049BF6
:10CAE80098E6336953F827301B68002B00F09E80C6
:10CAF8007268D2F810C01A68940740F08B80DC681E
:10CB0800198A5D8A5A696D1AA21AAD1A854228BF18
:10CB180005465FEA95081ED007F1010E4FEA0E326E
:10CB28005CF8022001F1040BB8F1010FA3F810B072
:10CB38000CEB0E3E62500ED001228346198ADEF8B5
:10CB48000000DC68013201F1040A9045A3F810A046
:10CB58006050F3D1584615F0030812D07A1C12031E
:10CB68005CF8022009A9099288441A8A11F801EB95
:10CB7800DC6802F1010A4145A3F810A004F802E0BC
:10CB8800F3D18542BFF41BACC31C5B1B9B083FF46D
:10CB980016AC002201370CEB073C01329342DCF85B
:10CBA8000010FAD10BE4088A1844088251E70723D9
:10CBB8008DF824306FF068030A9333690B9630467A
:10CBC800D3F8983009A99847C9E4A2F10302B2FA48
:10CBD80082F25209002A3FF463AF049A002A3FF414
:10CBE8000FAD002B3FF40CAD0A8A13440B8207E506
:10CBF800012AF2D054E7A2F10202B2FA82F25209F3
:10CC0800E8E7B2461B4B5B696BB150460DB0BDE817
:10CC1800F04F18475B68002B7FF471AF1D468542C3
:10CC2800BFF4CDABB0E70DB0BDE8F08F1D4673681B
:10CC38008542D3F810C0BFF4C2ABA5E7029B9C6D38
:10CC480025069C650AD5C4F3C143022B06D1802270
:10CC5800079B114603F1900002F0F6FF04F40074FC
:10CC6800002CCFD0402207981146903002F0ECFFFC
:10CC7800C8E700BF180A00202DE9804806468DB095
:10CC88002DE0A2060FD53046DAF824309847202246
:10CC98000021029802F0D8FF830600F1DD813046BA
:10CCA800DAF82030984714F0C00F12D03046DAF87E
:10CCB80024309847C0220021029802F0C5FF039B48
:10CCC80093F86A33DD0600F1B4823046DAF8203092
:10CCD8009847E10748D430698430FFF735F933695C
:10CCE800D6F804A0D3F8A430DAF8102003939033D0
:10CCF8001846049202934FF0FF334FF0FF3400229E
:10CD0800CDE900344FF0FF3102F07CF93369044675
:10CD180084334FF0FF3218464FF0FF33FFF782F8A5
:10CD2800A70700F16E81250700F1E480620721D48E
:10CD3800E106A6D530220021029802F085FF039B68
:10CD480093F86A3313F0100300F07A82DAF824308B
:10CD580030469847304600220121FCF77DFD3046D9
:10CD6800DAF8203098478CE701220021029802F077
:10CD78006BFFB0E704220021029802F065FF3369D7
:10CD88000022D3F8A400196C0546059090F86B337F
:10CD98006FF3000380F86B33304603F015F829462B
:10CDA80005F1AC03D3E8EF0F20F00110C3E8E20F60
:10CDB800002AF7D1336901F55C721F68D3F8408007
:10CDC800079306924FF0FF3203F184004FF0FF33D0
:10CDD800FFF728F8002240460023FFF77DF918B333
:10CDE8004FF006096FF0670B4FF0FF3533690A9073
:10CDF8008DF824900B9603F1A002D2E8AF2FD2074A
:10CE08000BD580F81EB0C57780F8205080F82150E7
:10CE1800D3F89830304609A99847002200234046A5
:10CE2800FFF75AF90028E1D1002238460023FFF71E
:10CE380053F9002800F041824FF006096FF0670BA4
:10CE48004FF0FF351EE033690A908DF824900B9659
:10CE580003F1A002D2E8AF2FD2070BD580F81EB09D
:10CE6800C57780F8205080F82150D3F898303046A4
:10CE780009A99847002200233846FFF72DF9002812
:10CE880000F01B82437ED907DDD5034606203A7D94
:10CE98006FF304123A7598F814206FF3041288F8A7
:10CEA8001420198ADA6801F108051D82059DD5F854
:10CEB8007073069D6D6857500A4455603569CDE911
:10CEC8000A368DF8240005F1A002D2E8AF2FD20768
:10CED8000BD500229A77DA7783F8202083F821206F
:10CEE8003046D5F8983009A9984730698430FFF75B
:10CEF8002BF81DE708220021029802F0A5FE039BEB
:10CF080093F86A3313F0100300F0C38100274FF041
:10CF180001084FF00609002F3FF408AF97FAA7F26F
:10CF2800B2FA82F208FA02F30F2A27EA03073169F4
:10CF3800D3B23DDC103351F823502A68002A00F0A0
:10CF4800D68113689B0703D05268002A00F0CF816E
:10CF5800138A002B50D1297E802947D000232846E8
:10CF68000022FFF7B9F82B7D6FF304132B750346E6
:10CF7800D6F810C08DF824900B960A900CF1A002F8
:10CF8800D2E8AF2FD0070BD500229A77DA7783F84B
:10CF9800202083F821203046DCF8983009A99847EA
:10CFA8002B7DD906B7D429463046FFF7C9F8B0E734
:10CFB800103BDBB251F82350002328460022FFF72C
:10CFC8008BF803460028EBD03269D2F8A42092F8F7
:10CFD8006A239207FFD52A7D6FF304122A75D6F8C3
:10CFE80010C0CDE90A368DF82490C7E7517E0807AE
:10CFF800B4D563F3C301517629463046FBF716FDD5
:10D00800CEE702220021029802F01EFE039B93F84D
:10D018006A3313F0100300F0468100250127002D24
:10D028003FF481AE95FAA5F3B3FA83F3DAB20F2B86
:10D0380007FA03F03169A2F11003CCBFDBB202F1A9
:10D04800100351F8231025EA00050B7DD806E6D415
:10D058003046FFF775F8E2E773681D693369D3F85E
:10D06800A4702B6897F86E03C7F8B030AB68012836
:10D07800C7F8B430EB68C7F8B830AB69C7F8BC304C
:10D088006B6AC7F8C030AB6AC7F8C4302B6BC7F8F7
:10D09800C8306B6DC7F8CC30EB6DC7F8D0300ED9FF
:10D0A80000230138C0B207F1D00103F1400205EBBB
:10D0B800820252680133984241F8042FF5D1D5F81D
:10D0C80000380022C7F81031D5F804384FF0030CA7
:10D0D800C7F81431D5F81038A146C7F81831D5F873
:10D0E8001438D7F8A802C7F81C31D5F81C3807F54A
:10D0F8009271C7F8203107E0022B00F097800132C7
:10D10800102A01F104013FD04FEA420E0CFA0EF347
:10D11800034023FA0EF3012BEED802F1480E4FEA32
:10D128004E1E55F80E4005EB421E14F4803F14BF06
:10D1380044F0005444F080540C60DEF810490C644C
:10D14800DEF814494FEA421EC1F88040002BD6D1C0
:10D1580002F158035B01EB5807EB8208DC034CBF74
:10D1680043F0005343F08053AE44C8F8E431DEF88E
:10D17800103B0132C8F82432DEF8143B102AC8F8F4
:10D18800643201F10401BFD1D5F8003E4C46C7F81E
:10D19800A432AB6D43F00203AB65DFF87091DFF8A2
:10D1A80070B1D9F80000ABFB00305A4B800C43F04B
:10D1B8000108C047D5F8003E43F00103C5F8003E1A
:10D1C800D9F80000ABFB0030800CC047AB6D43F0D2
:10D1D8000103AB65D9F80000ABFB0030800CC047F9
:10D1E800AB6D43F4822343F4A063AB65D9F8000028
:10D1F800ABFB0030800CC047AB6D43F00803AB6558
:10D20800D9F80000ABFB0030800CC047AB6D43F091
:10D218002003AB65404B1B6A0BB13046984797F823
:10D228006A3343F0100387F86A3338E54FEA421E41
:10D238008EE7C0F3801200213046FCF70DFB44E571
:10D24800049DD5F8042842F00102C5F80428326983
:10D25800A032D2E8AF1FD2E8EF0F20F00400C2E8F6
:10D26800E10F0029F7D1CDE90A3602238DF82430E1
:10D2780033693046D3F8983009A998473F200021F0
:10D2880002F0DCF8D5F8043823F00103C5F80438B7
:10D29800F7E4039AAC32D2E8EF7FC2E8E13F002915
:10D2A8003FF435AEF7E7039AA832D2E8EF5FC2E859
:10D2B800E13F00293FF4B2AEF7E701233A7D079832
:10D2C8006FF304123A7598F814206FF3041288F873
:10D2D8001420059A80F8B030D2F87013069A526874
:10D2E800C0F8A810C0F8AC2080F8B130FDE50723DD
:10D2F8008DF824306FF068030A9333690B96304633
:10D30800D3F8983009A998474AE600BF5C05002081
:10D3180083DE1B4350310100180A002001222DE949
:10D32800F04F424B03208FB0414E424D1A70FEF72A
:10D33800F3FC0420FEF7F0FCAE4216D23446D4E9E2
:10D348000223D4E90001E769D4F820C0CDE9037CC1
:10D35800A7690297676901972769009700F026FF78
:10D3680023685C653034AC42E9D3EFF311812023A4
:10D3780083F31288BFF36F8F2F4FBA68D37B013BBB
:10D38800D37381F31188BFF36F8FAE421CD2284C40
:10D398002A4E05E0084602F0EBFB3034AC4213D2CB
:10D3A800D4E90A23B3F1FF3F08BFB2F1FF3FF4D03D
:10D3B800216852EA030001F11800EBD031463034FD
:10D3C80001F0B4FAAC42EBD301F090FF00228023C5
:10D3D8004FF480711A48CDE90A3309901948089228
:10D3E8000D920C91F6F7D8FA38B1174A137B23F04F
:10D3F800010313730FB0BDE8F08F1448F6F7CCFAA9
:10D408000028F2D11248FEF75BFB0028EDD0104847
:10D4180008A9F4F743FC0028E7D108260D4DDFF8EA
:10D428003890DFF8388000240A4B1CE05B13052095
:10D43800E82C0100E82C0100249B0320E1EC00000B
:10D448005247425064160500088F03205C160500F9
:10D45800CC2C0100C09F03205A130520A09F032055
:10D468000134082CC1D09A682033002AF8D199F8E1
:10D4780000304FEA441B05EB441A002B00F0F18101
:10D488004FF4806100220023BE4801F0EBFD48F80C
:10D4980024000028A9D005EB0B03002298604FF464
:10D4A800806051464FF0010AC3E90402B64883F888
:10D4B80004A0F4F78DFD013EB5D1B449B448C1E9E3
:10D4C80001660E60CE600861C1E90566B149B248DF
:10D4D800C1E90266B14C48600E60D4F800145246A7
:10D4E80041F00101C4F8001433463146304606962F
:10D4F800F7F73EFC0246AA4B20461A6004F084FD6A
:10D5080000287FF472AF4022A64B83F856234FF4CD
:10D5180080029A60F6F730FD4FF470426FF0060112
:10D52800A14805F0C5F84FF074594FF07E58DFF860
:10D538007CA29F4E0AF12005CAF1000404EB0A0000
:10D54800F3F774F84946F3F7C9F80146F2F7BEFF56
:10D558004146F2F7B9FF3146F3F7C0F8F3F784FA1A
:10D56800C31F03F307030AF8013F5545E6D14FF0FF
:10D5780072594FF07E58DFF83CA28D4E0AF14005F3
:10D58800CAF1000404EB0A00F3F750F84946F3F730
:10D59800A5F80146F2F79AFF4146F2F795FF3146A2
:10D5A800F3F79CF8F3F760FA073800F307000AF876
:10D5B800010F5545E6D1804C804EDFF80482DFF834
:10D5C800049204F15405A078431EDBB203EB8303F5
:10D5D80006EB8301002840F0528129231D22494689
:10D5E8004046F6F7E7F91C34A542ECD17648FEF739
:10D5F80067FA002800F0BC8000224FF40055734BF6
:10D608007349744C704819607349C3E90222C3E92D
:10D618000522DD615A601A61F4F7BEF920466F49A8
:10D62800F9F71CFB002840F0A08020466C49F9F768
:10D6380015FB002840F0998020466A49F9F70EFB4F
:10D64800002840F0928020466749F9F707FB002838
:10D6580040F08B802046F7F731FC012800F09281DA
:10D668000020624902F0B6FD00287ED1604DDFF847
:10D678008481454511D2DFF880916B6849461E6860
:10D688003046F3F731FA28B10021304603F0D2F8DA
:10D6980000286AD118354545EFD34E48F9F7BEF949
:10D6A80094F86C309E0706D4236F23B140F2EF2123
:10D6B800012299809A715148FEF746FC4548F9F7CE
:10D6C800ADF994F86C3043F0100384F86C304B4893
:10D6D800FEF73AFC3F48F9F7A1F9E369002B40F05F
:10D6E8008181474BE3614548FEF72EFCEFF311813A
:10D6F800202686F31288BFF36F8FBA68D37B013B6D
:10D70800D37381F31188BFF36F8F3248F9F786F925
:10D71800A06928B394F86C30DD0721D4FEF7D0F95E
:10D72800F0B1A569D5F808802846D8F83C302F69AB
:10D7380098472B69A033D3E8AF3FD8070CD4314BB7
:10D74800C7F89C40C7F898302846D8F8343098472E
:10D758008146002800F09C802846D8F84030984739
:10D768002648FEF7F1FB01F0C1FD0022264B1A60A6
:10D778000122264B264CD3F8A8100348214041F03B
:10D78800030147E08C9F0320CC2C0100E09A032082
:10D79800FC150500009B03202530000000600550A3
:10D7A800189B032000E100E0C0A00320FF900420A4
:10D7B80064923A42BF900420081605009035010093
:10D7C80020910420482B7303242C01008891032006
:10D7D80024A90420B80B0020351A0000D80900201D
:10D7E800C0090020A809002090090020680900202D
:10D7F800340C00204C0C002038350100BC0B0020F4
:10D80800C96B00006532000020A9042000820D5079
:10D81800F0F0FCFFC3F8A810D3F8AC10214041F099
:10D828000301C3F8AC10D3F8B010214041F0030154
:10D83800C3F8B010D3F8B410214041F00301C3F885
:10D84800B4101146F4F724FB00287FF4CEAD674CE2
:10D8580002E023680133236003F068F80028F8D059
:10D86800C3E5634842F2D00200F10C036149C0E904
:10D878000333F6F73DF9012389F8003000E691F902
:10D8880011300A7C08EBC020C968F6F793F8AAE6BD
:10D89800A037D7E8EF3F43F00103C7E8E23F002A8B
:10D8A800F7D1D8F8403028469847A36984F83890CB
:10D8B8001B69226F93F88030C3F34113022B5FD0AA
:10D8C800032B5BD0012B0CBF10230823D371E56D0C
:10D8D80015B92AE02D6845B32946012000F068FDF6
:10D8E8000028F7D0A469A5682046EB6B26699847FD
:10D8F8002369A033D3E8AF3F9B0712D42369A03331
:10D90800D3E8AF3FDA070CD5AB6B2046984706F152
:10D91800A003D3E8EF1F21F00101C3E8E21F002AAA
:10D92800F7D120462B6C98471AE7656D15B908E0C2
:10D938002D6835B12946002000F03AFD0028F7D0BF
:10D94800D0E7242200212C4804F0B2FE94F86C3071
:10D9580043F0010384F86C302848FEF7F5FA01F02B
:10D96800C5FCA369264A1B69146093F88030D90660
:10D978003FF5FEAE2348F9F759F8F9E64023A5E745
:10D988003346A3E7204902F025FC00287FF4EDAEDA
:10D998001E4D1F4EB54213D2DFF878906B6849468A
:10D9A800D3F800804046F3F79FF830B10121404694
:10D9B80002F040FF00287FF4D8AE1835B542EDD309
:10D9C8001048F9F72BF894F86C309B0706D4636F6E
:10D9D80023B140F2EF21012299809A710748FEF79E
:10D9E800B3FA3DE60548FEF7AFFABEE624C90420BF
:10D9F8008C9F0320A03C0520E00B0020BC0B0020DE
:10DA080020A90420B80B00207C0900204C0C002021
:10DA1800640C002038350100012210B4044C05497B
:10DA2800001BC01001FB00F0034B1A5410BC7047D8
:10DA380038960320ABAAAAAAC8CE0420012820D968
:10DA4800034600B54FF0140E4FF4B4500E4AA2F13D
:10DA580014011EFB031E917A1389B2F804C001FB5E
:10DA680003F30CFB03F3D188143201FB03F399078A
:10DA78001CBF23F00303043372451844EBD15DF84F
:10DA880004FB4FF4B450704790350100012270B583
:10DA980014460B6802F07F0C0CF1100C9E4604FA39
:10DAA8000CF623FA0CF523B3ED070CD5036823EA2B
:10DAB800060523FA0CF3DB071DD505600B6823EA7E
:10DAC80006039E460B602EFA02FE1EF0010F04FAB2
:10DAD80002F50BD0036823FA02F6F6070BD523EA02
:10DAE800050303600B6823EA05030B600132102A63
:10DAF800D0D1002070BD6FF0150070BD0346EFF364
:10DB08001182202181F31288BFF36F8F006883424E
:10DB180015D0A8B130B40024D0E9003100250B603D
:10DB280059600021437BC0E9004523F00203437399
:10DB3800816082F31188BFF36F8F30BC704700207B
:10DB480082F31188BFF36F8F704700BF10B40C4B7E
:10DB58005A68036882420AD04BB1D3E904210469A8
:10DB6800121944691A6141EB0401596103680022E2
:10DB780041680B60596010BC02604260704700BF8A
:10DB8800080A002010B5EFF31184202383F31288CC
:10DB9800BFF36F8F154B1B6863B100200146144B10
:10DBA8001A685B68801841EB030184F31188BFF39E
:10DBB8006F8F10BD4FF0FF3C6FF040400D49D1E929
:10DBC8000023944570EB030EF9D310460A49C3F3BA
:10DBD8001303D1E90021801A084A63EB010310609E
:10DBE800400940EAC3605360C117D8E7F4CE042067
:10DBF800E895032040270E50E0950320D895032090
:10DC08000A283BDC10F1550F35DB00F155035F2B7B
:10DC180031D8DFE803F05230303030303030303037
:10DC28003030693030303030303063693030303047
:10DC380030303030303030303030303030303030DC
:10DC48003030303030303030303066603030303066
:10DC580030303030303030303030305D303030308F
:10DC680030303030303030304F603032303030305B
:10DC780030305D30305D6FF08600704764380928B9
:10DC8800F9D80928F7D801A353F820F0CDDC000013
:10DC98007FDC00007FDC0000C9DC0000BDDC000088
:10DCA8007FDC0000C3DC00007FDC00007FDC0000BC
:10DCB800D3DC00006FF0850070476FF09300704769
:10DCC800002070476FF0980070476FF08C00704725
:10DCD8006FF0940070476FF0920070476FF0890002
:10DCE80070476FF0880070476FF08400704700BF7E
:10DCF80010B4002201241E4BC3F81021C3F80C21D4
:10DD0800C3F80021C3F80421C3F80821C3F8182177
:10DD1800046005E0D3F80C212AB9D3F8082112B918
:10DD28000A68002AF6D00B686BB9124B99421BD0CF
:10DD3800A3F58473D3F80831002B0CBF4FF0FF30E4
:10DD48006FF0020000E000200022094BC3F8102108
:10DD5800C3F80C21C3F80021C3F80421C3F8082133
:10DD6800C3F8182110BC70474FF0FF30ECE700BF34
:10DD780000900450089104502DE9F84FBA232D4D16
:10DD88002D492E48C5F80035FFF7B2FF002840D1CD
:10DD9800D5F808354FEA132B13F0FF0320D04FF0C6
:10DDA80001098A46264CDFF89C80274F0BEB0306B7
:10DDB800C4F80095D4F80034D807FBD54146384656
:10DDC800C5F800B5FFF794FF0023C4F80035D4F870
:10DDD8000034D907FBD5F8B90BF1010B5E45E7D143
:10DDE8000123174CC4F80035D4F80034DA07FBD502
:10DDF800BA22104B1349C3F800251348FFF778FFE0
:10DE080000230F4AC4F80035D2F80034DB07FBD5ED
:10DE180060B90020BDE8F88F51460848C5F800B53C
:10DE2800FFF766FF0028D7D1D5F808356FF09200C4
:10DE3800F0E700BF00900450109104500C9004507B
:10DE480000E00450089104500890045010B4334B7B
:10DE5800334C18691A68334984661160BFF35F8FC1
:10DE680003201A6802F58051906002E0D368DB0352
:10DE780006D54B68C62BF9D16FF0010010BC70476E
:10DE8800D268294B1340B3F5806F45D010D8402B8A
:10DE980040D01BD9B3F5807F34D0B3F5007F08BFDD
:10DEA8000720EBD0802B0CBF0B20022010BC704742
:10DEB800B3F5804F2CD015D9B3F5004F20D0B3F56A
:10DEC800803F0CBF0320022010BC7047102B1DD0D0
:10DED800202B08BF0920D1D0003B18BF012310BC5C
:10DEE80058007047B3F5805F0ED0B3F5005F08BFE8
:10DEF8000420C3D0B3F5006F0CBF06200220BDE795
:10DF08000F20BBE70820B9E70520B7E70C20B5E7E5
:10DF18001420B3E70A20B1E71120AFE720950320CA
:10DF28008817050006080A00F0FF0100431C1BD0F3
:10DF380000F01F0C4009C1B1032822D80123124A5E
:10DF480003FA0CF352F820205360104A104B52F891
:10DF5800202002EB8C02D2F880100B4043F4A0631F
:10DF680043F00303C2F880307047032807D8012321
:10DF7800054A03FA0CF352F820209360E5E789601C
:10DF8800FFDE00235B60FFDE5C1705005C17050001
:10DF9800F0F0FCFF30B40024104B00EB400203EB20
:10DFA8008203D3E9155201465C65EFF31180202402
:10DFB80084F31288BFF36F8FDC6D04F0C00444F063
:10DFC8000204DC6580F31188BFF36F8F1DB12B4607
:10DFD80030BC0348184730BC704700BF08CF042046
:10DFE800982B01004FF0FF33F0B583B084460193BE
:10DFF800EFF31184202383F31288BFF36F8F154842
:10E00800019B426813400193019A02B3B2FA82F16C
:10E018000123C1F11F018B406FEA030E01AE22EA12
:10E028000303D6E8EF5F954203D1C6E8E73F002F28
:10E03800F7D1E9D143680EEA0303436000208CF866
:10E04800001084F31188BFF36F8F03B0F0BD6FF039
:10E058000B00F6E7D0000020F0B4174B996A9A6AD3
:10E0680011F0007F18BF1E209F6A08BF1D209E6AFE
:10E0780012F0807F9D6A9C6A996A9A6A18BF1F206D
:10E088006FEA02426FEA124217F4801F18BF02209B
:10E0980016F4002F18BF212015F4802F18BF222056
:10E0A80014F4003F18BF23209A6211F4803F18BF70
:10E0B8002420F0BC704700BF00ED00E010B41A4AFD
:10E0C800936A946A13F4805F14BF1723162314F419
:10E0D800006F946A18BF1823A40508D5936A1B0417
:10E0E80004D518B1936A23F40043936219230E4AA6
:10E0F800946A906A14F4806F18BF1A23C40510D468
:10E10800926A12F4005F0CBF18461C204FF0000CF6
:10E11800054A936A43F47F43936210BC81F800C0B8
:10E1280070471B20F2E700BF00ED00E010B41E4A64
:10E13800936A946A13F0100F14BF1123102314F07C
:10E14800080F946A18BF1223A40709D5536B936A62
:10E158001B0604D518B1936A23F080039362132336
:10E16800114A946A906A14F0010F18BF142310F032
:10E17800200F906A18BF1523C40658BF926A0A4A2E
:10E18800906A800603D5506A20F4005050624FF020
:10E19800000C054A1846936A43F0FF03936210BCCB
:10E1A80081F800C0704700BF00ED00E04FF0040C9C
:10E1B8002DE9F04F90460446002780F80DC04FF037
:10E1C800000B4FF0000C9E4683B00F9D2A4A8A46EA
:10E1D8002A4B08F1070828F00708D6188573109B02
:10E1E80001EB0805A5EB060900F15801C0E9161175
:10E1F80003738760C7732249C4E906BC4846CDF853
:10E2080004E004F048FA1D4B39461A461A4B0F36FB
:10E2180009EB030004F04CFA4FF08071A9F10803F0
:10E22800C4F8803026F00706019BA81BC4E91CA887
:10E23800A66740F8203C0C9B40F8041C40F81C3CA6
:10E248000D9BA0F1200240F8183C0E9B40F8143CAE
:10E258000C4B23F0010340F8083C0B4B22659B68EC
:10E26800C4F88470676584F86C7003B1DB6FE3678A
:10E2780003B0BDE8F08F00BF0000000008000000F8
:10E28800BC2D010015290000249B032000286DD017
:10E2980038B58B6803F00303012B07D0032B02D09A
:10E2A8006FF0150038BD4B68002BF9D00023CB6008
:10E2B8008A68032AF4D8EFF31182202484F31288A1
:10E2C800BFF36F8F4FF6FF7EB0F81AC0048BF4458A
:10E2D80004F0070431D0022C13D0062C26D8DFE82E
:10E2E80004F004252525043C040000230B60436842
:10E2F80053B31960416054BB0221F5F779FC2046FD
:10E3080038BD0CF1010CA0F81AC082F31188BFF3D4
:10E318006F8F8A68CB6002F00302032A24D14D680C
:10E328008B600DB12246A847022038BD82F31188C0
:10E33800BFF36F8F6FF0040038BD82F31188BFF30D
:10E348006F8F6FF00A0038BD01604160D3E7204647
:10E3580082F31188BFF36F8F38BD82F31188BFF342
:10E368006F8F6FF0850038BD8B60DDE76FF01500AB
:10E37800704700BF034670B419790068DB884FF016
:10E38800010C0569DA072C6854BF43F4B01383F411
:10E39800D01323F480120CFA01FCDB0786684CBF0B
:10E3A80044EA0C0424EA0C042C60336870BC184757
:10E3B8002DE9F04F0024CB6891B00D464E680E94BD
:10E3C8000693002B00F08F810746A0468B46069BDC
:10E3D800586800230F9383681A6B002A00F0BA80EC
:10E3E80039469047002800F0548100230699CB60F5
:10E3F8000B610368002B00F06B81CDF834B0CDE9D8
:10E4080009648346CDE90B87069A049406E0052B38
:10E418002BD05BF8043F002B00F08A801978002984
:10E4280000F0868059780B2904BF04999970DBF8AD
:10E4380000506B78042BEAD1D3680F990B43D36053
:10E44800EB78002B40F016810121049CAC70136915
:10E458006018A1400B431361C3B204930023DBF897
:10E4680000500F936B78052BD3D16FF0120A01245B
:10E478009F4BCDE9072BD3F8189095F90230B5F8E2
:10E488000480002B0E9FE6B2C0F2B28027FA04F394
:10E49800DB0700F1A4800F9B0193E340D80700F14C
:10E4A8009E80D9F81030D9F808A053F824B0EB783A
:10E4B8000393BBF1000F00F00481DAF83C304846C2
:10E4C80098479BF812305A0640F1838063B2029352
:10E4D800BBF81030C8F30A02C3F30A018A42059355
:10E4E80077D8584642460399FDF7C8FA002870D0F5
:10E4F800DDE9072B059BB8F1000F00F0A080DAF8E2
:10E508004030039248469847029B039A002BA5F88F
:10E518000480AE70C0F2CA800121019BB1400B4358
:10E528003943CDE90E135BF8043F002B7FF476AF37
:10E53800049BDDE90964A342DDF834B0DDE90B870B
:10E5480040F2C68006991C460F9ACB684868134368
:10E55800CB6083689B6A002B00F0A28098478246B4
:10E56800002840D1069B586883681B6B63B1394605
:10E57800984748B1021F02E01B7823B19A4452F829
:10E58800043F002BF8D1D044069B1B680693002B50
:10E598007FF41DAF5D4608F109085FFA88F2C8F3F9
:10E5A8000723B270F3703471EC6824B996E02468DC
:10E5B800002C00F09380E36804F10C01A3600EA81E
:10E5C800FFF764FA0028F2D00246104611B0BDE801
:10E5D800F08FDAF84030484698476FF0850A0134E2
:10E5E800102C7FF44AAF5246104611B0BDE8F08FA8
:10E5F80046F0800626F08003103327FA03F2D1078D
:10E60800EDD40F9A22FA03F30192DA07E7D4D9F886
:10E61800103004F1100253F822B0EB78D9F808A0B2
:10E628000393BBF1000F4CD0DAF83C3048469847CA
:10E638009BF812309B06CCD573B2029348E7D9F801
:10E648001010D1F88010C90758BF4020039958BF4F
:10E65800044601F0030144BF4FF480604FF4007496
:10E66800022911D003297FF44AAF834228BF034609
:10E67800984644E7049B0FA9013BAB700EA8019292
:10E68800FFF704FA019AE9E6A34228BF2346984611
:10E6980035E7069B586883689B6A002B7FF45EAF5A
:10E6A8006FF08502104611B0BDE8F08F012326F007
:10E6B800800110318B40019919433B43CDE90E315C
:10E6C800A7E60134102C6FF0120A7FF4D6AE8AE761
:10E6D8006FF01502104611B0BDE8F08F0022104609
:10E6E80011B0BDE8F08F069B09221C4659E700BF10
:10E6F800B80B00202DE9F043804E814A3368147A24
:10E70800002B83B080F28680DFF8F8817E4BD8F842
:10E718000020D8F804E0D3E900139E4508BF8A42D8
:10E7280000F09280794F7A493D68D1E900315B1950
:10E738007D684FF0200941EB050C67461D46C0FB7C
:10E748000957AA427EEB0701C8E9005745D2D31AF8
:10E758006EEB0C02C82B72F10002B4BF4FF0010837
:10E768004FF000081E2840F3A3804FF0FF30694B9C
:10E7780030601A1992F85420C7F313010C3243F889
:10E78800325003EBC2035F60B8F1000F36D02301AB
:10E79800DFF884C103F1A04303F56223A400C3F8A2
:10E7A8002055A444C3F82415DCF800307BB34FF09F
:10E7B800FF346FF040405949D1E90089444570EB76
:10E7C8000906F9D3C9F31303A845BB411FD2002397
:10E7D800CCF8003003B0BDE8F0831E2866DD4FF0AA
:10E7E800FF304C4BC7F313011A1992F854203060CC
:10E7F8000C3243F8325003EBC2035F60240104F18A
:10E80800A04404F56224C4F82055C4F8241503B0C4
:10E81800BDE8F083202B52D00121DAB201FA03F3CC
:10E828000021120102F1A04202F56222C2F82C1561
:10E838003B4AD2E8EF5F1D43C2E8E15F0029F8D107
:10E848004FF0FF3333605FE7B0F1806FBFF46AAF1A
:10E858004501012D38BF01255219C8F800204EF195
:10E8680000021E284FF00003C8F804203EDD4FF0D8
:10E87800FF30284930600B1993F8543024010C33C9
:10E8880051F8332001EBC3067068521904F1A04413
:10E8980004F5622445F0004540F1000041F83320BA
:10E8A8007060C4F8285503B0BDE8F0834FF0000845
:10E8B8000123002228463946F6F75AFA57E7EFF3BC
:10E8C800118183F31288BFF36F8F164A1368013BD7
:10E8D800136033B9144AD2F8183523F00303C2F889
:10E8E800183581F31188BFF36F8FA9E71A462846B8
:10E8F80019460093F6F73CFABBE700BF040A00206C
:10E90800F8090020F0950320D0950320D89503201E
:10E91800E0950320D000002000210E5040270E5023
:10E92800149B0320109B032000E00450B3F1FF3F29
:10E9380008BFB2F1FF3F2DE9F84F00F08A80174673
:10E948008160EFF31189202282F31288BFF36F8F61
:10E95800002B5ADB5F4A1268002A00F09B800022D5
:10E96800904694464FF0010E013743F10003BF185B
:10E97800594A48EB030311685268C0E904737F18C9
:10E9880043EB02085549D1E9004A8C4212D08CB1B8
:10E99800D0E90436D4E90452AB4276EB020B4DDBE6
:10E9A8005B1B66EB02065445C0E9043602D02468B6
:10E9B800002CEFD1C0E9001ACAF8000048600B68C3
:10E9C8008B421AD0984218D1424A1268AAB9BEF1AD
:10E9D800000F44D0D3E90403B0EB0C0063EBEC73F5
:10E9E800002BBCBF00200023B0F1004F73F10003DF
:10E9F800A8BF6FF00040FFF77DFE89F31188BFF3D1
:10EA08006F8F38464146BDE8F88F98466FF001038E
:10EA1800314A4FF0000ED2E900125B1A4FF0FF3175
:10EA280061EB0202DB1B62EB0802012B72F10001B1
:10EA3800BCBF01230022C0E90432A3E7ED1A6368D2
:10EA480062EB0602C4E90452C0E900431860606042
:10EA5800B5E70027B84638464146BDE8F88F4FF07D
:10EA6800FF346FF040421E4DD5E90001844272EB3D
:10EA78000106F9D302461B4D1B48D5E90045C1F3F1
:10EA88001301121B61EB0501C0E90021520942EA9A
:10EA9800C16C9FE74FF0FF316FF04042104ED6E94E
:10EAA8000045A14272EB050CF9D322460D4EC5F381
:10EAB8001301D6E90056521B61EB06014FEA521CBE
:10EAC800094C4CEAC16CC4E900214FEAEC78624673
:10EAD80048E700BFF4CE0420E8950320080A002088
:10EAE80040270E50E0950320D89503202DE9F048E3
:10EAF800EFF31186202383F31288BFF36F8F036827
:10EB08005BB32D4D2F68AF424DD0FFF71FF80022A1
:10EB18004FF00043B842C0E9042306D0002086F332
:10EB28001188BFF36F8FBDE8F088244B1B68E3B1F1
:10EB380000232A68AA4233D092B3D2E90402C01A49
:10EB480062EBE373B0F1004F73F1000228DA002B97
:10EB5800B8BF0020FFF7CEFDE0E76FF0150086F3A1
:10EB68001188BFF36F8FBDE8F0884FF0FF346FF066
:10EB780040401349D1E900BC5C4570EB0C07F9D360
:10EB8800104C1148D4E90034CCF31301BBEB030358
:10EB980061EB040103605B09416043EAC163C8E7B4
:10EBA8006FF00040D6E7FEF7D1FF00224FF0004398
:10EBB800C0E90423B2E700BF080A0020F4CE04200D
:10EBC80040270E50E0950320D895032070B5184BC8
:10EBD800184C1E7C06EB460304EBC304437B13F07E
:10EBE8001F051DD1144B984214D0C3897F2B11D80F
:10EBF80090F90E302046002B0DDBFFF777FF0F4B07
:10EC080020469D554FF41C72BDE8704000230C4906
:10EC1800FFF78CBE2046FFF769FF084B9D5570BD76
:10EC28002046FFF763FF0022044B9A5570BD00BFD2
:10EC3800249B032038960320788E0320C8CE042016
:10EC480021DA000038B590F90D20437B002A2BDB30
:10EC5800D90629D11F4C63F07F032146437351F82D
:10EC6800183F8B422ED0E56963B190F90EC093F935
:10EC78000E20944501D0624526DC9D4202D01B68D7
:10EC8800002BF4D1C0E900152860E061A5698D4228
:10EC980012D08DB1A3685A7BD20606D1DA897F2AB1
:10ECA80003D9AA690AB9636138BDAB4202D02846C4
:10ECB800FFF78CFF656138BDA368E5685A7BD2060B
:10ECC800F3D1EBE7E569DDE75A68C0E90032106087
:10ECD8005860DBE7249B0320D0B5EFF31184202391
:10ECE80083F31288BFF36F8F90F8542010F80B3C11
:10ECF8003AB1002380F8543084F31188BFF36F8F42
:10ED0800D0BD13F02802F7D150F8101C69B150E9B2
:10ED18000631002600270B60596010F80B3C40E9CB
:10ED2800066740F8102C03F0FD0323F0040300F8F5
:10ED38000B3C1838FFF786FF84F31188BFF36F8FF9
:10ED4800D0BD00BF2DE9F041EFF31186202383F3F6
:10ED58001288BFF36F8F07682FB186F31188BFF34E
:10ED68006F8FBDE8F081D0E90A510446681C41F173
:10ED78000002022872F100021CD3013D41F1FF3864
:10ED8800B8F1000FBCBF00254FF00008FEF7FAFEEF
:10ED9800013041F10001401948EB0101012871F1EE
:10EDA800000151DA6FF001024FF0FF332046384975
:10EDB800FFF7BCFD236B226A013323636AB186F334
:10EDC8001188BFF36F8F2046236A9847EFF31186A7
:10EDD800202383F31288BFF36F8F54F8180FA042D3
:10EDE800BBD00028B9D0EFF31181202383F3128818
:10EDF800BFF36F8F83686BB1D0E9003213605A603C
:10EE0800002300220024C0E90023437B846023F010
:10EE18000203437381F31188BFF36F8F0023C0F897
:10EE2800883086F31188BFF36F8FEFF311842023A6
:10EE380083F31288BFF36F8FFFF704FF84F3118801
:10EE4800BFF36F8FBDE8F081FEF79CFE6FF0020202
:10EE58006FF00043013041F10001401948EB010116
:10EE680082428B4103DA3A464FF000439EE7FEF7B1
:10EE780089FE6FF00102431C41F10000591948EB6B
:10EE88000003521A4FF0FF3161EB03038EE700BF16
:10EE98004DED000038B590F90D20437B002A09DAC2
:10EEA800D0E90014002203F07F03437321604C6013
:10EEB800026042600E4D2A4652F8184FAB689442E1
:10EEC80011D084B1834207D05A7BD20604D1DA89A3
:10EED8007F2A01D9A26942B1A34202D02046FFF796
:10EEE80075FE6C6138BDEC68ECE71C466C6138BD9A
:10EEF800249B03202DE9F0472C4F2D4CBD688146FB
:10EF0800256092460D469846EFF31183202383F33C
:10EF18001288BFF36F8FBE683046FFF7BBFF737B65
:10EF2800B56043F0020373732C68A54236D0002CF9
:10EF380034D096F90E3094F90E108B4201D09942D4
:10EF48002EDC6968A14202D02468002CF3D1C6E9FE
:10EF580000510E606E60B8F1FF3F08BFBAF1FF3F85
:10EF680006D052464346134906F11800FFF7DEFC67
:10EF78006FF00A00BB68104AC3F88490C3F8880091
:10EF88005368002143F08053536081F31188BFF325
:10EF98006F8FBB68D3F88800BDE8F0876968D6E74B
:10EFA8006368C6E900431E606660D4E7249B0320BB
:10EFB800CCCE0420E1EC000000ED00E010B5EFF34A
:10EFC8001184202181F31288BFF36F8F816839B1D2
:10EFD8000139816084F31188BFF36F8F002010BD61
:10EFE80094465CEA030C9E4605D001462046BDE8DF
:10EFF8001040FFF77FBF84F31188BFF36F8F6FF066
:10F008000F0010BD70B58646DDE90453144CA468A2
:10F01800EFF311864FF0200C8CF31288BFF36F8F3B
:10F028005AB10020CEF8080055EA03000DD186F346
:10F038001188BFF36F8F002070BD80680840F3D03F
:10F0480086F31188BFF36F8F70BDC4E9191230467B
:10F058002A467146FFF74EFF0028ECD1606E70BD5E
:10F06800249B0320B3F1FF3F08BFB2F1FF3F2DE916
:10F07800F04F85B014461D468146039100F0848008
:10F0880052EA05034DD10027B846EFF31186202335
:10F0980083F31288BFF36F8F4FF0FF3BDFF8FCA0BC
:10F0A8002AE0EFF31183202282F31288BFF36F8FD7
:10F0B8003B4A1268002A45D005463A490A68801832
:10F0C8004A6845EB020583F31188BFF36F8FB84296
:10F0D80075EB080333D23C1A68EB050522462B462C
:10F0E800304609F10C01FFF705FFEFF311862023E5
:10F0F80083F31288BFF36F8F04214846039AF3F70E
:10F108001DFB002839D12C4337D0B8F1FF3F08BF89
:10F11800B7F1FF3F0FD057EA0803C2D104460546AE
:10F12800DCE7002D34DA6FF001074FF0FF33BF1A28
:10F1380063EB0508A9E74FF0FF342546CEE7002426
:10F148002546CBE76FF04042DAE90001834572EBD0
:10F158000104CDE90001F7D30A46134D1349D5E957
:10F168000045C2F31302001B62EB0502C1E900026D
:10F17800400940EAC260C5179FE786F31188BFF3CC
:10F188006F8F05B0BDE8F08F4FF0FF37B8467CE7CA
:10F19800FEF7F8FC271845EB010876E740270E50E4
:10F1A800F4CE0420E8950320E0950320D8950320A9
:10F1B8002DE9F843EFF31185202383F31288BFF379
:10F1C8006F8F437B49B203F01F02002A0CBF012650
:10F1D800002631D09B0727D5D0E901424FF000081F
:10F1E8004FF00009036823605C60C0E900898173FF
:10F1F80013689A4266D0002B64D093F90E40A1425E
:10F2080001D08C4263DC54689C4202D01B68002BFE
:10F21800F3D1C0E900242060506085F31188BFF362
:10F228006F8F3046BDE8F883817385F31188BFF38B
:10F238006F8F3046BDE8F8832B4C03F07F032746D9
:10F248004373D0F804C00368CCF80030C3F804C096
:10F25800437B026063F07F0342608173437357F816
:10F26800183FBB4230D0D4F81CC053B193F90E20DC
:10F27800914201D08A4230DC9C4502D01B68002BA9
:10F28800F4D1C0E9007CCCF80000E061D4F8188023
:10F29800B84511D0B8F1000F0ED0A368984502D038
:10F2A8004046FFF793FCC4F8148085F31188BFF338
:10F2B8006F8F3046BDE8F883D4F80C80A368984572
:10F2C800EED1F0E75468A4E7D4F81CC0D9E75A682F
:10F2D800C0E9003210605860A7E75A68C0E90032F8
:10F2E80010605860D2E700BF249B032070B5EFF38D
:10F2F8001186202383F31288BFF36F8F224D2A468D
:10F30800AB68D97B0131D97352F8184F944239D080
:10F31800002C37D05A7BD20629D1DA897F2A26D900
:10F32800A26922BB1C466C6186F31188BFF36F8FFC
:10F33800EFF31183202282F31288BFF36F8FE3B9B2
:10F34800EFF30582CAB9A9686869884215D06FF0D9
:10F358000A030E48C1F88420C1F88830436843F096
:10F368008053436082F31188BFF36F8F70BDA3424F
:10F37800D9D02046FFF72AFCD5E783F31188BFF3DD
:10F388006F8F70BDEC68C5E7249B032000ED00E09B
:10F3980070B5EFF31186202383F31288BFF36F8FC4
:10F3A800234DAA68EB699A4215BF136800231946D2
:10F3B8001168526811604A60A868EC6963B193F9F2
:10F3C8000E1090F90E208A4201D0914228DCA34207
:10F3D80002D01B68002BF2D1164AC0E90024206035
:10F3E800E861AC69944219D0C4B1AB689C4203D0BF
:10F3F8002046FFF7EBFBAB686FF00A000E4AC3F834
:10F4080084606C61C3F888005368002143F080531E
:10F41800536081F31188BFF36F8F70BDEC68E4E728
:10F428005A68C0E900321060024A5860D9E700BF44
:10F43800249B03203C9B032000ED00E0F8B550EA34
:10F4480001033BD005460C46EFF31187202383F3D5
:10F458001288BFF36F8F1B4E1B4BB0681860FFF705
:10F4680019FD2A466FF00A05B06823461749183077
:10F47800FFF75CFAB36816495A7BC3F8847042F008
:10F4880004025A73C3F888504B68002243F0805333
:10F4980004464B6082F31188BFF36F8FB368D3E9DA
:10F4A8000A13B3F1004F08BF914201D00020F8BD04
:10F4B800FEF768FB201A20EAE070F8BDFFF768FF46
:10F4C8000020F4E7249B0320CCCE0420E1EC0000CC
:10F4D80000ED00E02DE9F84390F80C90EFF3118867
:10F4E800202383F31288BFF36F8F437B13F0080246
:10F4F80068D10646D80943F0080157D17173B3683B
:10F508005BB1D6E9003213605A600023727BC6E90A
:10F51800003322F002027273B36006F11800FFF79D
:10F52800E5FAB46D06F15807A7421AD0CCB1002508
:10F5380000E0B4B1D4E9003213605A60637B04F18F
:10F54800180023F00203637325606560A560FFF768
:10F55800CDFA2046C4F88850FFF774FBB46DA74273
:10F56800E7D13A4CA3689E426AD00027A569384A79
:10F5780095422DD065B3AB4202D02846FFF726FB53
:10F5880065613FBBA3689E422FD088F31188BFF303
:10F598006F8F19F0010F07D0002383F31188BFF391
:10F5A8006F8F0423184602DFBDE8F88303F07F035A
:10F5B80043F008037373D6E900310B605960C6E95C
:10F5C80000229CE788F31188BFF36F8FBDE8F883AA
:10F5D800E568D0E7002240F201111E4B9E42C3E9C4
:10F5E8001C22A3609981DA67CFD1EFF30582002A44
:10F5F800CBD1197BC90712D588F31188BFF36F8F58
:10F6080082F31188BFF36F8F0423184602DFEFF3EC
:10F618001188202383F31288BFF36F8FA3686FF0DC
:10F628000A000D4AC3F88480C3F888005368002193
:10F6380043F08053536081F31188BFF36F8FA8E7BD
:10F64800EFF30587003F18BF01278FE7249B0320AE
:10F658003C9B0320988F032000ED00E0F8B5EFF302
:10F668001185202383F31288BFF36F8F0468A042AB
:10F6780024D0ECB1002366682268C4F8881023619E
:10F688000027326056600026A360637BC4E90067E8
:10F6980023F00203637304F11800FFF727FA2046EA
:10F6A800FFF7D0FA012085F31188BFF36F8FF8BDFB
:10F6B800204685F31188BFF36F8FF8BD002085F3CE
:10F6C8001188BFF36F8FF8BDF8B5C3680D469C0766
:10F6D800C3F3400623D4590703D500232B603046D3
:10F6E800F8BD04462868002837D0DB073AD401263D
:10F6F800264AD0F8AC309168D0F89020C3F3800740
:10F708009142C3F3C00C03F001030BD1EFF3058260
:10F7180042B9002B37D0BCF1000F0AD04FB96FF0B7
:10F728000F06DAE7002B2ED0002FF8D1BCF1000F1E
:10F73800F5D100232360D0F89830DBB11C60C0F805
:10F74800984000219C30FFF789FFE368304643F07A
:10F758000403E3602B68A360F8BDA0682860E36831
:10F76800DA070CD5A068022628600028C0D16FF0FF
:10F778001506B2E7C0F89440C0F89840E1E70126C2
:10F788000028B5D1F3E76FF01206A6E7249B032003
:10F7980030B583B001900846EFF31185202484F337
:10F7A8001288BFF36F8F01A9FFF78EFF85F31188C9
:10F7B800BFF36F8F002801DC03B030BDEFF3118376
:10F7C80084F31288BFF36F8FBBB9EFF30582A2B938
:10F7D8000D4CA16864698C420FD06FF00A030B4C82
:10F7E800C1F88420C1F88830636843F080536360AF
:10F7F80082F31188BFF36F8FDEE783F31188BFF3BD
:10F808006F8F03B030BD00BF249B032000ED00E0E4
:10F8180010B582B0EFF31184202383F31288BFF36D
:10F828006F8F002250F8043C019223F008011B0757
:10F8380040F8041C05D484F31188BFF36F8F02B01D
:10F8480010BD836901A910380193FFF73DFF84F3C8
:10F858001188BFF36F8F02B010BD00BF10B582B022
:10F8680001900846EFF31184202181F31288BFF339
:10F878006F8FC16811F01E0F06D0002084F3118825
:10F88800BFF36F8F02B010BD53EA020C0FD041F0E6
:10F898000801C1600199103081610949FFF746F8F4
:10F8A800012084F31188BFF36F8F02B010BD01A946
:10F8B800FFF70AFF84F31188BFF36F8F02B010BD02
:10F8C80019F80000B8B9EFF30583A3B90C498A68A1
:10F8D800496991420FD06FF00A000A49C2F8843092
:10F8E800C2F888004A6842F080524A6083F311885F
:10F8F800BFF36F8F704780F31188BFF36F8F704726
:10F90800249B032000ED00E02DE9F843EFF3118676
:10F91800202585F31288BFF36F8F0468A04200D0BA
:10F928005CB9D0E902329A4218BF0133836086F38A
:10F938001188BFF36F8FBDE8F8830027D4E9003240
:10F948004FF000084FF0000913605A60637BC4E968
:10F95800008923F00203637304F11800A760FFF71E
:10F96800C5F8C4F88870EFF3118785F31288BFF3E0
:10F978006F8F2046FFF766F987F31188BFF36F8F03
:10F988003046BDE8F843FFF79DBF00BF2DE9F843B7
:10F9980020264FF0000805464C4FEFF3118986F3F7
:10F9A8001288BFF36F8FD5F89440002C61D0D5F83A
:10F9B800982023689442C5F8943008BFC5F8983059
:10F9C800D5F8AC3043F00203C5F8AC30E3686268A0
:10F9D80023F0040343F00103E36089F31188BFF3C4
:10F9E8006F8F20469047EFF3118986F31288BFF393
:10F9F8006F8FE268D10622F0010331D4E3609A07E1
:10FA08000ED4D5F8AC3023F00203C5F8AC3089F336
:10FA18001188BFF36F8FDB05BFD4FFF7B9FCBCE7D4
:10FA2800386823F00203E3600028EAD04268002126
:10FA38009442036807D0002BE3D001461846426879
:10FA48001B689442F7D10368002938D00B607B68A3
:10FA5800984208BF796040F8088BFFF755FFD0E758
:10FA680022F01102E26004F11000FFF74DFFE36895
:10FA7800C5E7D5F8AC3023F004025807C5F8AC2028
:10FA8800C3F3800109D4D0060FD5C5F8AC1089F3AB
:10FA98001188BFF36F8FBDE8F88305F1A404012135
:10FAA8002046FFF7DBFD0028F9D148464FF0FF322A
:10FAB8004FF0FF3305F19C01FFF71CFA6DE77A68F8
:10FAC8003B609042C7D17B60C5E700BF0C1305209F
:10FAD8002DE9F84FEFF31189202383F31288BFF340
:10FAE8006F8F046884423AD000238246002600279C
:10FAF8006FF00A081D4644B9CAF8084053BB89F399
:10FB08001188BFF36F8FBDE8F88FD4E90032136016
:10FB18005A60637BC4E9006723F0020304F118000C
:10FB28006373A560FEF7E2FFC4F88880EFF3118BDA
:10FB3800202383F31288BFF36F8F2046FFF782F8E4
:10FB48008BF31188BFF36F8FDAF800400123544517
:10FB5800D1D1A5604846BDE8F84FFFF7B3BE0023F2
:10FB6800A36089F31188BFF36F8FBDE8F88F00BFDA
:10FB780038B5EFF31185202383F31288BFF36F8F15
:10FB8800437B5B0704D485F31188BFF36F8F38BDBF
:10FB980004461830FEF7AAFF637B204623F00403CF
:10FBA8006373FFF74FF82846BDE83840FFF78ABE71
:10FBB80030B54FF0000C1D4600F19C03C0E9273317
:10FBC80000F1A4030446C0E9293387B0C0F894C003
:10FBD800C0F898C025B32B79634540F2011308BFDC
:10FBE8000123C4F8AC3000234FF0FF30CDE90133D6
:10FBF800CDE90303009420460A4BFEF7D7FA45B136
:10FC08002B68002BFFD06B791BB1237B43F00103DA
:10FC180023732046FFF7ACFFC4F8904007B030BD0F
:10FC28000123DEE795F9000008B54FF48062034828
:10FC3800034B0449FFF7BCFF002008BD28900320B0
:10FC4800A8170500705F05202DE9F04F064683B020
:10FC5800EFF31188202383F31288BFF36F8F856831
:10FC6800694011402A4000924D40EFF3118B83F315
:10FC78001288BFF36F8FD0F80090484568D0B9F16B
:10FC8800000F65D000274FF0010ABC464C46D4E966
:10FC9800191212F0010F05EA010304F1180054D1FA
:10FCA80053B15207C4F860C0636684F86CA048BFBB
:10FCB8001F43FEF71BFFA44673689C4202D02468CA
:10FCC800002CE4D1644625EA07058BF31188BFF3BD
:10FCD8006F8F94B34FF000094FF0200BAA4601969E
:10FCE8002346C4F88890246EEFF311878BF31288AB
:10FCF800BFF36F8F5A7B83F86C9012F0280C14D1E5
:10FD08009968184661B1D3E90021002500260A60E8
:10FD180051605A7BC3E9005602F0FD02C3F808C0DF
:10FD280022F004025A73FEF78DFF87F31188BFF3A0
:10FD38006F8F002CD4D15546019E4046B560FFF721
:10FD4800C1FD009803B0BDE8F08F9942B4D1A7E790
:10FD58008BF31188BFF36F8FEFE700BF154BD3F814
:10FD680000218AB9D3F8081101B970470220124955
:10FD780009688860C3F80821D3F808314FF0FF32CA
:10FD880001210E48FFF760BFBFF35F8F0C48816AFF
:10FD9800BFF35F8FBFF35F8F4FF0FF320263BFF394
:10FDA8005F8F0020C3F80001D3F800310548FFF742
:10FDB8004BBF00BF0090055020950320640B002026
:10FDC80000000150580B00202DE9F04F174602693A
:10FDD8004368D2F8A4600A7ED3F8108096F86A3394
:10FDE80002F07F0512060C4687B003F0100373D4A7
:10FDF80005F15802510158F8011005F11009029156
:10FE080008EB42124946D3B106EB8505D5F8E43133
:10FE180023F00043002F40F0838043F00063C5F8CF
:10FE2800E43101228A40114606F19C00FFF70CFFDD
:10FE3800237D6FF30413237507B0BDE8F08F059297
:10FE48004FF0010A06F19C030AFA01F14FF0000C89
:10FE58004FF0000B18460022CDE900BC0491039333
:10FE6800FFF7D0F8DDE9033100286CD194F91820A8
:10FE7800002A58DBEFF31180202282F31288BFF3A7
:10FE88006F8FB6F83C230AFA05FA1FFA8AFA4AEA8B
:10FE98000202A6F83C232FB1B6F83E234AEA020A2A
:10FEA800A6F83EA3D8F8042842F40072C8F804283B
:10FEB80080F31188BFF36F8F40F635460027184648
:10FEC8000022CDE90067FFF79DF8237D6FF3041347
:10FED800237507B0BDE8F08F05F14802510158F8C5
:10FEE800011008EB421202911BB92946A946059256
:10FEF800A6E706EB8502D2F8243123F00043FFB1D0
:10FF080043F00263C2F824310122B6F84203C3F376
:10FF1800835302FA03F303432946A6F8423380E7E2
:10FF280043F400137BE7029A47BB42F00062900358
:10FF380003D5002AB8BF42F0804205980260BBE7AB
:10FF480043F00063DEE727B1029B059A43F40013F0
:10FF58001360012309F01F029340DB434FEA59194C
:10FF680006EB890909F1A809D9E8EF2F1A40C9E871
:10FF7800E12F0029F8D107B0BDE8F08F42F0026206
:10FF8800D5E700BF2DE9F04100F1080382B0EFF397
:10FF98001185202484F31288BFF36F8FE2B9846837
:10FFA800A34201D0002C2FD100230B6003680B6003
:10FFB8004368016073B185F31188BFF36F8F002028
:10FFC80002B0BDE8F0814268DAB1136803F00303B8
:10FFD8000B4313604160EEE7D0E90124A34200D04F
:10FFE80094B900230B60002AE0D01368032BEAD9E8
:08FFF80023F003030B60136802
:020000021000EC
:1000000003F0030319431160D9E701604160D6E7AB
:100010004FF00008D4E900320026002713605A6030
:10002000637BC4E9006723F00203637304F11800E3
:10003000C4F808800191FEF75DFD0199C4F888803D
:100040002161EFF31186202383F31288BFF36F8FB2
:100050002046FEF7FBFD86F31188BFF36F8F28461D
:10006000FFF734FC002002B0BDE8F081B3F1FF3FA0
:1000700008BFB2F1FF3F2DE9F04282B01C460546B1
:10008000019174D054EA02032FD100263746EFF3D2
:100090001189202383F31288BFF36F8F688A0028A9
:1000A00069D02B8A83422CD9002200232846FCF7F2
:1000B00017F8044620B389F31188BFF36F8F0198B6
:1000C000002839D1606100250123608223812946FF
:1000D000E27A04F11800656002F0EEFA63692582A5
:1000E000E360204602B0BDE8F082002C16464FDAED
:1000F0006FF001039E1A4FF0FF3363EB0407C6E76E
:10010000688A431E6B8289F31188BFF36F8F2A7D43
:10011000298A2C6A2E4B1B3222F00302091A01FB9A
:100120000244EB1A2B4A9B1002FB03F3A3722B7DB4
:100130000198E3720028C5D0B7F1FF3F08BFB6F1C0
:10014000FF3F37D056EA07032AD100221346A17A8F
:100150001F4D01EBC10105EB8101C969204609680A
:100160000E6801A9B047606140B30198ABE74FF05A
:10017000FF3637468BE789F31188BFF36F8F23462D
:100180002846FBF7ADFF0446002898D10024A8E7D5
:100190000092FDF7FBFC8619009A41EB040776E715
:1001A000FDF7F4FCB04271EB0703CED2321A67EBD5
:1001B0000103CCE74FF0FF321346C8E7A37A0246AB
:1001C00003EBC303214605EB8300FFF7DFFEDDE70A
:1001D000700B0020398EE338FBF7BABE2DE9F041F1
:1001E000524D064628460C464F68F6F71BFC95F81C
:1001F0006C30DB0700F19780012E1AD0FB7998064E
:100200000DD5AB691B69D3F880309B0707D46FF01D
:1002100085054748FBF79CFE2846BDE8F081EB6D5D
:1002200013B95BE01B68DBB1A342FBD16FF015058E
:10023000EFE72846F4F746FE0028E8D0FB79990658
:1002400005D5AB691B69D3F880309A07DFD56B6D94
:100250001BB962E01B68002B31D0A342FAD1E5E75D
:100260006B6DDFF8D080002B3DD0A34202D147E078
:10027000A3422AD01A461B68002BF9D1002E32D097
:100280006B6F62685B7C0133DBB253716A6F5374CE
:10029000A16851B12548F6F7E5FC05460028B8D11C
:1002A000A268136803B1137ABB7100232360D8F8E6
:1002B000043003B31C60C8F804400025A9E7EB6DC7
:1002C000DFF87480002BD0D1DAE723681360D8F808
:1002D0000430A3421ED000232360D9E76B6D05F1E3
:1002E0005408002BC1D12B6F62685B7C0133DBB2F9
:1002F00053712A6FCBE7C8F80040C8F80440DCE728
:10030000D8F804202368A242C8F80030E3D1C8F826
:100310000430E0E7C8F80420DDE7EB6D05F15C0888
:10032000002BA2D1ACE76FF00F0572E7B80B0020ED
:10033000BC0B00200C0C0020140C00204FF0FF32EE
:100340004FF0FF33FBF772BD08B54FF0FF324FF0AF
:10035000FF331548FBF76AFD144A1368591C1160F6
:1003600023B1BDE808401048FBF7F2BD104AD2F8AF
:10037000003443F00703C2F800344FF000720D4B15
:100380009A60BFF35F8F15220B4B5A62BFF35F8FEA
:10039000BFF35F8F40F237129A62BFF35F8F02485C
:1003A000BDE80840FBF7D4BD880A002008130520EB
:1003B0000090055000E100E00010015010B54FF032
:1003C000FF324FF0FF331948FBF730FD184A13682E
:1003D000013B136023B1BDE810401448FBF7B8BDE2
:1003E0004FF000741348C0F88840BFF34F8FBFF33D
:1003F0006F8F0721104AC2F80813D2F8001421F0B9
:100400000701C2F80014C2F80031D2F80011C2F896
:100410000431D2F80411C2F80831D2F80831C0F81A
:1004200088410248BDE81040FBF792BD880A0020D1
:100430000813052000E100E0009005502DE9F84385
:100440004FF030080546664C664E4746202FA8BF41
:100450002027DFF89491FFF777FFBFF35F8F2368C2
:10046000BFF35F8F43F48072BFF35F8F2260BFF3EF
:100470005F8F23F48073BFF35F8F2360BFF35F8FC1
:10048000BFF35F8FE368BFF35F8F9B08013BBFF350
:100490005F8FA360BFF35F8FBFF35F8F0023236481
:1004A000BFF35F8FBFF35F8FF1226264BFF35F8F93
:1004B000BFF35F8F4FF400726263BFF35F8FBFF3D0
:1004C0005F8FC4F80090BFF35F8F1A46BFF35F8F52
:1004D000236BBFF35F8FC3F3420105294FEA530338
:1004E00078D013F0060FF1D0002A3DD0BFF35F8F14
:1004F000A368BFF35F8F0133B7EB031F2DD8BFF3A2
:100500005F8F6368BFF35F8FB7EB830F65D8BFF36F
:100510005F8FD4F88020BFF35F8F39462B4603F1FD
:10052000040C03F8012B9C4501F1FF314FEA122224
:100530000AD00029F5D1FFF741FFB8EB07083D4489
:1005400083D14046BDE8F8830029F4D0BFF35F8F24
:10055000D4F88020BFF35F8FE1E76FF03F08FFF72B
:100560002DFF4046BDE8F883BFF35F8F6368BFF39C
:100570005F8F032BAAD91D4BBFF35F8FD4F8802068
:10058000BFF35F8FBFF35F8F43F8042BBFF35F8F21
:10059000B342F1D1BFF35F8F2368BFF35F8F43F4A2
:1005A0008072BFF35F8F2260BFF35F8F23F480738D
:1005B000BFF35F8F2360BFF35F8FBFF35F8F23684D
:1005C000BFF35F8F43F00103BFF35F8F2360BFF37F
:1005D0005F8F8BE7FFF7F2FE3DE7012276E700BF72
:1005E00000100150201001500100040010100150B3
:1005F0004FF480732DE9F04385B005460393FFF770
:10060000A3FE4FF0FF324FF0FF335B48FBF70EFCC9
:10061000BFF35F8F0023594CE361BFF35F8FBFF3DC
:100620005F8F4FF0FF332363BFF35F8FBFF35F8FA5
:100630003423E361BFF35F8F0121514B514A03F132
:1006400010071A6120321A624F4E504A5F6003F160
:1006500020075F61C6F8041359625160202103A886
:1006600018604B481560C2E9020111214948C3E9ED
:10067000020140F611014848C3E90601212144481E
:10068000C3E90A01BFF35F8F2360BFF35F8FBFF33E
:100690005F8F2261BFF35F8FBFF35F8F03236363BD
:1006A000BFF35F8FBFF35F8FA363BFF35F8F4FF025
:1006B000FF364FF0FF37DFF8E490DFF8E48099F879
:1006C000003063B300224FF0FF314046CDE90067B0
:1006D000FEF79CFC05464FF0FF3200214046FFF735
:1006E000B7FAE5B1BFF35F8FE36BBFF35F8F15F030
:1006F000240F03F0230318D1002BE0D1BFF35F8F49
:100700004FF0FF322263BFF35F8F1C46FFF756FEA8
:100710001948FBF71DFC204605B0BDE8F083BFF388
:100720005F8FA56ABFF35F8FDCE7BFF35F8FE5697B
:10073000BFF35F8FBFF35F8F10236363BFF35F8FE0
:1007400000210120FEF77EFEBFF35F8F002363636D
:10075000BFF35F8F094ABFF35F8FD36BBFF35F8F28
:100760005B06F8D425B1BFF35F8FD561BFF35F8F10
:100770006FF01F04CAE700BFB00A0020000001505C
:10078000089603209095032000900550F8950320CB
:100790001000002004000020200000205B13052032
:1007A000580B00202DE9F04393B00DF11F0525F003
:1007B0001F05A84606461E4C05F13007A4F1200986
:1007C00001231C4A12F8011D0B44A24213704FEA88
:1007D0001323F7D14046FFF70BFF844618BBD9E936
:1007E0000C3208F11008013342F10002B845C9E9A2
:1007F0000C32E5D156B12A4606F13000116856F8A0
:10080000043B4B40B04242F8043BF7D10A4E05F19D
:1008100020070FCD0FC695E80F0086E80F0097E878
:100820000F0084E80F00604613B0BDE8F08300BFFE
:10083000B0950320C0950320909503202DE9F04149
:1008400005460F4631B3354C354EB44207D36FF0F1
:1008500012042046BDE8F0811834B442F7D2636830
:1008600028461968F0F744F90028F5D12D4D4FF0CE
:10087000FF324FF0FF332C48FBF7D8FA95F86C3075
:10088000DA071DD56FF00F042748FBF761FB204600
:10089000BDE8F081254C264EB442D8D26368284684
:1008A0001968F0F725F90028E0D01834B442CED208
:1008B000636828461968F0F71BF90028F5D1D5E7D9
:1008C000D4F8048004F11406D6E8AF3FDB0704D463
:1008D000D8F8043023B1AB4202D06FF07704D3E7ED
:1008E000394601220F48F4F7F5FAA0B1002323603E
:1008F00003696BB11C600461D6E8EF3F43F001036C
:10090000C6E8E23F002AF7D10024C8F80450BBE74C
:10091000C4600461F0E76FF03C04B5E74C0C0020C4
:10092000640C0020B80B0020BC0B0020340C00200D
:100930004C0C00202DE9F04FADF2DC5D00AF4FF420
:100940008001B848F6F7D0FE4FF48062B64B5A608B
:10095000B64B1A68B64BD3E8AF3F002B40F0598432
:10096000B44A07F594713A65F96213700023FB6588
:100970004FF0FF324FF0FF33F96AAF48F1F708FB51
:1009800010F10B0FF860F3D0002840F05C84FB6A94
:10099000F86D1E68C0F5004273694FF40061934220
:1009A00028BF13464208A0485FEA53094160B46873
:1009B00035D0C2EBC271C7E9153604EB41089F4D33
:1009C0009F4CDFF880B2914408F1010A18F8121028
:1009D0001AF81230D00943EA012303F01F01665CC4
:1009E00002F07F0100EB8000103101EB40114FEA73
:1009F000D32EC3F34513681814F80EE01BF8033028
:100A0000013200F5A04C914500F5204005F801E0C9
:100A10008CF800300670D9D1D7E91536B4683A6D34
:100A200012789AB1884D1A4628682146BB65F4F7BA
:100A3000DFFB0246BB6D204619462A60F3F70CF82F
:100A4000BB6D08B93A6D1070FA6A1668F96D01222B
:100A500019444FF400640D46734BF96576489C6069
:100A600031463271F1F7B8FAB5F5004F80D33C6DDD
:100A70002378002B40F095824FF480634FF480552B
:100A8000694C45F6EB32A36065607049F86A01F085
:100A900007FAF3F7C3FA002800F0E5834FF4704239
:100AA00066496B4801F0FBFD00220221F86A01F063
:100AB000E5FC0546DFF89C91DFF89C8109F5B45C04
:100AC000CA46A8F5A07E544676460FCE0FC40EF156
:100AD000140E3368C6450AF1140A2360F3D109F5F0
:100AE000A079E1450EF5A078EAD10120FCF7AAFF34
:100AF000DFF868E1574B0EF5D86C1E183246AEF1A0
:100B0000600423460C3403CB1B88744502F10A02AF
:100B100042F80A0C42F8061C22F8023CF1D104F11A
:100B2000600EF44506F15006E8D10220FCF78AFF7A
:100B3000DFF81CC1474B00F114040CF510761C447F
:100B40006246A4F114031068117918601971053315
:100B5000A34202F10802F6D10CF1200CB44503F1D6
:100B60001404EDD13E48F3F7AFF901F05FFC002823
:100B700040F022823B4B18603B48FEF7C9FE4FF421
:100B80008052294B9A60002D40F06E834FF4005242
:100B90003D655A60354B7B621833FB65FB6D13F87E
:100BA000164C002C40F0148210252A4A304E0020AA
:100BB0007188B86105FB01F3C3EB837002EB030995
:100BC0004FEA442AA2EB800B5A42BA63524603EB27
:100BD000430403EB830E6300DA46FB638B46234634
:100BE000494691468600DFF88C80BE647D60BBF18B
:100BF000000F00F0048100224D46AEEB0400386384
:100C0000181BC7E904B0C7E907A1C7F844E0BC60F6
:100C1000BB62FB69D7F82490D4183B6A3A6402EBB4
:100C2000030B29E0082C010000820D5024C9042088
:100C3000449B03205C130520CC2C0100C0A00320A2
:100C400000910420C090042084CF042018A5030044
:100C5000680C002088CF0420A8390020C81200208A
:100C6000E09A0320FC9A0320280B002008160500B8
:100C7000DC160500209104207B6CBE6CE3189B5DA4
:100C80002B4458F8230023782B4458F82310EFF70F
:100C900029FD4FF07A51B865EFF7C2FE002840F009
:100CA00096803B6D312B00F2BD80D7F830C0D7F86D
:100CB00038A00BEB0C0313F80A30D9F804102B44BE
:100CC00003F5807358F82300EFF70CFD4FF07C51CB
:100CD000EFF708FD00217865EFF7A2FE002876D136
:100CE000BA6AD9F80810A3189B5D2B4403F58073EA
:100CF00058F82300EFF7F6FC4FF07C51EFF7F2FCC9
:100D00000021F864EFF78CFE002860D1FE6D16F824
:100D1000170CEFF78FFC06467A69386C02EB0B0371
:100D200013F80AA0EFF786FCAA4458F82A10EFF748
:100D3000D1FB3146EFF7D6FC9BF8003082462B44BE
:100D4000B8697B63EFF776FC7B6B58F82310EFF7FD
:100D5000C1FB3146EFF7C6FC796D06465046EFF70A
:100D6000B7FB002101F047FEF96C78633046EFF7DE
:100D7000AFFB002101F03FFE0246796D50469246DE
:100D8000EFF7A8FB9D4901F05AFE0246F96C304688
:100D90001646EFF79FFB4FF0864101F050FED7F863
:100DA00050C0D7F82CE07B6B0CEB4C024EF8323085
:100DB0000EEBC20362469E60FE6D0132B96D3A656C
:100DC00016F8182CC3F804A01961D8601A75FB6BCB
:100DD00009F108091C449B44FB6D4B457FF44CAF63
:100DE0003A6C3B69013293427FF413AFA946D7E9CD
:100DF00007A1D7F810B0D7F844E0BC68BB6AB86C5C
:100E0000BA69A0EB0B00B864B86B0132A0EB0B0021
:100E1000B8637868BA6182425B44DE44DA4459447C
:100E20007FF4E5AEFA6D7B6A1C32FA65744A1C33B6
:100E30009A427B627FF4B2AE3C6DD7F82CA01822A8
:100E4000214650466F4B01F083FC002C00F0EA80F5
:100E50004FF0000B5C465D46D3465E466B1C07F5C3
:100E6000BB6205EB450502EBC505A5F5AE65BB63A9
:100E70000FCE0FC596E803003A6D0134944285E821
:100E8000030000F0D180BB6B082B00F0CD80A246A0
:100E90000BF1180BBB62DBF80830DBF800101846CA
:100EA000F9647B64EFF714FBDBF80C30DBF804101B
:100EB0000546B96418463B64EFF70AFB014628462D
:100EC000EFF710FC4FF00008C7F834A007F16804F2
:100ED000C246F863C7F830B002E0BB6B9A4573D0E6
:100EE0002268F86C11467A6501F085FD8146D4F8D8
:100EF00004B0B86C5946C7F85C9001F07CFDA3685B
:100F000006461946786CBB6501F099FDD4F80C9043
:100F100080464946386C01F092FDF96D0546404621
:100F2000EFF7D6FA002101F066FD844631462846E7
:100F30006546EFF7CDFA002101F05DFD0146284638
:100F4000EFF7D0FB7A6DBB6D114605461846EFF7FB
:100F5000BFFA594606464846EFF7BAFA0146304608
:100F6000EFF7C0FBF96BEFF7B5FA2946EFF7B0FAE8
:100F70002549EFF7AFFA01462846EFF767FC23490A
:100F800018340AF1010AEFF769FD0028A5D03B6D7E
:100F9000D7E90CBA0AF1010A9A4545D00BF1180BB2
:100FA00079E71B4BFA6A1B68042113601046F2F7BD
:100FB00053FD002323705FE5164BD3F89020164BAA
:100FC0001A6001F04BFADAE5BD6AD7E90CB444E7E0
:100FD00014236FF0130213FB0423104E022C1E4443
:100FE000B58800F24B812046FCF72CFD0C4B1A18FB
:100FF000002D3FF417AF0436D9E500BF00002043B1
:101000005C160500F1140000BD3786356666E63EC5
:1010100084CF042028900320FC9A032090350100FF
:1010200088CF04203B6DBB634FF40052974B6D4655
:101030009A60974B1A68974BD3E8AF3F002B00F0AC
:10104000D480D7F82CC040F20121CCF80220BA6B32
:1010500060468CF80E2010228F4B904CCCF8063056
:101060008F4B07F59B76ACF80010CCF80A2010F8EF
:10107000012F82EA030101F00F0154F821105A40B8
:1010800081EA121202F00F0254F8222081EA1313AF
:10109000B04282EA1313EAD1B96BDE4301EB41029D
:1010A000C2EBC204E31D23F00703ADEB030DEA46D8
:1010B00000296DD04FF000098B46C7E91645C7E9F6
:1010C000146A07F168020DF101034FF00008D2E93C
:1010D0000054D2E90201C646C44646464FEA152AE4
:1010E0006AF307084FEA142A6AF3070E4FEA102A38
:1010F0006AF3070C4FEA112A6AF307064FEA154A0A
:1011000003F8015C6AF30F282D0E65F31748250CD0
:1011100064F31F6865F30F2E240E64F3174E040C5E
:1011200060F31F6E64F30F2C000E60F3174C080C75
:1011300061F31F6C60F30F26090E61F31746117DF2
:101140001832D97452F8081CC3F80080C3F804E0C0
:10115000C3F808C0080A09F1010961F31F66187491
:10116000CB454FEA11404FEA116103F1150343F8F3
:10117000096C03F8040C03F8031CA6D8D7E9146A19
:10118000D7E91645304622465146F4F731F806466F
:10119000444B042107F160003B66F2F75DFC20B38D
:1011A0000F21F86AF2F758FCF8B1BB6B2BB121465E
:1011B0005046F2F751FC002852D0042107F1640098
:1011C0007E66F2F749FC384BB96BAD461A6891B9A7
:1011D000930113D54FF000713448F6F779FAF868A7
:1011E00007F2DC57BD46BDE8F08F2F4BB96BAD461B
:1011F0001A680029ECD01B689A01EBD54FF00071FA
:101200002A48F6F76BFAF86807F2DC57BD46BDE8E6
:10121000F08F0023C7F83621224D254A2548C7E91B
:101220004A52254A07F594740360A7F83431122115
:101230002046C7F83021FC62F2F70EFC1F4B3B65DD
:101240001870FFF793BB002101221D48F0F724FE20
:1012500001211B48F0F7AAFE4FF0FF33FB60D2E7F5
:10126000114BAD46C7E7A5600F4B1B68990107D529
:101270004FF000710D48F6F72BFAEDE7114AB7E68B
:101280004FF000710948F6F729FAE5E700820D50A2
:1012900024C90420449B0320A000800008340100DE
:1012A000E420FA5AA55A3412949A0320082C01001B
:1012B0000101800084CF0420800000805C130520A1
:1012C000CC2C010087CF0420704700BF30BFFFF750
:1012D000FDBF00BFEFF30880EFF3098101B572464F
:1012E000F2F744FF01BD00BF002080F31488BFF374
:1012F0006F8F002080F30A8880F30B880F4880F3FB
:101300000888FAF7EDFB00200D490860BFF34F8F06
:10131000F2F7F2FF202080F311880A484FF40061B1
:10132000401880F30988EFF314800221084380F30A
:101330001488BFF36F8FF3F713F80000A024052083
:1013400094ED00E0A024052016498A684FF0300093
:101350001044EFF3098C80E8F01F202080F31288FE
:10136000BFF36F8F104F4FF000664A698A603E608E
:10137000D2F880000D4C2060D2F884000023C2F81F
:10138000843080F3118802F1300090E8F01F8CF374
:10139000098802F1000004B5F3F708FABDE804403B
:1013A00070470000249B032004ED00E0DC9A03203A
:1013B0001EF0040F0CBFEFF30880EFF30980816982
:1013C00011F8021C0229FFD001B57246F2F7A8FEFF
:1013D00001BD00BF80B400AF024B1846BD4680BCC3
:1013E000704700BF1413052080B586B004AF786045
:1013F00039607B68B3F5005F05D13B68B3F58A7F40
:1014000001D100231DE01148F2F7A4FD4FF4005272
:1014100079680F48F2F79EFD3B681B0CD9B23B6818
:101420001B0ADAB23B68DBB2142002900120019063
:10143000002000900748F2F78DFD0748F2F78AFD7B
:10144000002318460837BD4680BD00BFA82E010006
:10145000CC2E0100FC2E0100402F010080B582B08F
:1014600000AF78600921786800F0F2FC0346002B99
:1014700008D00921786800F0EBFC034619460348C0
:10148000F2F768FD00BF0837BD4680BD642F01003C
:1014900080B584B000AFFFF79DFFB860BB68002B3C
:1014A00002D14FF0FF33A3E0BB6893F83C30012B2F
:1014B00066D10921B86800F0CBFC0246BB685A61CE
:1014C000BB685B691A460921B86800F0D4FCBB68A8
:1014D0005A69494B1340002B3AD0BB685B6903F053
:1014E000D003002B12D0BB685B6903F0F0031946F0
:1014F0004248F2F72FFD1221B86800F0A9FC03461C
:101500007B607B6819463E48F2F724FDBB685A6948
:101510003C4B1340002B07D0BB685A69394B134032
:1015200019463948F2F716FDBB685B6903F02003E2
:10153000002B07D0BB685B6903F0200319463348D2
:10154000F2F708FD3248F2F705FDB86800F0F3FC49
:10155000BB685A692F4B1340002B06D00323FB8135
:10156000BB68012283F83D203AE0BB685969BB683B
:10157000DB691A462848F2F7EDFC0023FB812FE0D7
:101580002121B86800F03CFC0246BB68DA61BB6808
:10159000DB691A462121B86800F045FCBB68DB69AD
:1015A0001946B86800F08EFABB68DB69002B0DD0D5
:1015B0002021B86800F024FC0346002B06D003234A
:1015C000FB81BB68012283F83D2009E0BB685969B3
:1015D000BB68DB691A461048F2F7BCFC0023FB81AC
:1015E000B7F90E30032B01D1F2F710FDB7F90E3029
:1015F00018461037BD4680BDF0F303FEC42F01002E
:10160000DC2F010000F303FEEC2F01000430010089
:1016100020300100F2F303FE3430010080B584B0C5
:1016200000AF78607B6893F83C30012B17D109211B
:10163000786800F00DFC02467B685A617B685A6945
:10164000184B1340FB60FB68002B06D07B685B697E
:101650001A460921786800F00EFCFB681EE07B68E2
:1016600093F83C30002B18D12121786800F0C8FB9A
:1016700002467B68DA617B68DA697B689B691340A4
:10168000FB60FB68002B06D07B68DB691A462121D2
:10169000786800F0C8FBFB6800E0002318461037AC
:1016A000BD4680BDF2F303FE80B582B000AF786026
:1016B000074A0821786800F0DEFB7B689B691A46C0
:1016C0002021786800F0AFFB00BF0837BD4680BD21
:1016D000F2F303FE80B584B000AF78600123FB8194
:1016E0007B6893F83930032B49D801A252F823F0D4
:1016F000011701004D1701000B1701001D17010014
:101700007868FFF7D1FF01233CE07868FFF7CCFF52
:10171000F2F700FC7B68B3F93A3033E07868FFF702
:101720007DFF0346002B0ED07B68012283F83D200D
:1017300000F06FFE0346FB81B7F90E30012B02D09B
:101740007868FFF7B1FFB7F90E301BE000BF78688B
:10175000FFF764FF0346002BF9D07B68012283F872
:101760003D2000F056FE0346FB81B7F90E30012BF9
:10177000ECD07868FFF798FFB7F90E3002E000BFB1
:101780004FF0FF3318461037BD4680BD80B588B096
:1017900000AF0023FB8300237B77FFF71BFEB861BC
:1017A000BB6993F83930002B02D1BB691B6B00E099
:1017B00000237B61BB6993F83930002B03D1BB69EF
:1017C0001B6B1B6801E0BB695B6B3B613B699B6802
:1017D000B3F1FF3F02D101237B776AE0BB6993F845
:1017E0003D30002B65D03B695A683B699B689B0084
:1017F00013441B683B60FB7803F00803DBB2002B4B
:1018000012D1BB6993F83C30012B14BF0123002394
:10181000DBB21A46BB6983F83C2000BFB869FFF70A
:10182000FDFE0346002BF9D0FF23FB73BB6993F841
:101830003C30042B03D0BB6993F83C3000E001231B
:10184000FB73FB7B012B1DD1BB695A69584B1340BD
:10185000002B03D04FF6FB73FB830FE0BB691433FF
:101860001B7803F00203DBB2002B07D1BB695B6975
:1018700019465048F2F76EFB012395E0BB69002240
:101880005A6112E0BB691C335B7803F00103DBB2E1
:10189000002B07D1BB69DB6919464748F2F75AFBB1
:1018A000012381E0BB690022DA61BB69002283F871
:1018B0003D20B7F91E30002B20D17B7F002B15D0A7
:1018C000BB6993F83930002B10D1BB691B6BDB6807
:1018D000002B0BD0BB691B6B1869BB691B6BD968EC
:1018E000BB691B6B9B8A1A4600F0D9FE7B7F3A6965
:1018F0001946B86900F049FC0346FB83B7F91E306E
:10190000012B02D1B7F91E304EE0BB6993F8393094
:10191000002B0CD0BB6993F83930022B04D1BB6982
:10192000FA8B5A87F2F710FBB7F91E303CE0F2F75A
:1019300019FBB860BB691B6BDA69BB691A63BB69C9
:101940001B6B002B14BF01230023FB71B868F2F757
:1019500011FBFB7983F00103DBB2002B01D0F2F71E
:10196000B3FB7B699B69002B05D07B699B697A6916
:101970005268104698477B699B68002B07D07B69AB
:101980009B687A695168B7F91E2010469847FB7921
:10199000002B07D0BB691B6B1B681A460121B86975
:1019A00000F0F3FBFB791BB218462037BD4680BD23
:1019B000F0F303FE583001007C30010080B586B0A2
:1019C00000AF78604FF000737B61FB7D43F0030351
:1019D000FB75FB7D43F01003FB75BB7D6FF30413B8
:1019E000BB75BB7D43F02003BB75BB7D43F040035B
:1019F000BB75BB7D43F08003BB757B691A461D2117
:101A0000786800F091FDFF23BB74FF23FB74FF2374
:101A10007B74FF233B743B691A461F21786800F0F2
:101A200083FD274BFB60FB7B43F01003FB73FB68DC
:101A30001A461E21786800F077FD4FF0FF33BB6037
:101A4000BB681A462121786800F06EFD7B68183368
:101A50004FF0FF321A607B6803F1180213786FF3BE
:101A6000000313707B6803F1180293786FF300038F
:101A700093707B6803F1180293786FF341039370BE
:101A80007B6803F1180293786FF3820393707B688D
:101A900003F1180293786FF3C30393707B6803F12B
:101AA000180293786FF3041393707B689B691A464E
:101AB0002021786800F038FD00BF1837BD4680BD92
:101AC0000060000880B584B000AF786039603B6882
:101AD00003F01E03002B25D000221D21786800F0A2
:101AE00023FD3A682121786800F01EFD0F48F2F7C7
:101AF00031FA0023FB600EE0FB68DBB21946786820
:101B000000F0FFFC03461A46F9680948F2F722FA8A
:101B1000FB680133FB60FB68222BEDDD786800F089
:101B200018FD00E000BF1037BD4680BDA0300100A9
:101B3000B830010080B586B004AF78607B68B3F53B
:101B4000877F01D1002314E07B681B0CD9B27B682E
:101B50001B0ADAB27B68DBB20E20029001200190F2
:101B6000002000900548F2F7F5F90548F2F7F2F980
:101B7000002318460837BD4680BD00BFC8300100AD
:101B800018310100C0F3C75301467F3B162B10B537
:101B900014DC002B07DA013300F0004101D141F0E1
:101BA0007E51084610BD084A1A410242F9D04FF44E
:101BB00080011941014421EA0201F2E7802BF0D1B2
:101BC000EEF788FC0146ECE7FFFF7F002DE9F843C4
:101BD00020F000430446B3F1FF4F04D90146EEF76D
:101BE00079FC044605E04FEAD07605D1002E40F09E
:101BF000C3802046BDE8F8836049884204DD0020A8
:101C0000BDE8F84300F0F4B8002807DA5C4A9342D4
:101C100004D90020BDE8F84300F035BF594A93428B
:101C200071D9594A934251D8584B204653F826103F
:101C3000EEF74EFC564B054653F82670C6F10103ED
:101C4000A3EB060839462846EEF742FC0446214637
:101C50002046EEF747FD4F490646EEF743FD4E4955
:101C6000EEF736FC3146EEF73DFD4C49EEF732FC1F
:101C70003146EEF737FD4A49EEF72AFC3146EEF7DA
:101C800031FD4849EEF726FC3146EEF72BFD0146C3
:101C90002046EEF71DFC014606462046EEF722FDE3
:101CA0008146B8F1000F43D14FF080413046EEF746
:101CB0000FFC01464846EEF7C9FD2146EEF708FC49
:101CC00001464FF07E50EEF703FC8AE73649204686
:101CD000EEF708FD354B53F82610EEF7FBFBEEF759
:101CE000C7FE8046EEF7AAFC31490646EEF7FAFC3D
:101CF00001462046EEF7ECFB2E4905463046EEF74E
:101D0000F1FC07469EE7B3F1505F0CD22A4920460A
:101D1000EEF7E0FB4FF07E51EEF7A0FE30B14FF052
:101D20007E5120465BE74FF0000890E780468EE743
:101D300031464FF08040EEF7CBFB01464846EEF7C8
:101D400085FD01463846EEF7C3FB2946EEF7C0FB9A
:101D500001464FF07E50EEF7BBFB18F17D0F02DB22
:101D600000EBC85445E708F164084FF0586100EBF8
:101D7000C850EEF7B7FC34E700243AE71772B142D7
:101D8000B5F1CF421872B13E9115853FBC170500E1
:101D9000B41705004CBB31330EEADD3555B38A3834
:101DA000610B363BABAA2A3E3BAAB83FC4170500DD
:101DB0008071313FD1F71737CAF2497130F00040D6
:101DC0000DD0A0F50003B3F1FE4F0AD3421E074B1E
:101DD0009A4208D9A0F1FF43584258417047022067
:101DE0007047042070470320704700BFFEFF7F004C
:101DF00008B1024870474FF0FF407047000080FF75
:101E000080B483B000AF78600B46FB707B681A68C3
:101E1000FB7803F5E0739B0013441B6818460C37EE
:101E2000BD4680BC704780B485B000AFF8600B46FB
:101E30007A60FB72FB681A68FB7A03F5E0739B001B
:101E400013447A681A6000BF1437BD4680BC7047DF
:101E500080B483B000AF78600B46FB707B681A6873
:101E6000FB7803F5A0739B0013441B6818460C37DE
:101E7000BD4680BC704780B485B000AFF8600B46AB
:101E80007A60FB72FB681A68FB7A03F5A0739B000B
:101E900013447A681A6000BF1437BD4680BC70478F
:101EA00080B584B000AFF860B9607A60FB68002B41
:101EB00005D0BB68002B02D07B68002B02D16FF0ED
:101EC0000C030BE00C220021F86800F0F5FBFB6826
:101ED0007A681A60FB68BA685A600023184610379F
:101EE000BD4680BD80B582B000AF78604FF0FF3254
:101EF00009217868FFF7BFFF00BF0837BD4680BDE6
:101F000080B584B000AF786010217868FFF7A0FF3B
:101F10000346FB60FB6823F00F031A461021786824
:101F2000FFF7A9FFF02209217868FFF7A4FF00BF9F
:101F30001037BD4680BD80B586B000AF7860002206
:101F400008217868FFF797FF7868FFF7D9FF00232B
:101F50007B613B7D43F001033B757B691A4602219F
:101F60007868FFF788FF3B7D6FF300033B757B6963
:101F70001A4602217868FFF77EFF7868FFF7B2FF04
:101F80007868FFF76BFA4FF0FF333B613B691A4605
:101F900012217868FFF76FFF0023FB603B7B6FF334
:101FA00000033B733B7B43F002033B733B7B43F0FB
:101FB00004033B733B7B43F008033B73BB7B43F061
:101FC0000303BB73FB7B43F01003FB73FB681A46F0
:101FD00010217868FFF74FFF00BF1837BD4680BD5E
:101FE00080B582B000AFFFF7F5F978607868FFF749
:101FF000A2FF786800F0E3FA002318460837BD46D0
:1020000080BD80B400AF00231846BD4680BC704739
:1020100080B584B000AF7860FFF7DCF9F860FB684A
:102020007A681A60FB68022283F83820FB681B6814
:10203000002B02D14FF0FF331CE00021F868FFF7BE
:1020400007FF0246FB685A600121F868FFF700FFAE
:102050000246FB689A60FB685A68FB689B681946F1
:102060001046FFF7C1F90346002B02D06FF00503BD
:1020700000E0002318461037BD4680BD80B584B00F
:1020800000AFF8600B467A607B81FB6800225A61E2
:102090007B681A463821F868FFF7EDFE7A89134607
:1020A0001B0413441A463921F868FFF7E4FE0122A5
:1020B0003C21F868FFF7DFFE012318461037BD46C4
:1020C00080BD80B582B000AF7860002208217868BA
:1020D000FFF7D1FE00BF0837BD4680BD80B582B096
:1020E00000AF78607B689B691A4620217868FFF70B
:1020F0009AFE00BF0837BD4680BD80B582B000AFF4
:102100007860002208217868FFF7B5FE00222021C0
:102110007868FFF788FE00BF0837BD4680BD80B5F0
:1021200086B000AF786039603B681A1D3A601B6862
:102130003B610023FB821FE03B68FB60FB681B6880
:10214000FA68526892B2920090B2FA680832114668
:10215000984703467B81B7F90A30002B02D0B7F9C4
:102160000A300EE0FB685B6802339B003A68134458
:102170003B60FB8A0133FB82FB8A3A699A42DBD8D7
:10218000002318461837BD4680BD80B588B000AF23
:10219000F8600B467A60FB72FB6893F83C30042BC6
:1021A00014D1FB7A83F00103DBB2002B01D00023B2
:1021B0002BE1FB7C012262F30513FB747B681B6837
:1021C0009BB23B827B685B68BB616AE0FB7A002B59
:1021D0000BD07B6800229A607B685A687B689B689A
:1021E0009B0013441B683B611EE07B685A687B6858
:1021F0009B689B0013441B683B617B689B683A8A21
:1022000013445A1C7B689A607B689A687B681B68D9
:102210009A4201D30023F8E07B685A687B689B6888
:102220009B0013441B683B617B685A687B689B6812
:1022300001339B001344BB6133E0FB6893F83930F2
:10224000FB75B969F868FFF76AFF0346FB83B7F9C6
:102250001E30002B02D0B7F91E30D6E0FB68FA7DA5
:1022600083F839207B689B683A8A13445A1C7B6840
:102270009A607B689A687B681B689A4201D3002346
:10228000C3E07B685A687B689B689B0013441B68AB
:102290003B617B685A687B689B6801339B001344F1
:1022A000BB61FB7C03F03003DBB2202BC5D01EE00A
:1022B0007B689B683A8A13445A1C7B689A607B68E7
:1022C0009A687B681B689A4201D300239DE07B6873
:1022D0005A687B689B689B0013441B683B617B6862
:1022E0005A687B689B6801339B001344BB61FB7C8D
:1022F00003F03003DBB2302BDAD0FB6893F83C30CC
:10230000042B1BD0FB7C03F04003DBB2002B0DD071
:10231000FB7C03F03003DBB2102B14BF012300233E
:10232000DBB21A46FB6883F83C2007E0FB7CC3F372
:102330000113DBB21A46FB6883F83C20FB7C03F0F8
:102340003003DBB2102B17D1FB7C03F00403DBB2AC
:10235000002B02D1F868FFF7B4FE3B8ABA69194630
:10236000F868FFF78BFE0346FB83B7F91E30002B9E
:1023700022DAB7F91E3048E0FB7C03F03003DBB211
:10238000002B17D1FB7C03F00403DBB2002B02D13E
:10239000F868FFF7A3FE3B8ABA691946F86800F0AF
:1023A0004BF90346FB83B7F91E30002B04DAB7F96B
:1023B0001E302AE0002328E0FB7C03F00403DBB29C
:1023C000002B1FD17B689B683A8A13445A1C7B6898
:1023D0009A607B685A687B689B689B0013441B6803
:1023E0003B61FB7CC3F30113DBB21A46FB6883F845
:1023F0003C207B685A687B689B6801339B001344D0
:10240000BB619BE700BFB7F91E3018462037BD46B9
:1024100080BD80B582B000AFFFF7B8F90346FB80FE
:10242000B7F9063018460837BD4680BD80B584B080
:1024300000AFFEF7CFFFF860F1F794FDB860FB68DE
:102440001B6B002B14BF01230023FB71B868F1F74D
:1024500091FDFB7918461037BD4680BD80B582B02E
:1024600000AFFEF7B7FF78607B68002283F8392061
:10247000F1F7CCFD00BF0837BD4680BD80B584B004
:1024800000AF78600B46FB701346BB700023FB81E6
:10249000F1F7C4FDFEF79EFFB8607B68002B02D108
:1024A0004FF0FF3329E0FB78032B02D0FB78012BA0
:1024B00002D1B868FFF721FEBB68FA7883F83920AB
:1024C000BB687A685A637A680121B868FFF75DFED5
:1024D0000346FB81B7F90E30012B04D1B868FFF732
:1024E000F9F80346FB81BB7883F00103DBB2002BD4
:1024F00001D0F1F7C9FDB7F90E3018461037BD46C7
:1025000080BD80B483B000AF78600B46FB707B6801
:102510001A68FB7803F5E0739B0013441B681846A8
:102520000C37BD4680BC704780B485B000AFF86002
:102530000B467A60FB72FB681A68FB7A03F5E0735E
:102540009B0013447A681A6000BF1437BD4680BCF4
:10255000704780B584B000AF78600023FB60FB68F3
:102560001A4620217868FFF7DFFF4FF00073BB6049
:102570003B7A43F001033B72BB681A461D21786821
:10258000FFF7D2FF1D217868FFF7BBFF0346BB6052
:102590003B7A6FF300033B72BB681A461D217868D3
:1025A000FFF7C2FF1D217868FFF7ABFF0346BB6052
:1025B0007868FFF703FA00BF1037BD4680BD80B5CD
:1025C00084B000AF78607B68FB60FB68002B02D1B1
:1025D0004FF0FF3315E01221F868FFF792FF024633
:1025E000FB68DA60FB68DB681846FFF7A3FA03466E
:1025F000002B02D06FF0050303E0F868FFF7DEF967
:10260000002318461037BD4680BD80B584B000AFAA
:1026100078607B680022DA610023FB607B7B43F0FB
:1026200001037B73FB681A4610217868FFF77CFF73
:1026300000BF1037BD4680BD80B588B000AFF860E0
:10264000B9607A607B68FB61BB681B09BB760023BD
:10265000FB7612E000237B61FB697B617B691A4694
:102660001B21F868FFF760FF97F91B30DBB20133DD
:10267000DBB2FB76FB694033FB6197F91B2097F9CE
:102680001A309A42E6DB97F91A30002B02DDF8681F
:10269000FFF7BBFF012318462037BD4680BD0A4423
:1026A000431E914200D1704710B511F8014B914281
:1026B00003F8014FF9D110BD02440346934200D103
:1026C000704703F8011BF9E7022B10B509D09208F7
:1026D0000368013A0C6840F8044B41F8043BF7D119
:1026E00010BD029B022B09D092080368013A0C68C6
:1026F00040F8044B41F8043BF7D1F1E702440C7871
:10270000037800F8014B824201F8013BF7D1E7E77B
:10271000F8B50F46164604461D4698470028314630
:1027200038460CDAA847002802DA3C462046F8BDB5
:1027300031462046A8470028F8DA3446F6E7A8478D
:102740000028F2DC31462046A8470028F5DAEDE7FC
:102750002DE9F04F144697B082070646029319D12F
:10276000A30717D1271F18BF01270023039304FBDA
:1027700001F8062906EB040B06EB080304932AD89C
:10278000049B5B4510D8039B002B40F0238117B0BE
:10279000BDE8F08F0227E8E73B462246414628463F
:1027A0000097FFF791FF11E05D4610E0A5EB0408EC
:1027B0002946029B4046984700280ADD002FEBD1AE
:1027C0002B68D8F800202A60C8F800304546AE4291
:1027D000ECD3A344D4E74FEA5109A8EB0408072936
:1027E00004FB0969B04422D0282941D9CD08029BB5
:1027F0003046654306EB45027119FFF789FF4946EC
:1028000009EB0502029B8246481BFFF781FF424607
:102810008146029BA8EB0501A8EB4500FFF778FF76
:1028200002464946029B5046FFF772FF814617BB9E
:102830003368D9F800203260C9F80030D946C24662
:102840005D460023C1455BD805933146029B48464F
:1028500098470028059B2DDC08D1A7B92B68D9F82B
:1028600000202A60C9F8003025440123A144E9E78B
:102870004246B246D5E73B46224649463046009797
:10288000FFF722FFDAE73B462246494628460097F3
:10289000FFF71AFFE8E70BD117BBD8F80030DAF8DA
:1028A0000020C8F80020CAF80030AAEB040A01236F
:1028B000A8EB0408C14523D805933146029B404646
:1028C00098470028059BE6DA97B9D9F80030D8F880
:1028D0000020C9F80020C8F80030A8EB0408C4E7BD
:1028E0003B462246514640460097FFF7EDFEDCE7A7
:1028F0003B462246414648460097FFF7E5FEECE797
:1029000013BB049B5B457FF63EAF5D4618E03B463C
:102910002246414628460097FFF7D6FE0FE0A5EB7A
:1029200004082946029B4046984700280ADD002FEC
:10293000EDD12B68D8F800202A60C8F80030454651
:10294000AE42ECD3A344DCE7A9EB050BAA1B5A4526
:10295000A8BF5A4632B13B46A9EB02013046009768
:10296000FFF7B2FE049BAAEB0805A3EB0A02121BB9
:10297000AA4228BF2A4632B104993B4648460097EE
:10298000891AFFF7A1FE049B5D45D846A3EB05001D
:1029900004D93346A84606465D461846A54223D9C3
:1029A000039B072BB5FBF4F10ED8039A16AB03EB90
:1029B000C203B8FBF4F243F8406C43F83C2C039B91
:1029C000013303930646D2E6029B2246FFF7C0FE80
:1029D000A0450CD8039B013B039316AB039A03EB72
:1029E000C20353E91001EDE7A0457FF6CCAE3046B7
:1029F000B8FBF4F1E6E738B504460D4600F049F8B7
:102A000030B120462946EDF765FD0446204638BD25
:102A1000284600F03EF80028F3D12046FFF7CEF913
:102A200008B92C46F2E72846FFF7C8F90028EDD090
:102A300029462046EEF712F80028F2D0E6E738B52E
:102A400004460D4600F025F830B120462946EDF742
:102A500041FD0446204638BD284600F01AF80028FB
:102A6000F3D12046FFF7AAF908B92C46F2E7284629
:102A7000FFF7A4F90028EDD029462046EDF7D0FF56
:102A80000028F2D0E6E710B14FF000407047002078
:102A9000704780F48000400010F5000F94BF0020C4
:102AA000012070470139024410B5904201D1002045
:102AB00005E0037811F8014FA34201D0181B10BDA7
:102AC0000130F2E70148006870470000DC9A0320FB
:082AD00020E0FE7F0100000080
:102AD8001918000000000000551700000000000051
:102AE80099B7000000000000293000000000000035
:102AF80000000000982B0100358300000000000052
:102B080011BA00000000000000000000082C0100BD
:102B180000000000EC2B010000000000B42B0100B5
:102B280000000000D02B010000000000242C010050
:102B38007197000000000000D53B00000000000075
:102B4800F12400000000000031FC0000000000003B
:102B580000000000402C0100000000005C2C010077
:102B680000000000942C010000000000B02C0100BF
:102B780000000000782C0100A10D000000000000FA
:102B880000000000CC2C0100D1360000000000003D
:102B980084150500DC150500142D0100540A0020D9
:102BA80008CF0420D975000000000000443201005D
:102BB80030320100E82C0100400A0020609A03200E
:102BC800C98300000000000050320100B832010043
:102BD800E82C0100420A00206C9A0320C9830000F7
:102BE800000000005C320100CC320100E82C01003A
:102BF800440A0020789A0320C983000000000000DE
:102C08007432010040330100E82C0100480A00201A
:102C1800949A0320C983000000000000A832010034
:102C2800F4330100702D01004E0A0020000000203E
:102C3800D11900000000000068320100E0320100F4
:102C48000C2D0100460A00203C02002021B30000A0
:102C58000000000080320100543301000C2D0100F7
:102C68004A0A00208003002021B300000000000071
:102C7800501505001C150500D8140500500A002041
:102C8800B408002055940000000000005C15050001
:102C9800A8150500302D0100520A0020489F032086
:102CA800397C00000000000094150500F4150500AB
:102CB80000000000560A0020689F0320319700009A
:102CC800000000008C320100D43301009833010069
:102CD8004C0A0020988C03206121000000000000AD
:102CE80065A60000A5760000B5760000D176000044
:102CF800DD760000E976000045A9000005770000B0
:042D080000000000C7
:082D0C0081AC0000B1A300003E
:102D140041A40000017400004D7400000000000094
:0C2D2400ED730000000000000000000043
:102D3000C97B0000157C00000000000000000000BE
:102D40000000000000000000000000000000000083
:102D50000000000000000000000000000000000073
:102D60000000000000000000000000002D7C0000BA
:102D7000F92A00005D36000000000000012A000072
:102D8000C12A0000A92F0000F9380000F91800003E
:102D9000DD2F00001139000000000000391900008B
:102DA000000000000000000065190000151B000075
:0C2DB000A1190000394C0000A919000016
:102DC00052474250200A0000200A000098070000E5
:102DD00098070000000000004A504547200A000004
:102DE000200A00009807000098070000000000007B
:102DF00059555956200A0000200A00009807000083
:102E000098070000000000005247425000080000F0
:102E1000000800000006000000060000000000009E
:102E20004A50454700080000000800000006000066
:102E30000006000000000000595559560008000027
:102E4000000800000006000000060000000000006E
:102E500052474250200A0000200A0000900700005C
:102E600090070000000000004A504547200A00007B
:102E7000200A0000900700009007000000000000FA
:102E800059555956200A0000200A000090070000FA
:102E9000900700000000000000A0105000820D50BC
:102EA0000004055000860D5061786F6E2D6E6E2007
:102EB00065787065637465642068617264776172B7
:102EC00065206D69736D61746368210061786F6E50
:102ED0002D6E6E2068617264776172652069643A54
:102EE000207265616420307825782C2065787065C3
:102EF0006374656420307825780A000061786F6E0D
:102F00002D6E6E207374732076616C75653A207235
:102F100065616420253032782E253032782E2530B8
:102F200032782C20657870656374656420253032B2
:102F3000782E253032782E253032780A00000000B5
:102F40004445425547212052455455524E494E471B
:102F5000205355434345535320414E59574159211E
:102F60000A0000005761726E696E673A204952513B
:102F70002072656769737465722073746174757308
:102F800020616674657220747279696E6720746F4F
:102F900020636C6561723A2030782578000000006B
:102FA00061786F6E206E6E2064756D70207265673B
:102FB000733A0A0030782530327809307825303875
:102FC000780A00004952513A205741544348444F2F
:102FD00047202830782578290000000057444720F2
:102FE00054696D65723A2030782578004952513A1B
:102FF000204255532F4649464F20283078257829BE
:10300000000000004952513A203634424954204FC2
:10301000564552464C4F57202830782578290000D5
:10302000526573657474696E672041786F6E2E2ED9
:103030002E00000073707572696F757320696E746D
:103040006572727570743F2030782578206F722019
:10305000307825780A3F00000A4552524F5221210C
:10306000212041584F4E2D4E4E20494E542053544E
:103070004154555320307825780A00000A455252B1
:103080004F522121212041584F4E2D445350204969
:103090004E542053544154555320307825780A001B
:1030A0000A21212144535020574154434820444F82
:1030B000472121210A000000726567202564203D18
:1030C000203078253038780061786F6E2D64737009
:1030D000206861726477617265206964206D69732C
:1030E0006D61746368213A20726561642025303215
:1030F000782E253032782E253032782C2065787065
:10310000656374656420253032782E253032782E40
:10311000253032780A0000004445425547212052AC
:10312000455455524E494E472053554343455353FA
:1031300020414E59574159210A000000000000006B
:103140000338FDD8704700000000000000000000B8
:103150000338FDD870470000593900000000000016
:103160008939000058310100740A00200000000075
:10317000000000005096032011170000000000001E
:103180005117000078310100743101000002000085
:1031900000000000CC3401001C350100DC340100CB
:1031A000BC340100FC340100CC3401001C350100AA
:1031B000DC340100BC340100FC340100CC340100DB
:1031C000AC3401000C350100CC3401001C35010089
:1031D000DC340100AC3401000C350100CC340100BA
:1031E000AC340100EC340100BC340100DC340100DB
:1031F000CC340100BC340100AC34010041000004B7
:103200004200000544000006FC31010003000000FC
:10321000D02B01000500010000D00450083201004D
:103220000100000024020004250200062602000519
:10323000FF1F000000860D50CC020020000000009F
:10324000030000006770696F40643836303000005A
:103250006770696F40353034303000006770696FD7
:103260004031306130303000737069403464303048
:10327000300000006770696F406438323030000001
:1032800073706940633830303000000061726475DB
:1032900063616D2D6D656761403000006364635F3D
:1032A00061636D5F300000006364635F61636D5F45
:1032B0007561727430000000FF07000000040550C3
:1032C000000000000000000002000000FF030000FA
:1032D00000A0105088010020000000000000000045
:1032E0000048E801000000000000000000000000AD
:1032F000FFFFFFFF0000FF000000000000000000D3
:10330000FFFFFFFF0100000101000000757C0000CD
:10331000FFFF00001832010000000000FFFFFFFF68
:10332000000000002432010003000000082C01000E
:103330000700010000800C50243301000100000050
:10334000FFFFFFFF00820D50CC02002000000000B4
:103350000100000000127A000000000000000000E0
:1033600000000000FFFFFFFF000000000000000061
:1033700000000000FFFFFFFF01000001010000004E
:10338000857C0000FFFF00003433010000000000D6
:10339000FFFFFFFF00000000A51C00001915000042
:1033A000991E000039150000D91F0000911F000070
:1033B000AD1F000000000000000000000000000041
:1033C00000000000000000000000000000000000FD
:1033D000000000005C2C010000127A000061000077
:1033E000082C01000700010000000000010000009F
:1033F000000000003805002000000000DC04002070
:10340000B004002084040020000000006410B71DF8
:10341000C8206E3BAC30D9269041DC76F4516B6B02
:103420005861B24D3C7105502083B8ED44930FF0C4
:10343000E8A3D6D68CB361CBB0C2649BD4D2D3867A
:1034400078E20AA01CF2BDBD303132333435363754
:10345000383941424344454600000000F83101003C
:1034600001000000F431010001000000F031010012
:1034700001000000EC31010001000000E03101001A
:1034800003000000D431010003000000C03101003E
:1034900005000000B431010003000000A03101006C
:1034A000050000009431010003000000000000004E
:1034B000788C0320688C0320002004500001000059
:1034C0007C8C03206C8C032000200850000200003C
:1034D000808C0320708C032000200C50000300001F
:1034E000848C0320748C0320002010500104000001
:1034F000888C032000400450003008500105000073
:103500008C8C03200040085000400C500106000045
:10351000908C03200050045000300C500107000034
:10352000948C032000500C500030105000000020FC
:1035300000000000060001006466755F64667500A7
:10354000465320436F6E66696775726174696F6E6A
:1035500000000000485320436F6E66696775726112
:1035600074696F6E00000000506572736F6E2044C6
:103570006574656374696F6E2053747265616D0064
:103580005A65706879722050726F6A6563740000C2
:103590006812002008000A0012000100D0CB31049C
:1035A0001D300C00680C0020040005001200010012
:1035B000482B73031D290800F81C03A122D6EA7FBB
:1035C000F7F5210FA104DCE7740F05FC06E4FCF31A
:1035D000EC3AFE1235D41124950302BE2E32C51FDB
:1035E0000F811B09CDFA0CEF1314D20CF8F4FC1464
:1035F000D33A6995052BB4180ABA6664811F169BE5
:10360000F40004193EC20417DA02EA8BFF216600B7
:10361000FC06FBDF810626700102070300C6FD05DC
:103620003B02FDFCE80647ACC236FAF52707046EFC
:1036300097814CFD016907E918E2DAEA0CEB2FD318
:10364000F626395D377C7F2A1DDCFFE7DD0081CE61
:10365000F60E30DBDFC6C901B3E0D5CE28B7D82ED1
:10366000C9070B5654C77F50BF6717E2D5E111CB8E
:10367000D914CFE514FDFA0502427300D387FFFF8A
:10368000000B466BF8D58102FAFDFC113C01F9C430
:10369000198FF92AF20BF2340E1C81E528FC0CEF8D
:1036A000431812C8FE140307EB1E000323FF1C6916
:1036B0007FEE213F1B546B104F70F80625F6D2DACF
:1036C0000B1D041C3E2E07EA033D8144FA0BF0015A
:1036D000F40E24AC3BFE07FA0CEE0225B22A0203DC
:1036E000F8CCAE0EB481D7EDD3D623FAE1563AF733
:1036F00028351B105A11F7462FEAF80D215A410DB3
:10370000747FE70A24EDD80EDF92CA17D6EFF1CC0A
:10371000AE14FAB40420ED1BF90C4588E030F31622
:103720002D04034881CC2AFD0DFE09052AC6F108A7
:10373000030501F709FD26D20271A0FC03FEFA344D
:10374000D0FE7F8903FC01FDF70CFF27DAE408CDEA
:10375000197C95076E57002DA3176F97347F41EEA4
:10376000F804F408BE2A2616FEFF11010D7F01FAA7
:103770000CF7080C0381CBEDD123FDF90906547F2A
:10378000FDFD0E0106000381070007FF03FDFCFE9F
:10379000817B0101F80607F50F927FEF2CE6000C04
:1037A000E603C77FF620E50104FF06810202040458
:1037B000010CFF02088104F910DF650302412D1698
:1037C00081D101FFD4F9FB7F0508B3FFF807077F1C
:1037D00097F43BD00BE60C029FCCF37F1D00F80260
:1037E0000308810200F5FC79EE01810B03F60A045F
:1037F00017EAFB7FC3FDFA0ADA301B660EF40417E2
:103800000A1FDF268C157FE80D070E1000811B02B2
:10381000FE060E7639F5FFEFF8E9E0BAFF00FEED9F
:10382000FF0F0618DD814621D1EECB202C210802A6
:103830001CF47F2EDA04A831F50F07871C2CE67FD5
:10384000431B2E03542657EE85221BB64821FA81CE
:10385000B62E9D1D2751FC41FA155FE3D10605FDEB
:10386000D9137F11E0351DFC354DF705FDF781EECD
:103870000106F3080503001C2CCCC9C8F740DE7F05
:10388000CF60D952CF3AC3D3717F0FF113015D3F9F
:10389000E0BEE2FEF5FAF330EFFE9FEE1C81FE2360
:1038A000D7184290E7524BF5B97FD9E9E4070AF6F9
:1038B00008DEF60CFD09EAC2CBF90408FD03FC3A68
:1038C00001DDF607FD0D1A7FAC131C26F6E9DD7F3E
:1038D000E756FDD326B7A51300EE238700A40416F0
:1038E0003A1DD7DE8A0B8112F5EE14F612F6B203FA
:1038F000F0810E08C9F2FCDE087FF8001411014FB8
:10390000E7DE1EF3F80EFDD1D709F100FCEEFFFB58
:10391000D153FA2935DAE77F5201D14D45E47FE9E9
:10392000F8F851DA312ACFEBFA07251FE91CF6E641
:10393000EA81B6D9E645189B640FB836DC81AF0B37
:10394000D201E3D32731BAD312082E1FF2F5D7E004
:10395000F902017FE663D83010FEF2701F6582FD28
:10396000341A79812092C7FF47E31BF6B3DB0DFDC4
:10397000E1EB6FE3FE0C7F19042A03FFF0F50681EB
:10398000F239040F03EC0AC0067F01FBF3FDFE01D0
:10399000F9FC1EFF04021F0AFD01C4DA21ABEF1D72
:1039A00058251F7FC1B6FA0BBDDCEBB4EDE8FBDE9A
:1039B00081FE68D01D43240BF0112CD3E7819D2A92
:1039C000F93EBC96A0CEEF101003C21C22EBC6122B
:1039D0004024365F81C4E610011281BC2BAC721802
:1039E0000A45B3A791CE31199F2ADCE65720E5D6C8
:1039F000DFC4D0E6E82481891281FB0903FCFC1CAA
:103A000010DAFBEDFF02F50D18001CBFF43C27D8BF
:103A1000B60A818B264F382CB1F2267F48FDA0F0E4
:103A200016251AAA5E15561DE6F4EBF0057F1DE873
:103A3000D6D9FC34DCB923207FEA3236C4F128FF22
:103A400049F5F107FAD3522ADD0156DDA1FC1E1C0F
:103A5000EE2A1AA681B5AD26E0F77F1477D2E7E308
:103A6000CBD6EE30F2E84D0415F9BFF90EECC4FCEC
:103A7000149A381D8104F48AFBE9FDFE0DFFFD7FD9
:103A800016AFFEF3020FF857C7F916DB42FA10F72C
:103A90007F572BE41F31150B02CC0310F900058171
:103AA000F447F607F0F4FFBF16FA7FDCFC0435ECB0
:103AB000DAED0E310C39C6FEF323FAF210EAEB9080
:103AC0004E8120CDD30AF8408109B9789502F10DD5
:103AD0001902C312B7485B0C1418272AFC1825F8E2
:103AE0002CF081F32FEDDA1416F60500CA4104E735
:103AF0009D81EE26AEB0F4DF1E3107517F36365978
:103B000024154F332E7F5A1E3D34264322517F38D1
:103B10003B532321452E417F55224C34EDCCDDC94A
:103B200081A5D4A2BCE5C9E1BF81BAC99DC8173837
:103B300027427F49315933E6BDD0BD81B2DABBDAC5
:103B4000D0B4D7AF81A8DAACBA3B4B174D7F441C39
:103B5000432CE0C1DCC481B0DEAEC6254B2D3F7FD7
:103B60005321422A1E3E20497F50315332293126AB
:103B70006D7F634C57392339174F7F4036592F17C4
:103B8000553C2E7F5717322217382C3A7F62274C2C
:103B90003BE8C8D3CF8B81DA9BA0294222447F4FD8
:103BA000284F341C361F3E7F5329593A21462E3C5C
:103BB0007F571B4533DEB7D6C081ADD6B3CA1D369D
:103BC0001C497F453B65392543263B7F511E4830C4
:103BD000CFB2C6AE819DCF9EB01F3D1F3E7F53200A
:103BE000503A2531134D7F482A5C36223E213D7FD5
:103BF0004727502F427C723B7F7C000712E9BFCEE3
:103C0000CA81A5D5A9C3E7C0D0C381B0D9B9D7EBC4
:103C1000C7D6C881A9D8B0CEB8CE1B20E8EE21F90E
:103C20007F64B9D721980BE30E24F82AAD11F0E395
:103C3000420E1608030C07DFE7F89C0534BDF95166
:103C400002022D355AEC30D4DF0451344768816DBF
:103C50001DF0ED28E96C0FFEE87FDAF10138F50C74
:103C600000FFDB1CD3BCD420111ABDBC05ED0DF048
:103C7000CC08CBD8DFFDE3EDE90AEF070FD465F8F8
:103C8000CFF78171DCE34AE4F0E31AE4E202031EB9
:103C9000D8E8E43A2BF186F9C78427C6CE02E67647
:103CA0001CF6244EDF722681C8DC0CFEB8E426F632
:103CB00004F29236F6F0BFE950230C0FE20DFFFD3F
:103CC00000DDF806F6010FEC150BF9C500FEFA0C45
:103CD0000EDFFFF881F7ED959D141EE6F31613FE37
:103CE00015F4EE0200F1E9FD810B0EF3FE0205F37F
:103CF00004FBE0FBBEFB08DE33EFEB2110FEFAF322
:103D00000AFB15FB130015F20D1A03470304F0011B
:103D1000363C0F2B8109035A08F1F4FA17A218DD7B
:103D2000E7F92FED06D27F170F53ECFFF91302C608
:103D3000D7F90912FFFA0DF9AE0B33291B01C4188C
:103D40001A61451D2669F029060AF0F8F810FF01EE
:103D50007FF035E6C2FBEA0AFAB9DA4BFEEE3081B3
:103D6000DEE6C1F71004ECF6EE01C1119D1CE898E7
:103D70000C1BF9CEEC24CC0312E822F57FFF2B07B5
:103D80000F01D70FF0FB04D704F40788D3FE0DF31F
:103D90001F8117FEF0D9E5211AAF24AAEC43EB7F6F
:103DA000B1DF0E4DE8BCE4E8E82D290743CE1B3A0D
:103DB00002EAF32709D3F512352016FB12CDF11BC9
:103DC0009B2F06BF3909018B2DEEF51D8106E9D425
:103DD000F20872E8E02D0BEFF37F417F3BD60FB77F
:103DE000D19F1D9A24DF223BD012E9F906F4060E7A
:103DF00025F389E92CE75D21C6039F06C635273CDC
:103E0000273A15C581D64B17DFFA01C92AFB1639A7
:103E1000411D175BEAF65DFDF7D6D47F020BE1F694
:103E200029E1DBE3FDF1F4BBD938EDBD282043E304
:103E30002643F97F33CD47C923C8EE1920F648E45D
:103E4000E4EEEC81E20CDE26F7B725B5D2E22A39A2
:103E50007FCEC5C61411332206E512480515FAD6E1
:103E600039F7E37F0F0E07FE30A0BE7EF2F2D4AE2C
:103E700025C18B87F88125E92AAFC36F0DD99ADF59
:103E800019CBB7A7E18116BFFA7F23C7D8DCE9DCDD
:103E9000F2D51CC4C51AC8E2DF4809DB370203E0CB
:103EA000F90481FD34FBE92A5D35E49A0EDB310724
:103EB00007494A7FE324FC38F7FCEC7F1810DBD974
:103EC000F4012943FEE2CB098D15FE3DEA2D7F0C5E
:103ED000F5E91CC606132709DB81F0AE15EA07F0E9
:103EE000F11DDBD82CEF0BFC1D17BEEB056DDC8143
:103EF00023F81A001BEF0B1478081C8101F3F90357
:103F0000DE12EEFBC0AAF43810810FF9EA0609EBC5
:103F1000F5F77D23AF2A34E0EA02011ED5CAC59623
:103F2000D6EBFE8109EA59F3C518270164F93CE490
:103F30000FC42EF1279E7FEA109C15CAFCF9FFF0F2
:103F400031FD7F1BAD2339EBD0B7FB4A1819F4D6EE
:103F5000F5E80F3FF4D0E67FDF7F0324EDF4D9D9F5
:103F600001DA3FEBC4FDF32B4204CDFF6806411498
:103F7000BEF3F502F8447F40EC811345120530FD95
:103F80003602C37623F00821CC39EDEEB7D57FAEEB
:103F9000D2E11D2F138660C67907116F53E672F2C6
:103FA000FC7FEB8CB489DC4611A8ED77EBDEA9AF82
:103FB00027DFC581FF881ECCB603ED7F0AE7D3C299
:103FC00017DC06140206F7C3D7E23D81BF48DA4189
:103FD000BE08150901D0ACEDE0932F28BDFEDDBF72
:103FE0001EF97FFFAF3841C3DD2F14182AFFFBED08
:103FF000B4F781F74DECDC4038D8F41E7FE319E7C5
:1040000018E530244C3490C7CF8FFB7FE03FF0EEB3
:1040100015D6D79728F8FDC023E2FAF7D3F4E5FCCC
:10402000F30FD281F8DD1CFA28CAFBCCA9F1BBFD45
:1040300006FCB981FAD443E941D21864FCC42900D2
:1040400012A439E57FF1E901A6FBF67FFAFFF8ED4E
:104050001DEA04FD2517FBD400F3CF7F5C180BE2AB
:10406000F5F3170B0726EEDA01F5126633001E088A
:104070003CF0137F1F04C3052FED81D872F9E6C40D
:104080002FBC6C4B64CF9112EF3E1BEB42FE00DB6A
:10409000E5E481396D12DC3226023BC6591FEF2060
:1040A0000A9CD108AB81FBCDF2DF1333E381DA77D1
:1040B000D4EDDF38E3F60AFEEE75B87F38D20E1C79
:1040C00031092157A714C5E2F8FE2D8109F91F1AFD
:1040D000F812FEDBECFDE209C1BA317FE704C7E468
:1040E0002A061DAE21F81CAF4AFE237FDC9633FA68
:1040F00088B3F70BF6D93E6F6CFCB38112D8FF8BF7
:104100000520EB35223723441EBC5E4EB343348179
:10411000C3C2E5ED1EEFD2E7FA1405AFE20E09FBCC
:10412000C7FA198107F512F00DB5FD81E30008BD4E
:10413000E4CF28DDCF0320DA1E8133DDFC0001CF80
:1041400029D77559CF3D21E3F9B91ABC28D2FDF51D
:10415000810A34DF26F2B9EEB02D17B4FC15FEB794
:1041600081FD810544EBE8380AEB018104EB09E2AB
:1041700050E8CBEEFF141C20F1EEE77F171CE60D94
:1041800019F5FCFA0BF302E67FD8A7F75A182C1D95
:10419000ABE8C51FD169797A0C32EACD22E91BEF71
:1041A000DBD1811974E7DE40428C3DDBF2EEFDF19C
:1041B00026DC7F2D00183217E28149021220F1E03F
:1041C000E0E01EF740CFDF5E0E107F16027E1D89F5
:1041D000F61AFF45C3DFDC662013043CF405150125
:1041E0007FEDFBFA14E20A34107F1A2F04C2C91AB9
:1041F00014CE3517E723DFCDFEDAD37F20D8E8B31E
:1042000015BCD585FDEE53E00800373602814A051E
:1042100018FBF9F502DF121DF8FEF4F0627FE20CE4
:1042200044D31E16007F4E0073470FF2F70E998A93
:10423000019781174950327F7F2E3E411733432724
:104240006A7F163B48F520E5E57098EC7F8FD21E1B
:1042500010862E4B812F49EA1625ED507FDC26561D
:104260002E2EF83F71450A7F6505FA7FE9912005FA
:1042700004DD1B706407101BDF818A044537F27F61
:104280006FEF2C1E142C34177F76116D68EFD7D882
:10429000E88196EEA4B90402D50A6399FC7F953EA5
:1042A0004E22437F60286E57F5EB08F1373BFA7DCD
:1042B0007F082C1C367F6F367461E72334116B7FC7
:1042C000286A75F3C3CCE18281D7AEA2F9E006D9A2
:1042D00081B8E197BC110414FDA8A6008881FEE80E
:1042E000DFCF8194D8B0C2030D24167F7D11766094
:1042F0001B7F74227A760D1B151DB5281E815E0E5C
:10430000AA4B2610D157348C452A81091C2103075A
:1043100004F28B8193BB748EC27FE3010906D3A0A4
:10432000DC8791C481C5166A51217F6A0E3F33FE36
:10433000E0D8EDD8DCE7647FF845C0E07FAACE780E
:104340009D2CD2F37FD9A87CDEA9F015221E656CC6
:10435000317F7CF331EBB17FBDA76CE4FF2F3313CA
:104360007F611A6C330F494A187F7216523BEDCAAF
:10437000D6FE414D0E697FED2E3FC34F7FD41A55B7
:10438000FF9E96CEF703E9737FFF2B3A0C687F0CF4
:10439000455AE7BCB4DD8F81E3B7B0F5060BE260A8
:1043A000D2ED7FADDC8D26816F361164CDE8AC9BFC
:1043B000D18189DEA8ADEFC3B4EECADD0F7D7F10D9
:1043C000685B19797FFF1822DBB9BECB878BDF8151
:1043D00097FD8681DA849A3D3F3C0F412B5D7F1625
:1043E0005C55C8164542257A7F236059EA86DF87E7
:1043F0008111AEED4CF40E12084F670E6D7F0A3B33
:1044000031DE81890A443E0456512D7F79DD120444
:10441000355255167F7CCC3053215262477F73480A
:1044200059F0F3B9CAE38191F58489C00C2CD6798F
:104430007F087D7F03F7FCE78191DE9B9C2967EF76
:104440004A74C1163781040F0B175F60DCAF81FB24
:104450002B21087F78015158815C21DCF8CAE0FCEF
:10446000C8DF1CACB3C5CEFD7432D09EF1343A53D4
:104470000BD0DA5618FF07342CF7C9FCB3F7E6E186
:10448000211D0ADCE4E6F217FDD9EE06FDE5133640
:10449000FCE6E125F0FD23C3521DEFF40FFD1AD811
:1044A000BDE2CFE4DCD4F9F42D32B4F020FCF8EA1C
:1044B000E17F3533031FE3E50507053337BA1DD325
:1044C000FAE32E4005F8D9EB0608F2DD21E90ED219
:1044D000D8CFF0EACD0308FFAC81D3FBF818F8047D
:1044E000F1D4EBF52ACFF227EFE741D923D9F4FF36
:1044F00006B7171CE70EEA08FFE6F706031832189E
:1045000003EA10E00C09E6E5FEF2141814EADFD91C
:10451000F8C9ED01FBD1ECF98123BEB80027143EA8
:10452000E55023E9D9DD3607DEF5E90E320B163901
:1045300024233184D5D4BFBBEECAAF3F5702D20784
:10454000F8CE460130D928520137E7D20D22F0F7D4
:10455000B6C4C2092CB5DEF695CBF05FB0B5FDF35D
:104560007E0E81EF57E1ED23D4C85C3528FE0CF3B5
:104570001B3A02DD41F1BC81033FDE0A95563AE663
:104580000A3A0719F21C16DA0DF4F832D81930FE7F
:104590001C1B0219F8180C03ADDCF920391A04357C
:1045A000493B382CF80FF8CB0B48B0363619A5DD4F
:1045B000C8E90E016A97C57FC108F5157225B323B6
:1045C000F3DA22EAC6EDF7FAF920EEDF9FE400D82D
:1045D000C512FDFDFBDF56F15B81869D58A90602E1
:1045E0003E061AE8E1082C29343D11CC040DC826FA
:1045F000144E0D001AFF02FED10CAA23E016D608B5
:104600001AE5E83BF7E41E02AAF32BF402A3CDBEA1
:10461000E6F4FA3EE827280FC4F4D40DF2EC1ED4D9
:10462000C3B430F6E023E438ECF5F8F3107F0D0165
:10463000335638E62B320B341E1CE23155ECD6D8FB
:10464000140314241AE10A1B0EC410E41BD8E93128
:1046500049F9F0E620330923C9112DE117622258E8
:10466000E22281D25F1A2D276A3A276F4F04D217B0
:10467000F3065246D2DEE51230F5F444EE1CF45453
:104680000D32EB092B14DB1AD0AD3518E4022524CA
:104690001EEF001F3BE321A67F24E22A023BF0DE4F
:1046A000E11F0920D8F1EFFB112FF304061CF8E7F6
:1046B000FCCCF6F0E713C618FFDAFED7F002F2EDF5
:1046C00010FE14D81DF91E040207EDFF11D625E1D6
:1046D000EBCFF7F5E1F13307081C051405091100CC
:1046E000EBFC8138D4C82A02B0FFD3BE2A5FFCFBA2
:1046F0002A0E0B22EBDD0064080BC6123CED461CB3
:104700000C220D03ED0AEA0C1CEF1600F1A3F709C9
:10471000F005E506F5109BC87F258DACE40910ABCC
:1047200003F9FA9FFA01FA18F115E18E65301C4E73
:104730003CFEEAF8F3CFE6E122EDE9FD4CC81910A2
:1047400003EC5DD908ECF53358F90D0BDFC0C0D68A
:104750008BB0C5D72E1F0B21367F3AC90D2F160DF2
:104760000DFC07070028FEDE24F42911C5C202FD56
:10477000ECED51D5151956AA4D5FF2233EE22DF10D
:10478000E0FFC2FCF110E5DB001EDC1A1003D2CC06
:10479000FCF237230ABCF2FB1F8E81C99323F81465
:1047A0009EECCDDAE7291FBCCF0D9DFEDF5A1F011D
:1047B0001DD4152BCD03030B5CE6FF231FFC09F66C
:1047C000FD1AC4E0E8C4DCC3EE13D1DBFBE9F50855
:1047D0000B2DFFD3E5C1EF5DE51962DA7F4DFBE3F9
:1047E000E5F805D7B01DF6068B1601D1F013D31AE4
:1047F00013FE061DFEF509CDACD33BFBEBDA1D1015
:10480000FC3F13160C0B10032605FC15F900F523CD
:1048100001EB101BC9D5D51F6294DE392724E52F83
:104820005CD636C109CC18BE29C916D409FCFA09D0
:1048300034E605C6F6EE2DD4F7D132058133F4DE29
:10484000E9011BEBC723F2A3F4FBBD5FB827EA60C5
:1048500047651D29C608CCE8FAF031692EF951FAEE
:10486000AEE590EEBC1981E7E2E3390B7F63CD2A18
:10487000BD11ADC184748BEC1C5D0E818A6BE53873
:10488000D7791C10C7D74671FD810ABEE7C5E3EB97
:10489000CE9006B440FD1A2BA312E4C981379BC900
:1048A000EAB1AC9EA918A160E6DC7035D2AC5430F8
:1048B0001A5BF4CDF2E9DD818CDD133B3B3D1C1C22
:1048C000812CDCDAF642001AF1D326AA9FF469089B
:1048D000C7E65CA57FF82B45DE1B3418E6E5C32A46
:1048E000E9A100D7C417AC7FFF34FBD3E72804F15C
:1048F0003C7FFB471317E6F11C216538A1CFC8F0B8
:10490000BC947FEED8E0E757EC570509F42821E97D
:10491000D17FDA150300DCFCF8EADFD6363505F97D
:104920000C48023F08F6E97FE48AEAF917ED81971F
:10493000C9CB26D0280A4914D9E29CFBC3C659CF5B
:10494000A7D7772381D8A6CDF9FA0AEC1D7F0DFAF7
:1049500014E119250A040E12A404E663380114F6C2
:10496000084181EFA215CFF2AF8136BE2AFA24F2B8
:1049700026B43938C89F0F4CE889137773ED7F3818
:10498000A33A6AFDD35760EA5EC23B1917041D1FA4
:10499000CB81D1EF10372811FDE5FBAE1581C6F9AB
:1049A000EC38F523F3CDE2425E0503C8981D813B48
:1049B0001DDC40CD9E28E70303BFE70404EB81091B
:1049C000130BF3EF16E71C25E4E5EF1E30CE17813D
:1049D0000ADD1F41AE410DD7B3F20B41EB542A81E2
:1049E00012034F30DC4723D0094CEF0AD41B0B27AE
:1049F00013AFFFC37F24FACC2C184EBC30F0207FBD
:104A00001423D8B906BA00A022092F03490D6D2836
:104A1000047FDD744648E9C72538FB1218B5C63651
:104A200096FE131C647FAE51CC0EA4E5028568A2ED
:104A3000B596F51081DFD00D7F1B4A9EC40E3CCD8C
:104A400046A4C243E1FA3F1AF721DA821899F8FC2A
:104A5000BCAC11B42A7FF150E71810F289187FF925
:104A60000E0AD40B29FF58189E112B01E60D068162
:104A70000C0B041E89A94B9E2FC4E0D8ECFC81F3DB
:104A8000EC20362E22D2EDC701EEDE2C0F007FCEB9
:104A9000E7371A6CEF32D9DCA44B7F25BE5429DBF3
:104AA000E1E407F4D7075BCA9961F47F32FBCC17C6
:104AB0001F06C493CC38473C05CDF8FBD4A5DAC318
:104AC0001332CCFA81FDC36033CF30E10AEBF3AA95
:104AD000814EFE01A1E8E705811951CEDB46AB2DE1
:104AE0008DE712B0F1B3D14F4104F8CE162D7FEB14
:104AF000441896FBB96229ACE7BA125FDBCE098194
:104B0000060CE9FFA75C0E421B488BCDE929D57F37
:104B100041275819BD9DC0D91EE2E0222D04450051
:104B2000087F2DE316CAB7F3D4EC17F8D08133FD14
:104B300019190DF4D300FEFB8124351AF2DF13FCA2
:104B4000E9C1027B36090728641FACDBE3E715FEE9
:104B50007F2688561730C109067F00EF8AF3FEFAD8
:104B600003F23CECDB36D4CC7FD1CF8BBC167F1E5E
:104B7000DEDCDFFE06011E812310050A0D26F07D16
:104B800081FE13D7FC067F84DFF35E14BD3307E993
:104B9000033ACE1DBF7FE7020601EC9CF1067F0FB2
:104BA0000849064C812F1A090F07FCFB1D5A81F892
:104BB00010F6050A0715811BE779EB06F000EA817C
:104BC000ED13761CFFDEEDE3AF7DE8027FA491904C
:104BD0004181F41BC0DCBB36FA7F09E71AAD02FB4A
:104BE00007D8FACE7FF7ED2306E7FFF38BF0F07FCF
:104BF000F9F97F1F67034A182E2BFAD0FAE57FC90F
:104C0000EA22F0F60BFD0181FB295C1AE7D4002BA8
:104C1000538E157FAEEB7FEBD39BCFFA07FBC75BC1
:104C2000B4D27FFA331F0AAE7F10BB27D112AA0479
:104C300009F50100817AF5F6F5015004D981BC2906
:104C4000DC18F97FA6DAD2E22FD510E47F0D1AD452
:104C5000C213CB04DF4AEB227F33FC391107A33B9D
:104C6000057FCC0308F0EFF9FAE27FF0B509BB0845
:104C70007D2319811902F5F3F80CF8F671030B8105
:104C8000FF2DEC21F895CE576B7F517FBB3D64C95A
:104C90003E560F067FDEDBBF2D02D70C04EE0CE381
:104CA000977F05FEF6F905EB227F27F138CA0EF251
:104CB000FFF7A27F0BE909E523E4597F5DF52BFBA4
:104CC000115116138132F6E2FAF508F10784F5F96D
:104CD0007F050E03F7BE7F0308120E2581FC9E6A36
:104CE00000FD14FFEBD8F6B281B8A51AAEF7FD0FA0
:104CF000F3017FFB0DFDF981F716DB1FF9E3020DD0
:104D0000DE10A9DA7F14EEF404001106170C2A3124
:104D1000FFD61A57E321F5E2D6F50A0FD7091F226D
:104D20000A1A0ED8E4F0580CC92A08C9BEBAE7001E
:104D3000217F0D01E821E0E201FA34550B3656C718
:104D40002733131CD83008BD0768B805DA0E2EC803
:104D50000ACC3AF1E941F81324C70EDB2E7FAAAD45
:104D6000C51E0C281F966404E107C82A71AC2DBF2C
:104D700085E73C1B2FF9542207AA1996D932F9B8B6
:104D80000821215DC1EE7959CFE9CFEC1F98F7B02A
:104D9000E21861081D7F231FF6EB81C41A4008ED5D
:104DA000431C3D8DF9E018FB3F122FE71138E11746
:104DB00036F2F333DAFADF3C402C0A2D0BF1EFEE3A
:104DC00001FF2A0A1F105E103EF9A3DF18E3DB3350
:104DD0008BFA50CD30D2C5FB819F3BF608CED54A29
:104DE0000826373CD9200C1BC7F6252AFFABF1FB60
:104DF0002AE3E312130FE52EFFC33B23E7A520D7D9
:104E0000263C0F7FEBE3BCF629C3153221B3E4FB4C
:104E1000D1E905D4DA3F01176703F037443C0DCDE3
:104E2000F304C5150E56C82CC0DBDA4C1C1AFF5A09
:104E30005AFD2DA6F9FF462132E826E9F913FFCDE8
:104E400010F0FF26B4F240D9F312C62635A9E78147
:104E50001C63F5DA31A73E03D5FB53F5601F05B29D
:104E60002211F226170E60B63FC407EDBBD60DE542
:104E7000EDC76948D3E9CAC2447FFD8B0530AED780
:104E8000EFFB21350C2A11FF0ACD81C15639E820EC
:104E90000059F0C211017429E4EAE3320EED012C4D
:104EA00033DC36C70136B729D32301DD451510D1D0
:104EB0001330267F15131347411B7F4206BAF218A1
:104EC0003C022E20FC2747E2096BDE42DAB12503C3
:104ED000F44CFF4BE112DE2821F5E223E1341AFA0B
:104EE000FFD31D1A4138F8F2FAF518E21D0806BF83
:104EF0001016FA14D50FF427BDEB1EA620FD0E30B8
:104F000031F9FBD6E436F00E81EEFF250DFE1DDCF7
:104F100006E51202FEADF2FCD0D54D491541F2D6A0
:104F2000220820C7E01B0B08DDB31DE70D3D1A3F2B
:104F30004621F616AF06211ED4FFF133D5D9C5E8B8
:104F40001B2B35E816CC7FF7B4B1EFDA45E0E3323E
:104F5000402A03DD7906DAB7A20117E240F205ED37
:104F600081B9542C21AF0DB1ABA81FD95F1A7004C1
:104F7000C616D7DCB97EBB680A31FF2DB67810F1B2
:104F80004009FE08C337D3FA155B35E50510346BCD
:104F900022BC0381ABC027C80E60F207F3213EB4E8
:104FA0007FF5F8C34AB3702003D80BBD1713260D45
:104FB0007FFFFAD0000BE0FEE2F90C0915260B1575
:104FC000DDFE010CEEF11BDC1DF9F7022828E1F7EC
:104FD00007FCF6EFF42511D4C76B3B1CD27FF4B16C
:104FE000BFEECCC52011E1CD47F4CC27FFEC116416
:104FF000D1DDF3D423B0ECBC2E3508B73AF4FD1B59
:10500000CB3ED8B7E635C6F4549DD77F4B047974B0
:10501000CB7978160C4BC9FF811654F4252116184C
:10502000E2101C35E621E5FBE5F1F61B1157108176
:10503000E0E4161FEF32DCE40F553F7053E3638169
:10504000EE59DF0D14C3E7930671F1341A15BF3121
:105050000E18FC7FE612CB161E11A19FCD08580535
:10506000605281441324B52C04257FEC0FD90B4BDF
:10507000E53AB5E72CBEF1A234B7FB1C573D6A8177
:1050800020014576AFFF2023F8021E7F3EFE3AEB5B
:10509000B1D4C430701008522E7FDB3AF0F9EF0320
:1050A000FC48FB09DD2A28F92B2808D77FEA35D9E7
:1050B0000917D7EC1A7429E340FD4F140B224DED6C
:1050C0003F819A66CB4C20EE0F182E24B6457FFD0B
:1050D00017CE795F312F05A0FF094114DEBF19D229
:1050E000FCECFCE7814BCCC4911561DDEFD2B80D2F
:1050F000D1813D573418B758028C7FD36C6E3D0C6C
:105100001ECDE153B0AAE94D1A2D08F40ED9F50FC2
:1051100081340FE4035DF936100F141535EF205973
:1051200005EC3943D27F0F3351FE1811C17F0D2892
:10513000C619C1FE9A14CFD0ED28437FF40466024D
:105140002A076269D0D4668B250E2C1BD6F213E891
:10515000D301E8F9093381D1F238F20BDF2B3A1C85
:10516000F7E403EF7F4ADCA12834281CEFE6EB03C9
:10517000C317217FE60BFCFB7F371ED6EC354B06B1
:10518000DB1F3F1013284601D61F3E4B2D034DE574
:105190001E04E381E445D73122387F062BCFE9FD99
:1051A000E90611071BD704B5541B31BBFC33900D26
:1051B00050176FDE9946A0816A7E3C3714197FD064
:1051C000FE35FAF428F2D9675ECD52BA70FAD9D01A
:1051D000933BD41881CE11511A00091B4EFC2B5958
:1051E000FFF53149EC7F1A49EAD7441F60F555E4D1
:1051F000E1A030277FF37CD7B9DE04257F02C330DE
:10520000D2E2ED0E084CD6F22C3B7FE747BB1B5198
:10521000F742FC1A07AA17A2EAE31CF65D17A7F0EB
:105220007F95019AC5EB1B0E074CE343240B81F6D7
:10523000EACCA8455007CCB3B92C3AF1EA31D520D5
:1052400025CCF63AE0E081318109122D92DA29EE7F
:10525000B4E5BD1FEF2D19982DD93E3A3C6348FCAB
:10526000FFDBC7A70100E081B7147A7FEDF979A0D1
:1052700039EF2B50C8BEF78D1A49062AD5D7BB4047
:1052800028DA1D448268DC8174FF1659415A0739B7
:1052900005F52BE4EAE91B7FBBBE01F012D99D9115
:1052A00081D1A3DAC2EF0D18DB0A1EC8749F86EF06
:1052B00095E80ECFF146187FC67F50B312E87ECD39
:1052C000565F75FAFF0922ED14281B1B4532E58154
:1052D000DCC6504B04FA00E1D0C7FBAE33FB003E06
:1052E000FFEFE631E07F18D2ECE2FC7F8452642FBE
:1052F000A0EEA6F909FA2059FBF020EF27E97FFA82
:105300000AE64B185B1F28051B3B32377F70285974
:1053100052ECD0D5D0819AE29BAF0E2D2C2D7F7010
:10532000246C5A1D4B382E7F620837310200FF2053
:105330004D36327F5EE2CAD8C48198D59FAA1B360B
:1053400016407F462B6B461C45D6235A92F7228186
:105350000323112F7460357F691A42323A7F602926
:1053600062461D3A2C377F68285F530E1E1A387F1D
:105370005B2A735AF5D8D1361DA05F7FDAC49AB97B
:10538000C98195F9BEC40E2B272B7F692B674F204F
:105390004631377F611C423418321C317F5F205FF9
:1053A0004C0A7C7CD65D7FD3142D1D3F393A7F6734
:1053B0001F3927336B492F7F65F60B18F5E2E6D4CA
:1053C00081A4D28FA0163D2B317F5722543D184522
:1053D000372C7F65255C4B071F1A337F5F2F795A67
:1053E0001636213C7F53266947296453607F524714
:1053F0004B11DFAAB5B68188DDA1BB214135387FCD
:10540000642B5242FBE2E9D881A5D58DB03D2DE356
:105410007F72F1686802DCB0CEC281A2E6C5CE28F8
:105420004731327F5B12523ACA0F3D81E86297D70B
:105430002EE1BCD5C881A2E3A7BA072312387F6A40
:1054400019615CDA9BCBB8858ED88199EFD2D9C827
:105450008199CC869A1C42302D7F6619473CE8C85A
:10546000E2E8EAF02F7F65D2B2CBBD81AACEA1C01F
:10547000173F2E3C7F5F2F5842E3BF02C5B713256D
:105480005C7FF3D1DED88195D797AA254C343F7F36
:105490005F2C4E37316E392A7F6EFB3958F6DAE1D0
:1054A000E68194E2899C215036417F5F2F5946382E
:1054B00078581B1B0DDC819AF4B6DFBBAC7C17EA75
:1054C000BC3E075BD7E3C8E90702ED81C32CAE6A97
:1054D00073BA423F47350F58FD05FC2494CD1F0B8E
:1054E00021ECE137C759E520D39918F57F1F082231
:1054F000C0C1EB9821D6B025D2BF0A1DB105E9F194
:105500001FCAC82A4000B5170E2321DE2906ECDC8D
:10551000F60BE40AF546B7E8D1B4FC28F1B6D60F8D
:105520000E615AD61D3E1025BFFB237F5F58A14553
:105530003A00DBD63DE1DACAFE12D5F08CEA01E88A
:10554000F7FFAE0B0B0D0C2211394FF7C3E3DD97BC
:10555000EC0CEE097F115117F3F2FB0DB8420A0D66
:10556000E7170B31DBE4ED3A36116612FEEBD4108F
:10557000033E2044DD4D29CAC37FD2102F21D20221
:105580002F3818980A0802D217FF14A72D3311E8F4
:105590002E20BDEFEC2801043AD517052933CEC3E0
:1055A000F0DF041911E3230D90C1ECABAD29CF134B
:1055B000F0E79EDCFE2B4BE8B0B4AA7A7FC031DC6A
:1055C0008AE24DB72789FF1F0C1B4F4F939FF9F9B4
:1055D000EE1BE3F4CF02D9EBF14112EB06D5FE014D
:1055E000B7814F0803062FF7201DF21ABE54DF0AB9
:1055F00016FB36C91916F3E41902E4FA09EAF2F9BE
:10560000DAF7DED5FD0AEF16FF81AA1E39C6CAF801
:105610004E11240F1CC91598E728E8AB32E1AF1EE4
:10562000D914FAF30400B4F8010DFBE7271FF8566C
:105630001B2E32D82808CCFD17E2EE589CFEBC7F0A
:10564000C655E33D0A460F21E301D2EBF768C91FB7
:10565000E1E9FC4BAE0863F2D2F311105606DDEC23
:10566000CF160DCD2A2B10C00CCFC34DC83CFC0A61
:10567000F2BA51C409F6F3FBEEF841EFA99FEBEB48
:1056800015E2030937012892F73C5FEAEC1D16FD8D
:10569000D61ADF1C0E0C7F077F5DF8F816D207FEC6
:1056A000F34D32C8002B1E33E312D6F3F3E9F4D3E3
:1056B000F7CFFDA31D3107DEABE91304D6C9250DD5
:1056C000261D31FF0340B72B1DF592DDF93013D7AE
:1056D000190A420CDA1E121E07D40A46DAF7D40C55
:1056E000F12DE718E6E607DD1C2E0307F4E4BBF610
:1056F00039F02DF68106D4A3D0011803E4C41FEDC0
:105700002125D31CFEA4E1C237E40D431BCFA5EC39
:10571000D009FBEC197F16C6ED18C80B3A30F5B668
:105720000237B6EBF26A031681FA08FD37C53BE98A
:10573000F6EAEB09DCD90026D10731C42517EF586A
:105740000C3325D4CDED2FCAFCD937F31A05074801
:10575000F9D82FFCEF09FC48493130DC165FE62F01
:105760002946F5F70E09451CD1813EEBC9C4BC465C
:10577000C8F2D7B51EE3FF1025FAAD15FBF4F10A08
:10578000EDE43FA90B13221A04EFDFAE3719FA2D0F
:1057900028E40A202531B20524181734122921EBF8
:1057A0000CCE24300DBF06F743FA19E62111DA2991
:1057B00018500BDBF020FE7F6AC705E006112AF7C0
:1057C000FC39B92F7FF3D42D1B2614FA43DCC01EFD
:1057D000655147BA52012EAF3EF13C2525DAF4F16E
:1057E000A6B98DB405D3FAF70825EB37F4DDE92720
:1057F000F7DC03C2FFFD2A22F84B18CCB5E4E42203
:10580000F24911273BADF21ECEEDF4F11CB7128127
:105810003504E029DB080E57D831FE4AECCBDDE435
:1058200012580B5CEE198ED504DD5E43C6F2DAA287
:105830003C3806D13681020700E3F6EDF3B91E29A4
:10584000CAEEE8A6FC44C6D2CCC2BA117F2EE7F459
:10585000F5160248084258CADAE510EFC33E52ABCB
:10586000F6F9FDCDEC143320FD0431E9EBBB0EB5A8
:10587000F4FDC1C903380734F925122B237FFFFB40
:10588000F9C9004E0EE60FD4B62DEB370C2A0D08E1
:10589000083BED0C3A1231E0E7DF080B051F13114E
:1058A000250FEFF82A0F050D3F0EA40208047FFB19
:1058B000041BCEDDD3F91EFACEF89300E6330815AB
:1058C00017FD0DF614A9ECE02FD7B9034014E8F545
:1058D000CDF2E903202550DBF6DAB638D813CFD164
:1058E000AAD410BC3F6208E2F416352D4EC923221B
:1058F00023F6CFCEC1E42D00EEF3811B132F2C092C
:10590000FFFB180DF151281EBB5016EEF6B14F37B4
:10591000FBDEF2E22F1759BD418EE72F0E05EFF99E
:1059200004EEEE5B23CE34CA18221BF8093D7F3DFE
:1059300064D0CA1822EDB90D4BD317FAF8ECA4BE07
:1059400018E9D403DAFFC6E0D314CAB6177FE0BA69
:105950009AE0DFEC24CA63EE20F6C2D3284A34C5AD
:10596000DDDBDBEF9DD90F327F05FE3825181BFFED
:10597000DBD9F8C1CBDF1FE5F1027C144058D01A07
:10598000F22E3D17DD0E2241240B3912F5E0285A84
:105990001B00BDEE2937E108F86A173C377F0AE99A
:1059A0002A2D1DFB19F1005760F6C4B9341BD90329
:1059B00000EDE620BCB5B4EDD74EE5D609FB37EBDC
:1059C000DAE30C0EF7F2F34A16D83AF9FED581D491
:1059D000F7000E0AA227231E1D23E91921BA0A2364
:1059E0004EFD2930F909C3AD5716420940F417DBC3
:1059F0001B9D0414085113ED410A4EBF5113CB0FE8
:105A000002C4F1D113B8FDB2E3B5C11632002016BD
:105A10007F1A19F4C4F029CDB91BBE1506C1C823DD
:105A2000061D0525FCE83CDB214FAC0811A3D3FF84
:105A3000F4E10A5518000CFB81CE030321DE0C2390
:105A400010D70C1BDD10D203F836100EF51512DA44
:105A5000F4F2C2F1F4DD1C0FF9373B3831F943C5DC
:105A6000F01C34F301CB0C01EF20ED24E9CCBC4455
:105A7000C5C8FD0816BD7FF854D4EF16F59EB2E9EF
:105A80004716FAB54FC1D32FE8EA0AE8F9F707FB42
:105A9000E7FD270F01072D2AD002FE0C22DFA1818E
:105AA0002FFC0301E1FF0D2A1120EEE60F14EB0697
:105AB00027F7EC24FE021A072313FDF204DAC7FDD0
:105AC000F32B070D1DFB29431AE934E422F7B6D066
:105AD0000FE1DDEB0B040381FA1A68F0C3EE00025C
:105AE000EB0A01C2E5FDD1F5210ADC048110F6F3D1
:105AF0002103B0EFE9EB08CCF0465E23D0FF022A89
:105B00000C17C3101176D1DEB20D361981DCF743C4
:105B1000D2CAB508F7F70D00B513F7E2A996C2D2BD
:105B2000C60A3AF318CE0A8100F5E7F046F004AA57
:105B30001220F4D9F91D0CF335D57F0E5B32F80332
:105B4000D3EA4745E6D4EE2BEEF8E6F0D4F4A538D8
:105B5000EF3BFC3E1532DFF91007E0C5EAD2DB115E
:105B6000253FEB49ED29FB20041BEDFEC87F2E34B9
:105B7000C20BFE95B21A041BF83DED07357F0142BA
:105B8000F3552A4C2C2C28D001D40C0422D7F66AC9
:105B9000F6F3FB011F361DADE90B1343EC070D01B6
:105BA00008FBDF8EDBCD311BE4D311EEFFCEEEFD23
:105BB00034E8157F03E55FFBB2E144078128AA239F
:105BC00007DD0924B5D1F8E4EBC60AF947F508DA90
:105BD000DAD8F4E308EA1E4544ACC4D7CDF2FC029F
:105BE00024E777CC32F88111FF04CE0079B00CE5C0
:105BF00033FAC7F08EDCF322F2D9260EAE8121E013
:105C000003BAFD18F41A37D30ADEF9D22F0F1D217B
:105C10000CD01A15121C24D8F5DEFA81E3E6E7F55C
:105C200025EDDC2FE62D2FBC950C31E0E804DCE8F7
:105C30003929E37C0DFFF6F916FE1A2A9881D2C5A0
:105C40001002D80FF5F8FD1EC83CD1F50BF5ED4B51
:105C50001AC6DE3ED84C098EEF087F19B5BA180F68
:105C6000FD08F9100CDFDC12000AC5E90033E4D9A5
:105C7000F006DC3E0E09FAA83AD27FE5CD0A62149E
:105C8000DFCB00F5F51F3EF905EFCFE5071000F17A
:105C9000F8EC27F916EB00A6F25E8102F3DF092D7E
:105CA00003FE240D1EFC00EAC370215A12FBDED253
:105CB0000FE4D905FE01136C26AFF9315FAD3E212B
:105CC000582CF7F660E238C1EE20FEAA9C34B9F4F5
:105CD0007FAE7CD3AABCE551F10E0F06BD81E4086E
:105CE000020605252902E5EAFB0AF21908DC2AFA70
:105CF000E4FFF1080E03FBC9282DF2044BE6E8721D
:105D0000CE022418E9B31A3CFA9E3839A6EF0607EA
:105D10000F20ECE32D81DC3939214EE6DCB92D0E64
:105D20007BE018905CB32AC01807C50D1A8D267049
:105D3000EDAEC3D241F581B725067F00E1C344DF54
:105D4000F6DFEA0908F026120218E4CC3B44F7FC1F
:105D5000240AF5F500EAFA29F3D438F30325F91DEE
:105D60001EA51F3EF0C76A0FF507F8F5F2157F1A5A
:105D700005E8E118F34DDDDCCB06201699C0E020E4
:105D8000ECEEE6F5EF12472D01EBC9F5090202072B
:105D9000F0321BFAFDC2E77F2DF025F03B891BC5D1
:105DA000E646050207DC0923EFF07FDCD21129105B
:105DB000F6CAE3FA1EC1E8E3DE360E156DF470D5BF
:105DC00023AF6D09B051EB2C9F19F02002FB90F12D
:105DD000F11F6CCA02D081BF4B632643209FDD0AAE
:105DE000518F1B4BFDC03417EA04197FF817DD1AD9
:105DF000523D0FCC26370255FC06FA00CA8133F318
:105E00001DE9300DFDEC08FF0BFC4D08E600CC0A47
:105E100018E7F3F5F44B134CFEEE3C157EB02A8BDD
:105E200002460131DFC2DF26D9F6403286295CD234
:105E3000E981CE0E7313B021C020FAEEA50081EEE9
:105E4000FCCEE5DC2F0F1FE611DCFF101102E7E7A7
:105E5000D63EF8E8FE19ED20C126E3F6468ECF3C8B
:105E6000F0BA1DED03FD04E5EBF14617BDF2B2F803
:105E70000CD140D1B0B7EE81D419D84F00E0E8265C
:105E8000B218D5511719FB2D7F0DE6FA191B2B07F8
:105E9000E80A08B7C30C030D2BD252EF8184CC5D06
:105EA0000614F8F2207D2E5A3923240EB2D106DDD5
:105EB000EB4D9CE209C6198CD3FD0BD729F0CF34EA
:105EC000FB06D6F87F030F0813E02B8BBF144DE8B9
:105ED0004CD402EC3540C535172A16DDEDD20D2421
:105EE00048F7E4811AC341F717B1FA1B21FB256477
:105EF000E6E4E4CE2F12D90BD013F944F3B50BF638
:105F00005506A781CF18775613DE20C8D6BD0940A5
:105F10000403F253FA1734ECAF0981CF0AB1A80D8C
:105F20000BF0102223CCBDEADD07B317BBDD04CE96
:105F30000089F3E929BF208D32CDB5F4532CB6CDBD
:105F4000E70811E918DE0372E41A7F0896DBDAE34A
:105F50000C51C3CAD9ED297E61A40802A82B1827C9
:105F6000E1D4812CF100F40D01F0DD412CCAF8CC14
:105F7000B7B439F6FE28F0F71EDEEBF2EF2423A2C9
:105F80000399CCEB27D9D6FEF50DFD4B8106EB0E20
:105F900030ED4ADB09FCF01FE74752F9E9EECD236B
:105FA000081A021DE60BE8F3D8CA0281E8E5F3D926
:105FB00001BA24EFFB17DE7ADC28F2F8578147F4A8
:105FC0000FF5F726F93A334AE11FF8D789EB0BD4DE
:105FD000CF05190A0EE358A31ED4FA16176A61D822
:105FE000FA1DF9DE401CF1EEF4EE1EA1E2F31B1FD8
:105FF000FFE910E9EB0EE27F47A158F4045DF21AC5
:10600000DB2611FE11EB7FE7CFF7242FC8D70BA7B4
:1060100018FC0CACF1E6F223C51CB83FF50FEB25DC
:10602000F5F9DA6B0D3A1BCB58D70DEC19431FFB72
:10603000051BF6E6EDFE810262551BCD7FADB8D99A
:1060400019E1F7FEC50D64AF302FB773E1C65BF6FB
:1060500054A06BCED73431EBF206C9F0D88112EFE1
:106060001D0EE3F0E20ADDC51C160D342314FF2DCE
:10607000552504F21E0804063D07B40F81261BE0D7
:10608000196C0041D4D31205241315E7ACD9D702FB
:10609000EC1BDC0DFEF738DB0010DDD01A93EBDDD6
:1060A000E6D9F2E308DE3928E9021E27D9FA2EF9EB
:1060B000400CFED5FDC5007F12DC64FFAF289DEECD
:1060C000E4F701D802D1B9CDEDF942194BF634E627
:1060D0000A20CBE8BC100381547FB53E00D88D6602
:1060E0005213B0EAFCE7E2D8D3EB2815EA27E1DB4C
:1060F0001EE7DE2297E3B149FF262CD6032A2E1D88
:106100007F16FFC31BB2FA402B17FB1D0E0BEB3A99
:10611000AECFEE841F04DEDEDD7FFDE01C90D2C535
:10612000D8F34BE2DE3325BD3444C94FA7E0384DE8
:106130003BD02A0AEB2E048BE1E0F916DC8117F341
:1061400003F317EB0F2ACF2003202105C604D9241F
:106150000EF5D91A0B4216CDF8A981EDDCF53B06F8
:10616000F0B9EFFD1ADD541EF7EBF6E13909ED1831
:10617000D0DC4EFB0325E050A213A3419E81B00F5B
:10618000ACB02C01EB3F8412EA0FFB48EBEA91081C
:106190003A1FAD56E36721FFE77315F38125FBC076
:1061A0009410FA1935E6FBAFDE134EDF59ECEC0E16
:1061B000CAC236E102C21AF62A02AAE3D7E3EA2DDE
:1061C000D5E0E4FEF2D916812F1811C8FD06FEF1C4
:1061D0000BCF01F93510134E921E3E02E879E4030D
:1061E000FDA903D82241D215152CDCF9F62511F3AF
:1061F000EDCFBF2BEE2CE2814C2690FA8F7F65E627
:10620000ECAF3CF1092EFD3345F4E709F53CD01520
:10621000FAD9EF2A53C5EFEED281C3DFCFB3F9032A
:10622000FB11022A2C26330BF1E033F394BF77E6FF
:10623000D2CF0EE6043F481B160CA607EA33E00E49
:1062400002BA090FE2D61C47D0EEFC6D01192CB43E
:106250004241D1F54619DB8190B330EC1E563A62CB
:1062600032FB340C0A2F23FA17FA5C7F1A0CCDD9B3
:106270001DABDEEEF35D420E10107F18EC99DB1DB6
:10628000F82316F2040BB0E4FB2A14C21B2CF7C44B
:10629000E53702EF10E00E283AE77F1415FF2CE1F6
:1062A00007DC0B0CF0130AF8D7F913A31137EEF142
:1062B000261710DC2A20FEB612C2D2E1FD08EC241B
:1062C00019FBD4BB190720EF14DF50F17F0F27CE45
:1062D000054B34C3F037F1F1092807FBD2401933DD
:1062E000E9B8C919BCE209AADEF5DBBDDF4092813D
:1062F000ACBE43EA5A270105F2B8592C9698E73FFD
:106300000CCCEB0308040BF9D7BABDE80E2A220126
:106310000E1DCDE1210DB98101FD4215230042E89A
:10632000CCC49C46F5ECD2C058E83F29356D11101D
:106330004EF0E87FC5D215B5E129BFDC52980620A2
:10634000D3F3AA1D22E6180FE216B7EB2A37F00E98
:1063500023812C0E3DD6F617089AA1EAED55E8F1F7
:10636000D342F20E130A05C6D01FCC81CEBA46E93D
:106370009AD946FF3408530F2CE8F6DD08D6840C72
:1063800016EC0E122226380E2C1B2517EEFB19E0F8
:10639000E0DF142C09E6337FDD062AD529DA8E0AE0
:1063A000DBDF8A992A5EB2DDFFF981DE27FDE12776
:1063B0007298C0D2F8310F5C51F455F711814B003F
:1063C0000AE7DA0B01E2CC0F1C0326E8FA0801E524
:1063D000E801171127DBF012F3F1C40C05E6532393
:1063E0001BD706F0F659DE4CE2F9083A81E3F0E5F6
:1063F00017EE1218D5F9CAF1352CF600F41E7F3CC1
:10640000E9A82519E8E92FF0C709E3F3E1390C0EF3
:106410000DC32CFC13B004C826FD9210F8DF23BE78
:10642000E7F0002FF3927F1E0E20FAD65109E7D82D
:106430002B0DF1D4E50E03CB7FA433ECB9EFDD30A7
:10644000FEDDEC07D7F7EA371504DBFA3DD3FEF99A
:106450003B272FEFF128B10FEEF3810C030A4EDF3B
:106460000D1DFDFFF1F9F61AEBFA00F8EB03E7FC5E
:10647000FF000EF711F7DC3A1F0A76AE0955CE7908
:10648000B68A2BCD207FFD0509DA23DED7FA5F0B14
:10649000DAC8DEFD1CE10C101CD4062A062FED190B
:1064A0000FF5FDDA04E9F315F63806100C81E1D991
:1064B000FCF0271AF9E9C7500132C22A4826D4E273
:1064C000F6C80B04D633EC2E8107F1367C062F2557
:1064D00021FCC0C228BE1DEBF20713D6171B1935CD
:1064E000E5E1E4E819D204DF0E21DC38CC0722060E
:1064F0000DFCDDE83B92F97F2DF3D4E613471E3AFD
:106500000781180F00EDD90D19F6CA22FF1A26329D
:1065100030F3083C4A05EDCB2B0FFB1935CBF1319D
:10652000E33B1EC0EFF4F21DC30D14370A09152614
:10653000230439D4FCF6008101167F30DBD0F9103A
:10654000DAD2FCE8FA19E1EA06FBE3F9EB121E2DB8
:10655000FAE9D3F401F60DF232E3D3AA15F5EE26EB
:10656000E319027F0D1ECD0509EAE725DF7C0F2226
:10657000D521F8A1C71ED9F27F6C28B2CD06C90D6E
:106580001608EA380A25EE5537F946AC35EA070F02
:1065900032E5FF0F3D1A4A1EF8A2090D1B099E069F
:1065A0004CF21F1602F42D17E10DA7EC07162D086B
:1065B000D9267F1E21C6FFA9FAFE0B342A17191F00
:1065C00029D6E1BBFEDF2405F5F0180D0381F9F7AC
:1065D000280408434DFA0BF0331EFA136FE34E4DB7
:1065E00022FBD2DFF6CFF581C30CE4CDF1F529C44F
:1065F00009030DFADA52BF07DC71FF01277F9469A6
:10660000C63256433B2326E0FDB25EE9E2D7152DA4
:10661000D0100116242507CED6B434CF8186DD2DC7
:10662000B891E54FE41AA105273FD516537410DE43
:106630000EDD0BD704DFFDBD26FCF913214016E962
:1066400008DA2711F9F0F0EEF3EA1FEE7F16D8F61C
:1066500021CA05FFF236E95458C66211E3FD5632ED
:1066600025CC042AEF2EE109F8F9FAFABD20E82832
:10667000CD991C312B2E2181080A7FF910F2BB1312
:1066800009E7E1F6F92FE5ECDB20041E94F117147D
:10669000F80DD100FAF108EC2B457FC4F41A120E64
:1066A000F5A2B604E7B60DE61334DDED96072AF43D
:1066B0006632CACC11D412040AE90920D122C23DA3
:1066C0004B3DF3E37F5F2257D717052E1849024A47
:1066D000F5EB7954E9DCFED4D4CFE82715000BF5AF
:1066E00042FA9DF42D4FD4E2C8CFF419050D213D97
:1066F000C1037F053AEB04ED21C8CDC5CBEABEF559
:10670000D44581D10FE6372BD6FCF202B7D8F9D5A4
:106710001D3AD4BFF1FEF741E1D02F513A32D0F209
:106720001307FFC11A1AD23A18D9DF8E7F26959A1D
:10673000DC42DDE5A6EFEFAC46BCFF0D81F9E41FBE
:1067400036DB9901F9CDF50DB4DA4A308601EFF167
:1067500022D8D9D703EACC421A1E0EF428D5E32E4C
:10676000C63B23E7DCFEDCE80512442299BEC62EB8
:10677000F62F2511EBC0A88118AE1FFB19B6EBE56B
:10678000F47FE1C31A392F74C33C0C26D511D6BC53
:106790000E12D6E80C0A0412F4EDE2FCD5C00D127C
:1067A000CFA77A0FFA81092D0253D6A4351236F5F8
:1067B0000A22FD1BEA1115F3DD3308FF81C0E52431
:1067C00018DAFAAE16EE2BCD05CDD4D220170FD1A4
:1067D00005E324671C0801172534FBCCDCE5FDE745
:1067E000C82FBC14FFE352FC22CA2C7F23CF5F2E9C
:1067F0002898BAE1F1BBD68EF3CA06C9D9C2F1090D
:10680000F0052BD1D3FCE91633DCE860E00B0AA5D8
:1068100034D2DEEE13DAF4818742DA1305CA122E7F
:106820002D04C20B9F2DC9C7A4FD9B73A31EF12885
:106830001DF499DC2181EE0B5AC8E6FF7FDD22D8DA
:10684000D14611302394EFE10B035784DEF666EC5A
:106850002E0A06B521ED10DA0C1A472D7F5792D17A
:10686000F6F131E117E51CE6F8DFBD3CA3EB383B60
:10687000083E3DD212B9065AC3C021F1DCE0DD3733
:10688000EEF02D0BE3B80526F039A22A812712BBC2
:10689000203F351E5D4EBFD71AD005F1A39A4BFDA0
:1068A00025D48328136CE116D1F7144A2EBBE738A0
:1068B000D781260FCC2712053912A3FCD17F4A06B7
:1068C000D31C1721D1AE150DF4F6E4D91AF051E618
:1068D000E5ED32D8108ED629F0F1FE7FC6F6002EF7
:1068E000F2FF0FF70FD8F2361E0FFC0A01CC13F29D
:1068F000E5DA27CC1200200A330C05EE08C0072782
:10690000D6D43D2159D9D50D0ECE81F2D9BEC2D8EB
:10691000F636B618EE29130F8EA90FB3E31CB07F1D
:1069200032D2130D27D01B20DB113F1D0F18091782
:1069300047F469E9EF2A4FD8ACC9CF4E9D5FC554E3
:10694000E420C836C345E8DA9EC6816906CFCD1C6F
:10695000EBDEE4F7EAB61CE4F42FCAC0B09CF90BF6
:10696000EF21A2F81453DF023C0B3651CDD6E30DD4
:1069700016D1E340D9B1117FBAC92AD4F370C55EEC
:10698000A39FAA12D9145DF2200F81C4E7D9B332B4
:1069900045C8C3C7E21A40DA57303207FCA17F046A
:1069A00006DDDE0034FDDEAF2CDEC8F847140B0830
:1069B000190401B53FC9350435F023BE1C38CA3A65
:1069C0002F934DD1AF27E9F957AE5437A9231DA313
:1069D000FA7F2C003FBD226AF54C1014D4A2FBF3C1
:1069E00050082FEA6EF4EBAE4FBB99227DB1D1E097
:1069F000C1F8B0814F2FE6F39DFDB31D02B798019A
:106A00002D0265ED1E4FF60DD2E85D49EEE7B8DACE
:106A10002115C3E6FC7F19290C27F10A0CF5F10DAD
:106A200005ED1EFAF4464A0AEB0CEA0401F841F6B9
:106A300065E181C5000FF103FFC08117ECE8D7DCE9
:106A40000C23300E05EC1FEE2D131EE3C6CE0B00FB
:106A5000ECF3C8E9FB0F4A1DF73C42FAE381C4E5B9
:106A6000EC0409E5DBEA152F072D26069D2FE8F536
:106A70003B46C9E628EDCCBD286E7050CDC190369E
:106A80004A30F30B13BFB510CB2B4A149637E28A6A
:106A9000082CD1F92C8127E612EFDFC2DA16E81FA5
:106AA000F2163EDD291718859C81CD03081FE6B834
:106AB000EC1DCE5CC43E3D05EDA3ECEDFFE3B9F665
:106AC0000505CBFF400C0BFDD0C1F6A1A4C77F3F4D
:106AD000EFF100EF03EC04D919EAF829BECBF76611
:106AE000C9F4BD25D706D0BF540D310F297F47FC0F
:106AF00031ED2DC2FE094ED50D1C180510810BE499
:106B0000070E230CF9BE1FCDC9143BB80D173B1857
:106B10001904D0D61BEA0F3222F3F12854FC0528C1
:106B200004F1001B18E925EE884E0F7F2623231F52
:106B3000CA021F0E1A0D1DEC23C3D201D2C608EDE6
:106B4000094221C1FCF7E781C81629F226052F0763
:106B50000E25030904E0D21FFC5549B5462AEC91E5
:106B6000A1AD20B0151CD2770BAE714957EDEDF4F5
:106B70002E39FDAAEFEE047F0828463DE7E32F3BC0
:106B80001DF5C796D3C631653F281006E8EB14FA09
:106B9000ECF2FB812EFC101C3417CAECDDDB1DF07F
:106BA000E720EEBBF95746AEEE2B0AEC0E0015516E
:106BB000441B7FC41D2EE7D8EEDAE1E6DC8F0CFA29
:106BC000CEC838FAEF8155F71F28C8DAE73A3BDC20
:106BD0002C53080233E9DE254AA171E1F4A45D409B
:106BE0002505D651B2E409D910C30CBC25B9CD187E
:106BF0005381E1BADF382381050CEE81C304040917
:106C00002F0B22F30EF109FDCB0ADC040A47DD024B
:106C1000B6F4F5E9D80C0D1BF42924FCD81912E6BA
:106C2000F7DCD4E656F822B609EF7FF34F2231C7DE
:106C3000C3EE0DBFE6BD0D5B111508E17FD7D9117D
:106C4000FBB7CBBF10FB9C75C9F52FA013021739FA
:106C50001DEC2305CC44EB2604D8813603F74ABB50
:106C600015D3ACE9DEFE02ECE7FC0CF4071712D3F7
:106C7000BA2B1AD0281C03EF04D81FF30C3AF9F6EC
:106C8000ED260FDF2D2DFC7FC718DCFE2907C90F6D
:106C90000F0705FCF7F40B5CF3A8BDEE04C6EEFD90
:106CA000FCB0E4D7D4FAE281ECE9CCE52CEF10A3F8
:106CB000EE1306BE0C21011CB5021EE7050E2331A2
:106CC0002581283D47DE67F81D025D49B4F6C4FD05
:106CD0003DC4F4DE8FCA28A7052B6BB781D44B586F
:106CE00019ABF02CFFB4DB0BCFF1FB3659A9F7CC75
:106CF0002E4BEBAED5F802030CCAE9BAC61381CD10
:106D00001CDDED1268DE06E76003C01D3DCF4C8F31
:106D1000D106D249DD01FDDDF70E00EA1EEE4BC6BD
:106D2000BD4324FE6CD111D3E8270A12DE0FDD42E9
:106D30000E043BE7F48139EFBDEA3629D2EA12C3EB
:106D400029E634811AB639C2F1E2FFD35F8400FC30
:106D50002DEA205C26F0F20AF020FD1BC77489E9B9
:106D600036D10E05C92B2EF10AE6DA09D4F5FBB7A8
:106D700028DF3EEA81FCF10C26D37F18D6DBA8FE83
:106D80000FC3F5FC4AC7EFC7C013130BF418F0008C
:106D9000E9EEF2E502E612ABF3E91805D41C4BDE8E
:106DA00031000DECC81D33FFDF3E53CF13F17225C8
:106DB00026285BE881F1FF28BEF1CEE9BAB40128AC
:106DC000E6C29CF168DC234715E55D260B12B03660
:106DD000AA7FD7062BA6E81FC6FF1302B0AFD0EFDD
:106DE00030B105DC01F4DAF603EEF7EC7FDEABE957
:106DF000060ACCE2135B1DAB146721AB998DEF5BE8
:106E0000AD23E2E833E5017FCD39DB7A7C1B35B178
:106E100049CAF6312577023DFE3B7F0A8DA7FB2547
:106E200034E835CD18BFFDFB3D20B5FD3103DF1043
:106E3000B9CCD8A12C21FFE2C9D8FB868189B5FD48
:106E400039F04A0732F828E3C838CCAFD4FE4DF504
:106E5000AD12F6E459F11A115285B9EA3018DF443F
:106E60000317E535AFF59B640F09092FBE790906B5
:106E7000F2FF39B88104FD68B9167FE651EAA6E24F
:106E800028E8F30BC347BF23FA10D236DAE93CC92E
:106E900005DB3220EECC0411F0D42BD3EE4D0CEBFD
:106EA0001311C766A7211D5A26767E0CCD63527F2B
:106EB00006F334DCDBEDCD3B1F14D1033FA72C15CB
:106EC000FBB3FE4129C6160137E0B70E062281EF5B
:106ED000F454F20C170234C801253DEFD81325F203
:106EE000CF14ED09FC062B1DEC26FF7FF0DAECCF6A
:106EF000F120FCE0EA04160EA0724A0B9183B1ABBC
:106F000029753A522520177FFCDBFB1D0D19468F92
:106F100015266C490840DBF91A11FCE0FC01FD1B49
:106F2000032102252FDEE529301DDC1BEB4512383D
:106F3000B7E4F881EE3CDCEB0F12282D810FBAFD8F
:106F400050B6BD27E1B70BF835C927311151CE0234
:106F5000E4BD101244CEE0318119BCEBA323C7EB92
:106F6000CBECE116F6B2F314CAC51110FED2421AE8
:106F7000C7EADFF50654E968DCD1C6EC40CA510621
:106F8000D8DEE549B0C040EB2C0DBDE600B481F081
:106F9000DE132CCE072D4DBA23C3001DDE07D0CA49
:106FA0005324EE1333C7DBBEEFE32C17E80FEEE3F9
:106FB00009E2811DF7EEFFCB7FD3C9190DE33FE74F
:106FC00028DEEB355821002CC1E2392B35DCF1ED00
:106FD000D39104EACD0F152D003115EBA0EDEB1E7A
:106FE000EF109F16D9081ACEFDF88363A5DE3CF793
:106FF000ECE809000681FE1BC9239219EA7F3806D6
:107000000E2A130EE1D9F40000CFD819C4F5FCE71D
:107010000B080DFE1605F3FF0FAFF521FE021DF65E
:1070200011D20AF51527E724E8F85FFFD300A43E44
:10703000E9AEF50BFC7FEC1E05165069E51551F124
:107040001EC2F5A627810B12E4D7F0FBFF8BF3F7E6
:1070500013DE103E32FA33C15CEE350406333BF3E7
:10706000C9E4F37F1FFCD108E3F7111CD1761906A0
:107070000EE4FDBCD50717C65908EE2B81EEA3D44C
:107080000DAF0AD8B3165039FCCFDCE9E83C99B211
:107090001DE032D7DEF8ED653B0E1B29DFF1C3188A
:1070A000C2F3F2D621810728C0FFE4193531B6C1F9
:1070B000F4DF1508DF1EA1290581D1E8B7FE01DB49
:1070C000D80EFE19EC8EFDED27CBEFF4CD12C707DD
:1070D000ADB619244EDAF59D4E04DAB2F926F9253B
:1070E00093C6E3231FEBEE32C81AF2E78FB10BE22F
:1070F0009D13D15F8130DD75DFD311CBDBF0F1F86B
:10710000E7FB175BFC0BE0D0170FFEEC227F1F00A4
:10711000001013E4B707D502210DDE19F181921298
:1071200013B5E219CA014B3FC5E516235F041C28BD
:10713000A251070F01DA1D852AE5F0D81B81DD2A4F
:10714000F926E5DFF20C11B10FF745EAC3E03B1F6A
:10715000DB2BF0122414DF2348C8651582452A2C46
:1071600099A4F7811F5A5E571213CF0F5277E8EB9D
:107170001C0BAA0ACB489D0729EB1C1AE189FB2DA1
:107180000D11373FC80733B014FCBD1D60F31DF669
:10719000DECF0A19FAF9F77F9DDD7FD3A2FDDBE789
:1071A00024ABC2C9D61A57D29DEABADA3EA9E2E6A2
:1071B000CBDD2B5551C000012781FCEEEBD115FF33
:1071C000FA85F9F71FC63E26ECD325CE6A09F9DF0A
:1071D00003DF43E0E8710F2A30F103B311DC13EC55
:1071E000E6D98118E70C0B0EEDAE2E40FE3DEF0800
:1071F0004843E44302C1F427062B0208F28101F25E
:10720000F24F02FC15EB193DD72F13080A2704B1E2
:107210001B0ABD25F315F8BB27DA1635964D2C3E13
:107220005DD20F7F8DD3FA0301DFB1AE8B1214A9AB
:10723000BF05F14509C6DA2711F14529CBB228E986
:1072400038C7A8F21A50C40CDA0C6017FC04E633F5
:10725000F1BCE909C57F13CBABE8E948D2BAB20863
:10726000B3E60C1E2619EA0021EE10E4CD077FD507
:10727000FE362230140F5F2C1D559DF21B7600E95F
:107280000605EB32EA74F2F4E6DEC5C3408E317FC8
:10729000E5FDE80ACA04F5E80FE2F3AF8189E3F5FA
:1072A000F80A39FDFDB7E6230A17B8D41DD429DF43
:1072B00060642FEACAE401F9FB30002F7F54CC71DF
:1072C000E50121041A81090EED0AFEF7F5DD7FEDD7
:1072D000EEF4EEE07FE6E813E90EE410FCE8EDF7EB
:1072E0007F10EF03F00405067FF89321F9DEF170BB
:1072F000DB2C7F2BBAE3B4BFF035C1E5705720819A
:1073000014D403EC8FD4377F4BFCCE0B0D7F1FECD6
:10731000BBDBEA06E2B27FB9C5FECBFEE311254D29
:10732000811F33C806F307FACEF5F07F01F37FFB28
:10733000FFF4FDFBFE04FA12FAFC28031A810AF49A
:10734000FBFE117F2D13FF1AFE12F6007F29F714A2
:10735000EF001E1A257F61D0DDBD0AF309F781EA2F
:107360001BF519FD7FC0165DD81DFD09141E1BC23B
:10737000819B072014FC3603F77F06F5D3EF00B698
:10738000F3D77FEAEC2EE913E1100D81F50BC5F57B
:10739000C249D4F07F04F87B16FF0F0FD2B3D72079
:1073A0007F3EF90BFCEC7FF5F408F1D62BD14F7F33
:1073B00073E924F00D3526EF7F20F41DFFFA020457
:1073C0000B37155D517FF11FFBC97FE1DDC6EE0371
:1073D000F9FDF2BEDEFC7F0F052002257F25053E6C
:1073E00014E3D92DCDEA7FE4C91416D93A18678180
:1073F000F83A810AD701FE81EF06F60A04EF01FB95
:107400007F1214C013FF1B0919810C030B090B0E0B
:107410000EE9C4F5C1819B0AF3080481DA11DA0B85
:10742000EDBEE17D497FCCE8D1F91FFC29811BFF2E
:10743000180508F001E520FDF57F18D312178CF52B
:1074400059815D7218890F1A7F3B0CE4161A81FA74
:10745000044B0C0E351BFA28EC377F47FF2FF41333
:10746000F319798D4D458147D79DD3FA7F10FA05E1
:10747000FCEAF5F4077F1F031D03F427040E7FF6D3
:10748000F41AF9FA7F18D6B1C504D7EC03F7037FD5
:10749000EE8F23EAF5FCC7EDF7C1F30E7F23F9D594
:1074A000F3D07FE3E00AE80A0EFC037F27052E00F5
:1074B0002D813A1D533403200F0FC8FBDBE0D50AA2
:1074C0007F1C01E9FA0081E6109EFBF103F7B87F0B
:1074D000CFDB5EDDE92DF1157F45F83DFAFA0404B6
:1074E0000681F70AAE05DFCAE9FF7F0001F705EB69
:1074F0006DFA0D08130581E8F112F1F77FF9FB0130
:1075000004FA7F24F5FDF2070D00CD90AA2F7F42EB
:10751000FB07FDEC10FCF97F000AE9FDF8F1F81A11
:107520007F2910211FDF00ED0F7F27F14109F5BCF6
:10753000ED2F7F44FA08F4F2C4F4E67FEBF71C0663
:10754000FF1C09A2819ECE8C90031802FE7F18F1C9
:10755000FAF8F9F0F6F0A1E51B7F37CE2AF1087FA3
:107560001719101707FD0301C1F7FA7F15EF0AF18C
:107570003C814C03FA02E80CE2057F34F85D0A1006
:1075800024E36316814A1A99F012F31E7F3EFDFC34
:107590000CEB7FF60FE00E02B5F9F57F001187FDC9
:1075A0000DD6FFD60AF4BE9AA6587F730202FCC518
:1075B000B57FF1EF17DF48FF307F3BF74BF713162E
:1075C0000B277F34093B0FEDC3CE81FA89F7A2CC9C
:1075D000FB3AD2227F4CEE5319107F1B06111E116D
:1075E00007FFF92CFF58507F2A343E886EF0FE7F4B
:1075F000390417FBEC63FEF77F0AEEACE4EA46C100
:10760000FC7FB8F54FBCFC81EFFE4801FC4100094E
:10761000D5FF0A97F1FD7F13FDC1E9084B10017FEB
:107620001AF40DF9C17FD5EFC5F9F0F8EC16ED1598
:10763000137F300CF611FA81D3FDB4FB001B02FF5F
:107640007F1B1596E8F1F6E171337F06B60E01F067
:1076500007D982C1E681B710CD09EFCBE9037F0ED0
:1076600020EBDE61B9FB507FCAC57609727F7E0CC4
:10767000021302FEF5CF81B8DF9DD0E4F0E8097F68
:107680001DE429E505F703D5A17FFBEE18EE0EE911
:10769000EC7FFFE219E7D2D5C1A0B0AB8188A20090
:1076A00002FE9EDD7FEEF818FAF4F9ED64032981FD
:1076B00021F80D06FF7FF2FF120128578D1153812B
:1076C00000FAF2F246115D737FE73CCFFB7F0DFEBF
:1076D000C9F709CFF8197E33CC81C4FFF6FCF52237
:1076E000F9477F4A085EF708EF08297F4EDE16CC7F
:1076F000DF16DF197F31F5250700819F1E615FFBD3
:10770000F9FB06F20CB7B97F04EF0D117F151323B7
:1077100006F084E1EDBCF58B4B81A744A141813B90
:107720001BD11104F003F5E5F5C203B5137F21F376
:1077300019F7FAA67FFEDC33EB3803167F2FFD1F07
:1077400007C29D7FFFDA4F0533F704E3147FF6830A
:107750002BF6DD07180B117F25073505FA7F18DE9C
:10776000E4DFFF05F919B20F1B7F20FA6AFEFAFD6C
:1077700008010B3DE35E81E17F0206C8FD08FD00C4
:107780000000038AEA7FE9FB1B0807020781F40C6B
:107790005E26FA47C81B7F930737DED40CC9FD81EC
:1077A000F54E4D5903E307FF0EF7037F22F008F76C
:1077B000FA7F0DFF3AF5F3FFE4207F33D331D2FD9A
:1077C00008DA3FC72657457FF011F7237F3F1B2C70
:1077D0001EEBC8E1FB81D00ACBEDDB55060E7F2FF7
:1077E0000F514B06161CBB8188E6C6DC167FFEDAFD
:1077F0001EA9FEA8D40B09FBF67F2C203A21F0022B
:10780000E7AE9B81DDB8DCFC4614167F2C063D20DC
:10781000040EEF3A7F5D2BD72203B91AE27F8C0466
:107820000FFFA319BED9819C1CC2D90B79810ABB59
:1078300031E0A56002D82AF08161F9BF24F204F694
:1078400070F9A57F12A5B8AFE6E381D6F1E8F2FDA5
:107850007A8112600606EF22DC7F43EFABEF07D898
:10786000F30107FFF1E9F8F37F0BFCC1F6F67F0A9D
:10787000F548070DD20A1201020A7FF4C1C0B140D7
:107880007F6C1AE5270115FA1C7F2D20F31F1ED5EA
:1078900026C281AEE0E7CEEEF8DB9C9A81565C769C
:1078A00025262FDF81C412F91E02FFFC710C8125F1
:1078B000FCDCEA0CEDEC7FFAE0E7DCFAE2FCEBF151
:1078C000EDD47FD67D13DBD78133E3EEEA05D17F9C
:1078D000F4D8ABF910D2F22BE8E49FC8958681FF6B
:1078E000DEE80B3D15057F1BF8ACF5CF2CBD1C7FEA
:1078F000371E03CB5195AB3C81B8E37F21B3EF0238
:10790000CCB8E80B02FED281B903A9E6EBF6EAB6E1
:107910009DA8257F4500040814F519EF81C00411C6
:107920000A011CFBFD7F1BF1728123699232465EC6
:10793000FFF8067FFE861909DD0C06027FB6CD74BE
:1079400091E0157F20DF1DE9DEFCD9204230D38194
:10795000CCE704F1FA7F09129201FBC9EF2EC608A9
:107960007381D727CCEA0AC7010081DBBDD1A8010A
:107970007B26EC81D00DE407FCDD07C325192E0022
:10798000FE15B4E9970271D221C52D10DED6EDDCCB
:107990001D3D0CFB163BED81B7E5FAF85AC3F5C463
:1079A0001A3A16006F02CDACF21BCDAB1804572269
:1079B00001332520B91C0E03F1110B2FF0E80DDD6A
:1079C000F1FDEDD8F2F4DEE7E8E430BA3420F2A1BC
:1079D000FF0F2050EE29065EB61298C52042DAEE5F
:1079E00003D9FED5280EF81FA01727F4271FF9E4A6
:1079F0001816F2CE39FE51F2DAFC33000BD4F41231
:107A00001CE1CFE10F180B15D6FFDD12E22BEB06C0
:107A10000729221F0C34C30CF0CE0400CE0B08F64D
:107A2000F621E2102D40EB1C110FD9F0FD1CC83DD2
:107A30001AD50A0A0512E9EA0F290EF8E9CAEDE893
:107A4000F91B810BFDFA2D10D0181F4006092311D8
:107A500013F1FFD157F3F6E3EEEB4FF74E44D304A7
:107A60000214F4100AF718C70917020ADA3C09FDD4
:107A700004EE0FF50D19F11200F51B0300FD36237E
:107A80001BFF07F21CFB11042B010CE9E3D100FCE6
:107A9000C103EA2D010832080CF2EF1F01F8FAFCCD
:107AA000FB0523DBFE0212EDDDDF0519FFDC1DFF08
:107AB000E2F8E51403EEFC01CF15F7F7DDE22BFA4F
:107AC000DCDFFEF317D8FFFBEBE1F0FA2DDDE9EB8D
:107AD0002BFDE518120701F217EEEDF000FC22FD78
:107AE00012DA0200D5DD17ED11F31AE6191CEA11BE
:107AF000DB08C313EBECE11C48FC14DB270AD6BA05
:107B000015D0D0CAD4FBE683342D68CA0940E8CC2E
:107B1000DEC875F7E31A302EE2F70527E82AEBF501
:107B20007FDC0A201609FB19F7E72202FE15DF4960
:107B3000291241F5DD1AF610001801C2FBBD04E759
:107B4000D910F61BEE15FBE6E615D54A0B010DED37
:107B5000F1BDF7E52E04FA1106EFFADDCA2228225C
:107B6000FA0FD8F1F6F4110A10150C4B171B052269
:107B70003CFAFB0CDEE61AFF3FDC061CF0F9102392
:107B8000052B3415D923FDFFDC1E0E0B3E0C11F91D
:107B9000F1CD2EF8220801F02101F4FEFA11CF36C2
:107BA0001F0118B9C2D908040E2C39F02907FA09A7
:107BB000FAD804DFCB22DF2AAF4481EE13F80D2D73
:107BC000E1E85F0DFCEA16FB171B3C1EBE3B0811EB
:107BD000C5EB2AE61F110C2E0E240E56F95D11B0CE
:107BE0000DF4EFD9092E272A07BA0E0510E6220D4B
:107BF0000DCCF005D8CA0FF3E7023FFACD00F0052F
:107C00001EDB28E6D604DF2F222D283AFA1CF6E5E3
:107C10000F201F1C29F9FE421B1805FAEBCE182C69
:107C2000FCD944FA1EDBDD1814E9F9DEE6F724FC82
:107C30000D08122802F800FC170907F6172AF8E7C2
:107C40001B2AE2FE070D0B141EB1F9EDFEC2E4F88B
:107C5000F01505FCE5DBE3F6E03432F7DF3114F72D
:107C6000FD14F7F3FE0916FBDAF4F406143C2510B4
:107C7000083437F505EBEB125904F05E31B25615B6
:107C8000AFF9002CE31EFC3A09E33C4635E0150051
:107C90000CF0C310FD7F14E7341D4A01174A341657
:107CA000F5EA210AF3D4322F3E21283322E524F8C5
:107CB00009DCDFD22C11D8A4FA0C212AF617E7E64A
:107CC0002E210B25D6D717175102EBFD0B180E08E6
:107CD0001EE92C1BF30DC81816FD13D8EDF915F885
:107CE00022120BF43C12E7360DF4F105EEE713FD1A
:107CF000C9F232120318F9F83C123328DD1314E3E9
:107D0000311DF5EE191918034ADF1BC608F707F7EE
:107D10002C0406E62BEE1D10F1D84308F90523DFED
:107D200020350FEABEBF1CFEF524F2112A473008A9
:107D300034EFF9F9D9251305E10DECB581FBEB40E2
:107D4000F5CFE0EA0A522642ECF7F9AD1A1D1BD036
:107D50005D765320DDF2E6FDEFD6F11F14A79945BD
:107D6000D1F54935E1491AD1380AE33536F9F1EA56
:107D700011C0DE5B25410D18D2FC2CB8D70730E4CA
:107D8000C61AC007EDE10DF6EC0725DF1A27090C2E
:107D90001372F918E42BF1DFFBB0EAEBE8F0CAFF4D
:107DA00049F52CF71EFDC83122D8E11BD002F6ADF3
:107DB000FC3C21D5EB07DBF0473129ECF5214AD417
:107DC0003AFEFFECEEFABCF7F8DD26E422D04116CD
:107DD000EF06FA20291110B3F62F22EF0215E4FB6B
:107DE000153F05EB13EDEB11E0ED130122DF27EF5B
:107DF0002B2021E6EB34DB06D5A3F17F02EBEC412F
:107E0000FE269B0DD33D1DF6BF22F217E30FF802AD
:107E1000CE55F62AEBDBEA16321C233BFB01A3EC22
:107E200031231D25FED4F6EE1B272CFAAC95E62651
:107E3000CCCFF717E2EA35B9D90FD04117E71805CB
:107E4000A0B9DC1EE622182D0AE1CBDDE72F144194
:107E50001ADAFC0F0F069F07EFD6A8400A0B29F687
:107E60000D1BD404E014139E0C1A19F7DC17F0480C
:107E70006008CF27BDCB0B074AB1C1EDFC76FE47AA
:107E8000A0E7AA13D7FAF0EF269FE8DDBCF9DB0ED6
:107E900003F2ECE1D8F90E460F2F0FF0E02A16F5A9
:107EA0000C9739C3EEFF2DF9E6F4C62954251F2D92
:107EB00096E204EAF1CF5205C428D1431AFAB4D4A9
:107EC0004D31FB0DFD47DEC169332526DAD63DD4A1
:107ED000D739230AE91414E14337F620471CFECBB7
:107EE00017E4CBC9E5391A7FDDF72AFA220F3901E9
:107EF0001AF9FABBE9021D12083BF51A5C1EE634BA
:107F0000E91919B90FFCF31815FF20FAE9D515E89E
:107F1000D7282708FFEED6EDDE0016EE1430DE3D42
:107F2000AFE711071CCF0F10F704EFDDED26F70DBB
:107F3000E7FB0C23FC27041AD3DD0226F819E1D74E
:107F40000F11ED05552509C9092425012D000D2224
:107F50003020CCF72CF2DA0D0FE61006CE1DFBE830
:107F6000FB120536F0EEE40DFCE03401F4ED0C06F6
:107F70000B090AF30525F02AB8DFFBB981C7C4B0A5
:107F800046ED02FBD982F5EBBFE241A807EEED8892
:107F9000300DD55D3F2E055707D1F5CBC2E4254204
:107FA000F918E92027490121E11F295E14323EF624
:107FB000CC0715E52257D03DF18F9E25221BB62F09
:107FC000D93BCFF8020418CE6C1C35E72C263AEBCF
:107FD0001431D98A511F111E0EEB04DF030232093E
:107FE00017F8F0DD0A02081CEFFF861132081D2A7F
:107FF000E8671740E3C9F5E2EE393D39E827E906BD
:1080000022CF3413052DF309DF396BFEF5142F2F22
:10801000402B1607452EE199A604EDDBC4D2F1C32F
:10802000E64441F5F2E02BEDF25411252608E2C0BA
:1080300025C74C19145601B3460E022A14E0F72244
:1080400022017FD027F4F417C8EF11CDEF210C11D6
:1080500033171CFCF9D14BCFE60C2013FE46E5018B
:10806000EA2CC31403F2BAD4200814F60D0156E02A
:1080700013E73009D9122DEE0AF6DA3607FB181687
:10808000D8ECFD16231CE80BF8FDEF07FCE7C70151
:10809000E8F4F7AF15DD1CFFDC0606C5FBDF10FFBB
:1080A00009FDF9DBEAF437092134020A0B22F9FA57
:1080B000091FE1F0F704F61EFDE1FDC302F4ED0A2D
:1080C0001509FBFFE006C5EADD26D4C80CEB08D293
:1080D000CC0CFC00FCFAFB3707EE1AFF23E2FCFF96
:1080E0000F1FA9FF1618F10D11090BDFFDE90FECA9
:1080F00017D61B26EC0EE731B9FEC932D6FD1E1A83
:10810000DA061AEC0F23F4FD32DA1E071C877F18FB
:108110003B250EB7CBE737DAD016FDB8E6BA04D761
:1081200059F9E7169A0B31DCEEE7B1CBEEDF1AF323
:108130000208361CDE482B6810D960DCED15DDF333
:1081400000FF2702049ED81A22FA0823FCD821EC4B
:10815000D3D31FF8E427022608491B390335F2F66A
:108160001EDDE3580D98CEEE0CE8E740031F2542D4
:10817000C30BD9732A09FA24F80206E604F8084169
:10818000EDF0E037CD27F7FAF3F9101BEAC33CF125
:10819000240118FDEBD9FF02F011EF15DB1BCCF722
:1081A00001F8FF0D00F00DFA2406E0F2E40EF104F0
:1081B000E012C626140217F01DD8301E01CB062986
:1081C000F203C2FD5CF8FCFBDB9B29E1F835D863C8
:1081D0003F02DA5A3A2510601F2A65B2E8B3E0CFB1
:1081E0002732E4E90CA51AF3C3C501BDDEE8680B2C
:1081F000061DED7F55E88299F156CFDB40E60BE98D
:108200002D32C9FCD6EE0D384CDF9525F40CF40464
:1082100001EC23270134BB29F60A280FF5AE313BC8
:10822000F010BE1135D0DB0E38FD0651EC102BEEF0
:108230005DFFF910E005010A07E15BE31D07EB367E
:10824000122F0961380BF30DE9040615F8FE2A0612
:1082500000E113F01FCAE00D19FEDACCB8F9CBF536
:10826000220734F3CAD62511E7C3DD1741D31C2AF0
:108270001140E5DDEE17EB040F56E5B6DCD833CC44
:108280002213BFA43A9C050BD76B81EEF7F2EDD514
:10829000F50C65C40806F2D625005EE9C5EC37A0EA
:1082A000F3FEB510C6BE075BC63FA9101EEF18FA55
:1082B000090A440CE028E9B7C71A3DCB19CA1B09C3
:1082C000F0E4BBF2F4B5EF44C7D7B5E5C63BF730F1
:1082D0002E071B2CADD0CA42D2EE4734E418F2F977
:1082E000E317E9A4DEA6E70715012000E5E1F2EEB9
:1082F000BAE2E3DC37FBD1E92AD5FF9FFD0AD92793
:108300000A03FA1D4DE305EBF81EF56FC906532E5F
:10831000E9C89CF0E5B80925FF00FE14F03A29E60B
:10832000DFF524DDEC28BE0EC2BCEADCD12F0353FE
:10833000FE2A15C7F607CEAFDDDF5019DA12CFDF00
:108340003841EDDF023BF9FDF68798E71CC5FE3C9E
:10835000F6E67FA006313EB7260CF533294707CE57
:10836000EA092FF4CE11F517C923E11716C659F003
:108370001801FFCBE7C1E6E8DEE2B8D90C2102EF35
:1083800029EC29E4E307F7ED23F6F13BE4F7FF1AC4
:10839000F1D640F204F5EECEEC14F60503D564EA0E
:1083A000E800F20D2AE6321BD111F91FD616F1FBB7
:1083B0003109160220FB0A1BDFFDF0EEE01BD04C5A
:1083C0000A0E05E3F603F50314C611D1EC0F3E05C2
:1083D000FBFDEBE1FAFDE2120D0AE2100C0ED900F2
:1083E000EE08F2070900EA2EFFF2F214EAFA080595
:1083F0002FFB0112C9FA03F912C225FBE0202AF073
:108400000EC5210794F87F07B5F0E60D0911441158
:10841000F5272BC236CE5A22D118FB038B03231724
:108420001F460A1B15DCEE2E03E80DEDDB182CBEF3
:10843000F6D9359CF210E8DBF4EC1D1EE8F5C9EF27
:10844000FAF8AA1A1AE0C3E22F08FDE4F3B9E70923
:10845000B3DA0BE0E2ECDA13B706CF19A920E21386
:108460000EE5D8DB17F70DF7FEEFF5071CD2021962
:10847000E404FCD13DF22F05EDF3F1FB014518DDDD
:10848000FFF5F508D8CFE7F5E3E8E8EF43DB37D1B0
:108490002205AEF22B2C2514E80FEEE6110DFB2081
:1084A000F4ECD6EE05EAF907210736BAF41DE5D556
:1084B000FFF7E317E627FEF71EEC7F2419EFDD1622
:1084C00027CD19E0E8330BE506F8C5CC2304D1D855
:1084D0000CF6E418ABDDFDDF08E64D1AF4FB0818D6
:1084E0003DFD2F45F2FD1DF222C91163D217032075
:1084F000DCCF19480AA715E8DFE3F1F0F9E2F2F959
:10850000F60606FF030515F30FFE08FBF10113063F
:10851000E0103AE4F0F5B806FFD70904F80BF9C902
:108520001107FA0DC7E6F2D70A12DF12E715C502E6
:108530001A0CD7FC09F9C3E4390BDA14FCF411EA7C
:10854000D91DFDE71FDF172600F7F26F0D02E50FBB
:10855000FA0207D01717D1F1DD18DABE0AD1281FA9
:108560004BEDD3EBFD0235E8F0111F0608E202F3F4
:10857000E6EB1810D5190C17DBA00DE039F73E0912
:108580007F45DEF612A818F918131BF81EDA2AFD2B
:10859000EE36CC21E2DC0F394A02F6402D4F49E39A
:1085A00008E538F50E3F08D8F8E929E01120F9FC74
:1085B0000406FE0BFAD82032E5EAFF240C1D2B0737
:1085C000BF1407FE03FF0A08FBFBFC0E10CFFAFFE7
:1085D000C10725FE00F230C80B1A11E6240F172040
:1085E000000409DE1B3F0D1406120ECC3218F3F501
:1085F00046301E0D12EC241CF21D0FFEDF11D2407E
:1086000012020E38EF0E00FA10DEFA12EEEC1F0C1A
:10861000FE16D309F4FA210231F414EEEA1FFCFE2F
:1086200015111117F9EE16C8FAE1E1F5441C22F80C
:108630001AF42D1F1103DBF501CE150B0B13BD2D05
:108640000E0B1B5118150FEC2335CF0F2738D0D642
:108650001C332BA79C02FA3E39FA01F9ED7F0FFF7C
:108660000CEAC9E704FF3AB9E818D1F1CAD733EAEE
:10867000EA130AF3F02934D7EDE2EBD4F3E1150A5B
:10868000EF2FF30DF4F1FE0FEAE604F601FF0EEE14
:1086900011F82400FC3FF3E7F403EAF1D43B3FF97F
:1086A000F9FC0013F7061CE12BFD2E1C250B0C1703
:1086B00007F8F425F5162AF81907EDF7231AEDE95E
:1086C000F20AE2FC15FDC90C22F8E9E30DF6F4F21A
:1086D000160428EBD6FE11001E00F41400040A094B
:1086E0000CD6192937150C151BE604E1EB03F7EA44
:1086F000DC131C12F4D5030F36C58156E92282C261
:10870000FB332307C9FDEF1E18ECB8F8DB12413F1D
:108710000B2BD004F240EBF6C903B3DB31D1342A82
:1087200028273F0B07B6CFA61E021DE42DB62BC18E
:10873000F6C41FEAE4F9E0C822EAFA1310C7D9D652
:10874000CBB7D9D616C9E7C4E9D004F60EAADCE245
:10875000B60A1AE018FDFA83C704C0D8341141D311
:1087600008F5E4FCF3F33A2512EFD6FCF0EDF90935
:108770000620FDFCEDEC07FFEFE20AF0BAEDA625BE
:108780001BE9201DDA130403F29F0238F1F81ADE08
:108790002E031BC53B4DE80D0C03EDFBBEF602D8C6
:1087A000CF3622F3F2D4EFFFE908F3EBF7AB0DDF9E
:1087B00022DDDEDE1E19E8ED0181D90C31C2D2DEE8
:1087C000031B2E1FB303730111DAFCEBEE4AECF02E
:1087D000F6CA03FDE5FB011ABBFB57C8FAFFFA27EF
:1087E000E756371A2533070DDF07E401D65213F198
:1087F000F8042B040DF1EF400D1BC91D1D0CECE11D
:108800000705FC141D19CB27E82EED19E61FEC1DFA
:108810000809A9EA2AF10B0019FDEEFEF0F7CD28B0
:108820001FF4D1ECE02512E9F30FF2EE15020B1E56
:108830001E02F2C83ADCE208140BE512DD151E2612
:10884000DED2E01DFCD4FC140DDDF51DD42617018D
:108850000E1A0A00C7F80C0D06FBDCC6F011D20F89
:10886000EBE2B1ECD2E630F40FE2D71E0C52C2FEBE
:10887000DE021CEF45E5E7C549FD16C71A5C60231B
:108880004AEDD426C813F8E51C045A1C23E2C71E7F
:108890004F920C030BC9D1ED5323DA1DD4D720120C
:1088A000C7FEEABBC8182FF3FF2C2D50B9FB7F027F
:1088B00019E5E02E461101DEECF71F1D31280039C5
:1088C0006107D11421C53402F0C7F6ACD0F40E090B
:1088D000E9F9E1020016E4D8EA0341DF152307278E
:1088E000BD29EFD0DC00BDCEF4E6FF1CCDE9211F91
:1088F000F04CDBFFF617C90247FFBCDD2B26E8076B
:10890000D0BF030314170EFF35080FC1E52335143C
:108910001B0BCDB1020052D0E9D901F6092B04FDA1
:10892000E99802232814DE01FFCAE93BE6DB240FA5
:10893000C2211A31F0EADAC0EAD5E715EB15A52B0A
:10894000B8383F43DA61D5EBD937F0EC26B981214D
:1089500011F3032413F715F702D9F0D2F01F36F301
:108960002512000A0CF8DC03D1F2F82DDBECFBDD5C
:10897000363249E3E629021308EFEFFC2F16CB1538
:10898000FBD4370F1901CD09DF2BFF29EEECE003F3
:10899000F6F6BFDED6EB17D2292BE8BF0913F43564
:1089A00013DBDE0EF0F5DDFCF5D2F318154008D42C
:1089B0000E1AF31734362EF9E010C5DCFC0BF90C57
:1089C000F8F7F70EFE21241BE824C42EF3FC2DF744
:1089D000D10DEAF6E9F1E914FF0806F717D2DB2F0B
:1089E0000F000722FDE914D82517EC000ABF0AC9B9
:1089F000FBDB0F244BD61E17150DEEC19F24F70786
:108A0000E6F8F4AEF58BCF32F70C14AF7F33EFD02E
:108A1000242B0119291005F80925F0A441DF321C87
:108A2000101A1EDA5F24EC0B17F8C7E3BA2530EAF8
:108A30002A2E17EB1FDED7160E12E5FD082220DFC7
:108A40001D0538FAF4DDF00CF92F3118B6FFE90CEA
:108A5000F21410F7F5DC34F009EDE2C4F321F91F4C
:108A6000E14521E7B7F3F8BFE8EC100C164625F313
:108A70000307A90DF9D1231B25CED6100AE3C7E0C1
:108A8000C411DEEA21EB4C0FE51B17F7F3F7300AB0
:108A900006ED1C32E8F7ED181DE405F53DE4095834
:108AA00028B81B1714221BF62AE8032208041422F4
:108AB000D20DFE383D03062BCA19063203ECE2EC58
:108AC00027CABFCFBECEE424020ADBE4F1E50AF5F3
:108AD000F1D2A5EA777F3FBFF85FEDB6315EE32CB8
:108AE00038201B86EB050BF5C8F8F40D26313BBA90
:108AF0000AC21C55FF5FEA0601E4EC10C835020EFD
:108B00001BF6E1F63AE501FE3105FAFF11E508D062
:108B1000D9D0FCECA8F0E92DD52FE12F11E7DB141B
:108B2000CAC7DE3A1732E21EC33A0F06EAE81E9DB4
:108B3000DF27F954F7FCE31A16C147FE12FBF11EBA
:108B40003530BA5DDB1EC1A1E620E2C7DADBA31235
:108B5000F216280DCE14162900D4F207DE22EDD22B
:108B6000E52408FC3534DA4911EEE20B1B05F82840
:108B70001C0FE40614E8CC0379A21D2FBD0B0217CD
:108B800031FC21F2487F023FE77D362331D5371A89
:108B900010DC5C226EEAFA3AC602F3E7D93A4A06DA
:108BA000DB1E0D23F4EFF53E1ADEE91017D35DE866
:108BB000FBD83347E5F208F62DEBF6F5EF081ECAB1
:108BC0001E0AD32400FEE7EE002BE006EE2DE2079E
:108BD000170C1435F5DFD8E7F2052009F006E7D4C5
:108BE0004432C711E90F00FD05F6D1D4FBFBE2D7F3
:108BF0000AECE2083FF225F21103D4FBF9EB0B0D6E
:108C0000F612CFDC00D4D01AE2071ED9D7FAF5EF5E
:108C1000D912F70CDDF82109DA155B1319C11623F7
:108C2000FB10C60A040AF8E6EE32C3C9F5F42DFBC0
:108C30001322F91C05D928031310090836372858C0
:108C400010BEE9F548C87FC731D59EDEF5C3D9BB54
:108C500010FBE2E8F705250405EF22E82254D9D1FC
:108C60000CFBE6272800F7DAB0E004B10B08FC2D76
:108C700011E205023712FAFCD41DEAE5350D22F89F
:108C80002334EDDEE2ECF00B00DCDB2C0B4C1B1292
:108C90003D1EE901EC03EB01F4FB0C25CCAFD7162C
:108CA000FCFEC4F6F2F7E7093101D11CE5161B17EB
:108CB00005F9090D16E5FCE0D21AF34139ED0FFA7A
:108CC00002F218E536F3FD0D033B42030146C825C9
:108CD000F7EBFCFA35E5C8EAC3CBE5E1F629F80481
:108CE000040F0F13F4F5FD1F0204EF25DA24DE0F45
:108CF00017F309FAD70D11E70301A9086BF530CA7C
:108D00001D04CD3D20FCC236EE45E12E7FE631014B
:108D100019F6301D4CCE1FFFF6E106EA1ECBBD1D35
:108D2000FCE917063715EA0238292A0AE003F71684
:108D30000619F9C62603F214D958D81EF20E1AEDF8
:108D4000410413E0492AEADCBB19E4ED12E81143BF
:108D5000E6F2231EFAEF4821E211140E3855FD3ACF
:108D6000E4ED2B07FB33C9F3012BE3EE0126F0B34F
:108D7000FE4EFFD6F50C12F7F70BEE122B2A160D4E
:108D8000F50A1A18F218DBDBE0EEEEFD3104DB2DFC
:108D9000F01B0EE72628EEE31A3D19182120B84EE5
:108DA00021EDFDEBF1FACB2603EB2322DBC3F0FE32
:108DB000D4CBEE19350CD8EEEF7F99022606EF15CD
:108DC0000B1002E4061125F9D8130A08FEE5EE0B94
:108DD000F70E132DE9CAE114FA02120304C7323F59
:108DE00005FCFD0D0AE1F0E5F7FF1BDEEBDAFBD633
:108DF00005F5021FE4EA07E20C0CEC23FD0708E985
:108E0000D7E6E609FDFBE614DFF105EFFEEDF1071D
:108E1000D810E40AE7EFEB1F091D01E3F624F8FC84
:108E2000FFFBECEEEECE0DEF280B0605FBFFF80F77
:108E3000F90DDEF52C020715DBEDF4F603FC0BF85B
:108E4000F813F60A0706EA1AE90DF506F4FD0CF325
:108E50002802D00501EF1023F514E2EEF40210050C
:108E6000F9EE270FF01926DAE8FDECF814250B20AF
:108E7000E607EF04150802FEC8EB13E81C33D62BF7
:108E8000FDEC81881C1E1A42F36308A91B0CB63343
:108E900006DEFE4FEDE5177947F9DFA5D73A231730
:108EA000A80AD8FA32FF4705502A4235460631A2B1
:108EB00007F505DD3C0D170EDB09E90E05E6C123BC
:108EC000170F1F14FB06F432D0BFEAFD3BCE25106E
:108ED000C836B4CE0FD624DD10FA580813FD30F290
:108EE000D5FD050DE436BC2EFE500F1CEAE8EF253B
:108EF000D51A1D1A00D5FA3231D4E0F6EBD81FEF9F
:108F000026E73DF009DFFF131CF100132ADF00F90B
:108F1000EFFCF10C21B5132E0FCF03D4210AFAF97F
:108F20002A301FF2FFF535C6DFC7280BFB2E09D606
:108F300039FC09080148DD2A1304F10AFB04511326
:108F4000FBE0B139E4E281F1F2C6CDF7D7F6F6F5F0
:108F5000F7E951E5EA32E7D4EFCB24E4401EF242D0
:108F600003340419114BD70EF5EE212CEA1221D04F
:108F7000EEE84500FDE5F8F1FBDC271311F9B6E852
:108F8000E7CAF43CFBE9BEFCF1F00DF9F6DDD606CC
:108F9000D819E7F413260E1DDA04EC04120009F9BF
:108FA0001AEFDBF0F106F807E0D3D92504CEC907A4
:108FB000EA26040628F632E8E628DE02F11A04EC76
:108FC000F907200026E11305F3DDE8F61C1708EB8E
:108FD0000619F5F4080807D0C4F6F1EAFCEC02F033
:108FE000FBFB05FBDDD90BDCD91E1BDE28D205CB34
:108FF00001E90E12DEF022CDF4F6EDB340CE19C534
:1090000006E6F50E366381E01DFEE3E503322A3CF9
:109010009C2A9600FBD02DFFF7200A39840D1A02F6
:10902000F8080FFD55F1EA37F5DF0CDBDDCD300830
:10903000EDCDD5F4EEFAD3CE17081E5EFDFDCCE1E2
:10904000FFFBF0F9171C05060E091DEFE3FDEBEB26
:10905000E50EE8D117DFE7D71DFA2AD72DF71C1345
:10906000EF0EE1F3E507EAD93212DD15F305251E0F
:10907000EEDBDEE409F621FC25F7EDF3CFEB91EB17
:10908000E415E9E6F9F5D116FBD8FFE61ADAD6FBC6
:109090001DF608DC09040901E213411B110009282F
:1090A0000CF22304D3F5E308F6022402EBDE3022AF
:1090B000FEC9F406DC11231240123C503538E0ECB6
:1090C000E908E4524D81FA0EAB145360C1F60D2944
:1090D0000AEFEA50DFE1EFFF8D48C99387D7E0E759
:1090E000F546178613CBAF435EC56939E4E002CB82
:1090F00027BC3037A3C03AE0EE12CC38F2CA40F8B1
:109100009086EE883C3FCB26CFE6A028F5E6C70147
:10911000CA0D371BEFCF2FE1FB1BFEFDEA1DF10946
:10912000B6F6DBA617DD5EE7D4E2F1EDF931D4B097
:10913000FF570D3629CE1342A814E4D82CE4275447
:10914000E052EFE901D2E507B3ECA017FAF8F1C459
:10915000ED6A13E6F1B502D6D4E1080923D01CDC90
:109160001CCB9D290102D5ABEEF0D58C00B70801D0
:10917000E462CF0FE7B11AD9C912C4ED0FB3EF8182
:10918000DD1522DCF8171F1B05082E4D56A5F0F043
:10919000CFDAF404AEDAF9232C9BDD111C398CED07
:1091A000077F134BCC02F831130C71FEC8EFC204D9
:1091B00005EAFFCDD6EABC097FE57060CCF3DB069B
:1091C0002B20E7E5190EA055E83F07DBFDC7D105C9
:1091D000EEE0C71EF42FE1110626192502EC34211A
:1091E000814AB9470B4ACC129BFE16497D2ABD0D18
:1091F000E3C9DC1312851ED581AAD0063FD8A293FD
:10920000BCC510EDD22748632C341925F4EA58C5A3
:10921000ED03D550F69F95E10B06E92CF6F6FDE639
:109220003E330C0ACC1F40CEB17EFD52D8E2D5B2FF
:10923000E4DBFC3B21810723EA209832DCC747614D
:109240001D10AC031A067F2E68160DFABFFD3A03F7
:10925000C50A0407AE3AE3FE05B050260106EAE966
:1092600013EE581B3075CA1CBCE20F1381710BDA68
:10927000BB30E7FB065FCD4611E703E83A3454CC38
:109280001F4AF193CA9F3504320FDD149FE8B8726C
:10929000DD276827BF1C81A6B4FEBAF143FE20215A
:1092A000A2094FCF0EE4541639E827B0CBE00AF2FA
:1092B00065CAAB3925F7F67FEBE7EC09E70FFF0C42
:1092C0002056E4EA4F25FCFA44111103DD323D1526
:1092D0001200ED391A33813E88E314F2647FEA10FC
:1092E000BE033F650757E8DA1412D156BBFCEF0402
:1092F000F2F5F4012149B3FDE60C06E3E0D81B309A
:10930000EE20A50FE6C71FC41946D7020000171F9D
:109310005AF9F0FC2300017FFBE9F091F9F626A74A
:10932000F346A1CFFCA01450A6C2F37FC32C0F4A72
:109330005C0F58BE242B226DD075E9EBF1230EDAB9
:10934000B12248E9AF20E0B1FBC0309F055BF7E9EF
:10935000E9D281CFE8D31B00F946E42BA54681274B
:1093600046BD2FE6001B32CF4CEB3910C31F28221D
:109370006D2BEE19FC2D43D9111B1281F5370DEC25
:10938000E33BDFCF13CAFC0FEAF21B0A0B04DA0F30
:10939000CAED0806E911D7F27F09F49DD73A4111C9
:1093A000CC14ECC9DCB32048D1F0FD36E9C1ED6D39
:1093B00042134FCECB5CA9F9172BDB4C011648FAB0
:1093C000F71EF526DB7B7F0CCD2D401424EA2F38C9
:1093D00041FC389F543FCE4BFC2212861CE6E93AF2
:1093E0002EF600255C084CC57A26EAFA87F0EE2DA9
:1093F0004581AB96A5C9EB2EFCA3E0BE0E23C86A3F
:1094000008E7D09E34C9DEEBB097D465F4DC81E088
:10941000C608BD01A8C0110EF215EF05FEDF05114B
:109420008129F13325194AED15F81AD9073BDB04D8
:1094300013C8E628F89B1122B2770D7FD1F3FEE422
:10944000414B010ACAE1E8F6D651681CDD9D0412C1
:10945000AEF2ECF00AFADBE8C206131686078112B8
:1094600016E3E0FD1B9526E622D97AD1CA36BBCD9C
:1094700096FF2C3DFBF52BE4FCD3BF22DEE807A2D0
:10948000DB28450216BE12FD74EFCDE40881FEFF15
:10949000D6F12195E4440A21FC95EF0274BB81DEEC
:1094A000B821EDB9DD0829E54E1F2CBE1CDAE338E2
:1094B000BA07C40C22EDD823650AC51879C3DA535C
:1094C000BE172ECEF43A166792E9A67FDF2214016A
:1094D00014D50F2F0AE88DDB51DE0A24499D81E85F
:1094E000BC06C49EE4CE2E3AB1E1472325541FDDCD
:1094F000E4019A0413C6D1051D08431AE9F6FA00DF
:10950000F8BD482BB1D86EF51C1B1FE181AB36C2EC
:10951000F9FFC039FBF31E51EE07F2ABF515FE273C
:10952000EF4202BF6E0266C7EA7FBBE316B7EFD514
:10953000464BAF03041E08361E7F02F607162CF3B7
:10954000CEE2FE08070EDA2C0E07BC45D5F9F0F97D
:10955000F50BE0F012EE1B1F06C63720CBF3CDCB88
:10956000CBC0FF1A2E0A0A7F97C30A00C263F2C457
:10957000C8A2C6E11D1DF25AD60D83DDE6F4DAA1BC
:109580003DE00908FFDBBC2ACFDE68FA81DE033448
:10959000C9FC072F4301B28AE4EAF5B502F8B9DE47
:1095A000782F2390E4C621F3F242380D23E73937B0
:1095B0004CBC2B43F6090E7FED1A1D18D30BE205A8
:1095C000D61BD2A120F600EA14DCDEE5E87FBD0F51
:1095D00024ACFE0007F9B8CDCF054AF8C8091F2B07
:1095E000F323E1DD05046D060BFEF83BCFF7CCE17C
:1095F0002027FC27EC3E457FF7F702332A273F0858
:10960000F618216D0FFDBFEB212FFE85D90016AB9B
:1096100033DD2005E37F7F0CD336E0D8B4C02030A3
:10962000F763093D0F8117E4CD84F8F91B4DBADAD1
:10963000E601C08E05F7C317FAF80ADB3237D88186
:109640002D54E511E3D419201E100828030241CF40
:1096500053B5F8300E5316412CD7F108F5E6D23D3C
:10966000C10C26EF99C834116B1EFA161615811617
:10967000FDDDF8A3562CFEFD76EEFF7FC95EE5C941
:10968000C955F41A40D361BA1EDD051117CED2B9FF
:10969000E3DC2B27D2003139E25715C13BF317B970
:1096A0004814DC0A2E181BE21A2B0A7F821CA0C564
:1096B000DFAB18D112337C03404E2514F039E0FDA6
:1096C000E40E0052198129E5D2415F16E9FE202CF3
:1096D000EC8FC509FD01180D39E399C3CB1CE8D700
:1096E0003B3408E66A3381F881DE1D0B1EDEE31E83
:1096F00037D4EBCE8DD8EE92EF8B2BDCE72F22FD0B
:1097000095CB34C2840B13E6FAF900816248460611
:10971000DC66900924E4AF62F01803DAB644CA05A7
:1097200045237FE1975F25D4CBEAB3141136FE06BB
:109730000D00D9612A0558572F0C98D1C8F8490C4B
:109740007FF92A3C00EBEFD214DC55583C522EDD59
:1097500063E6123A0E172164E035FA46E81FCC9B07
:10976000C333E82051E01AB7A3147F0EC6FD1E379D
:10977000CC254534151CF6EDF90B18810828EEE1CF
:10978000FAFEDAE00F252208FA4E1FE1CB0E15256E
:109790000C0812EFD2F8222AF5D40AE5A6F2CACBB9
:1097A000EFD2D681E01221DACDF068F3D8B1CC2621
:1097B00014CE19EC0517F601D2D73110170EE14E71
:1097C000091A21FBE3163581A3BDE35DDEF7F5053C
:1097D000E0E4EBF5CC2BEE30C416EAEEF3CE0FF45A
:1097E000B2122B1F7F1D1DD90F21461D0FD2F60966
:1097F000D60E4A162B09EC342EEB7FF49618C30FC5
:1098000042050E1EEC260E4331410EEAAC1E2A25FF
:1098100038DF5907B4D8B613320911EDEFE2D4BCE2
:10982000E82CFC2E049FE5F6C8373751B528F4FC28
:109830002B7481CC13FF0046DCB2C3F710225EDB31
:1098400006F425DF33D6159BD90716FFEFC4D48164
:10985000CBF8B8ECD19E1041FC05ECD9DE81D5E304
:10986000BEEE272432140EE92B15384625DDCD0532
:1098700006C62649F1F7FF2AB133C2EDFB13F2FF0A
:10988000E4DD0A7864AB347F2AE12FDE2A27440C1A
:109890004F03DD8150D6023BBEACE6D7E336C2EAC9
:1098A00048F540FAE3EF843FBACDAA3B36BCE4006A
:1098B00081EDE331EEE09A88CEFD8FCCFDFFB99DBE
:1098C0006FA26A67A7EA7FD4ABA18ACE9E17DB702E
:1098D00011D1F1411A4B4704F5DEE622FCFA40C2F1
:1098E00037CE0BE7D24A1F24C0F64414A732EFC18B
:1098F0000A307FC80DF00AD2DF5649BEC92E86F164
:109900002414D0B8FB154F43B32339BB7C4E2651EA
:1099100043813579C4EA0A1FDF20E404B141281FDE
:10992000E006EC20E5E67F0FF025EE4F08CEF2C70B
:10993000220C1802E1E2FD0C21C4D7FE64E281F1A1
:109940000F212C09E0123A38141F38C224CF0CC35F
:10995000A30A13FC26F4B7EBDAA74499DEDE0E86E1
:1099600064E825601BE8C564C074064FCE8DBAD983
:10997000F123C823247FA08EF5E5BDB0206E27F328
:10998000C4E1F3CFDBFB075181A5FB03DCDDEF3343
:1099900095172005FA3913D8BA17C7CE1558341DB4
:1099A000FC13DECB2CF7E6E9CDD035F13B0C81176B
:1099B0004F05FEEF26220BEA81DF25DFED2A51E974
:1099C000E7DCF0F510F33357FADE346A0E01992024
:1099D000F9D1F500B2EBC806138A3CE6005C38F614
:1099E00081F313C4E1FED9261ED83657FEEE2003BC
:1099F0000C6F9CF3AEFF2A23DE15E311AEF3039E3A
:109A0000D55681D5EB0DCB44E4FE06408EBB4320FA
:109A1000E717200AB5E7F9423A441004B03516B802
:109A2000D0FC5105B83702F4DE813C34F4BEC3DD0E
:109A3000171224EFF84AF5C011A449C4CC011D182F
:109A4000CEF41F81FE0CDF3BF626F348A711C90CAC
:109A5000F74DE31A1174FA07340BE8ADC33C49C45F
:109A600037C10845BB33EC142C07B2017FCAD16063
:109A7000C524F5060EDC9AB2EF25C0372AFE31D296
:109A800020FFDD2AD61744B3BFB10F176981B7276E
:109A900054D6CDCEF0EB45EA4FEC3E81BA0FE0F85C
:109AA000D818FBC1E5E2DF24FB1EF024ED37D9DE38
:109AB00031F94E4EECE021065D25CC42D064B01069
:109AC000CF13A2FDD505FD12B8111601ED7F872E2B
:109AD000FDE5A83913D441AFBBB147E3D7C725BED5
:109AE00023FE04D8810CF6BFBA55D50FC5B048FE89
:109AF000E61A35F006E0E130E706080DEB1BFDB88D
:109B000021191408F7CB0A81473EFA2F9DC1FDA207
:109B10002436163405053CC099F0F7175AC1F612E1
:109B2000BA0A3C96E6A8346ABD0B3397DDD1BD1561
:109B30000BE9DC2C035E7F4E45DA2004EAE41521B4
:109B4000C1C11CFF7FD517DA1C0C6451E621E70464
:109B5000070A0FC41511F9FF84CAD209A30310170D
:109B6000C152B7AD16FB6B4F17DD1A1E600D0B010E
:109B70004AE97FD3D8C5CECDF7813B068B240307B6
:109B8000140A07E215E01F1ED140FAE117151FF66F
:109B9000172EC138272CB93A8396CA15EEA9C815D5
:109BA000624317AE06B3C405E0C1CCDB850ECF3EE1
:109BB000AA16A3CEBDD82D7F9025CD1725A74DDDA4
:109BC000EC3F1AE030CC3E0E0CC6771018F2E5CC14
:109BD0007F88F6341142035913ACA881613B49A731
:109BE00027E197406826FDB99609730C20C2E92B3E
:109BF0007E42CDD5FC0DF71743691E93F1CFF1CD11
:109C0000E970810E33CD25EEEE263E3A2E072F5712
:109C10007129F8D132611866BA1DDADCD52C817F42
:109C2000941DEF171CC9F743F0515A2AF38CF02802
:109C3000F645C242102542461E16A7B2A3D60A0E0A
:109C400044ED2D06124D0EA9580416602E0EFE0D81
:109C500022CEEB5B3B22097F17AB177FF10747252D
:109C6000D204A5042421BD43074BFE9CC10AF8651C
:109C7000244AB2220BF309160D563AD0062A2A13AB
:109C80004F1F313CC8DD651BF32262C6BFDC136E7B
:109C9000E521B330BD25810F191EE817D117E4293E
:109CA000EDFB4A103C44C82CF341E37FF4F4EF157C
:109CB000C59E182145040D42D73F2917CE10EA3220
:109CC000A87FE1D8CBFC09DCFAF6F908284C04217E
:109CD000F2D403151B0DFC38DA072F1791C27D3122
:109CE000C9A6E7C6F29646D0DD10E7D73EE25D434F
:109CF00013062EE2310A277FFEFBA51298B600B2AA
:109D00008C15DEC96DD5FBFBF5091D81E20809FB49
:109D1000C0850404E0D0F124FEED220F21EB2BDC02
:109D20001F497A4FB32908DC2BD40F1B3C40C735A1
:109D3000F5734A25F30D107FF65F0FE0F2EBE12A91
:109D40000066DBF75A06E12B8100C7051C2B9C1A25
:109D5000194D174DFCF6E64D1FD92B6981DDB4F086
:109D6000F5FCF46B0A2DEFC0F7C9F81CCFF8DDE164
:109D7000C332F5F3F0D8CCDCC1B5CB17A424FF1760
:109D80008B1B123D653EDF6A5701E3DCEE15FD22B9
:109D9000D0B0262BBC7F6F1396B800261C27CDD1E0
:109DA000D119CF275A2CA1C93AF1C0E891B91B5952
:109DB000A8C83E7FBA0D114F12DDF2DDEC21FD4245
:109DC00005BCF7C35F2BE76DB146E140E3F0B67F1A
:109DD0005917B6EE486F100CC6B84257EA093D0154
:109DE000D6DD1E055F0E5E3A970DF8DA1817F9F604
:109DF0005FCE4E1581170517AB410BF6B1CE7F0331
:109E0000B3BD378737C81D19F71BDF1C5019600316
:109E100003FDEE0FE5183A0AFDFF0347EDD7377F44
:109E2000ED52FAE5F712DAD102FD1A076AB72FF1FF
:109E3000B0042E34EEEFEF57431A161F020DA8D4CC
:109E40001A05B5DC4DE6487F0F24F30E9018D9941F
:109E500051E2D52FD072DEF0F2C60CD7DC60E7B944
:109E6000E22112F9C33103F222FF19D63B3C7F01F4
:109E7000F626F9F3F8D1C7131A031BAEA927190167
:109E80000DF0330805A67F14EDCEDA63F109B6DFD5
:109E9000F2DD9B03DFE8D71EDF7E190A33E6FFEC15
:109EA000505C061D7FB7C90DECE5D93219443BEF74
:109EB00009CE3020DF1A00EDA83A0002E6D5B7C778
:109EC0007E1BA4A8DD1068A99C9145E2BAA8EB31DD
:109ED000812F0EFBE817D8674BAACE0C1C0D13F38D
:109EE000ED0B28252D42F3C814E9AD46D854C14FD7
:109EF000C8F7F4CB7FD519748B3EB123EB0439BC82
:109F0000E41644E664F1FBF7ED35021949381C3AD2
:109F10002C7F053944DDD12D3523244F161FE5FA5A
:109F20001EFCF49F7FF0E9F1D91D181CECF91C2FE1
:109F30002E2B0311FFF23529DDFFDC02DEBB2C2CBA
:109F4000FB23BEC5B1D82D2F17D8FC2E675F12108A
:109F500010873948FA34087F23C54D853D25D5D76C
:109F6000083839531681E2C9DA033D25F1EFF9EEDD
:109F700063EAEA60056DAAC8A7EDE5E7F1CC97FAB8
:109F8000361AD7E3ACFEB62A1D40C55CFC81A91F7A
:109F90003F40EA50DDF237FB7FFCECAEAF472CB61A
:109FA0002E3C6D1B45CB42E4D819C9DDD132D6F920
:109FB000B23E3823111814CB101E62DDE6C6E4D879
:109FC00029FF483D251B36280D5C2F0B812406F701
:109FD000EC46DA03C501FC353CC4E90DDAED95E346
:109FE00023E3FC61DB9D3C0CEF819DFFFF32D05AE7
:109FF00010AB23C8F4D71A1BF7DAF5BBD2EDB4FACD
:10A00000572928EFCFA70F945811F3BAC31C7F101C
:10A0100032EBF0E9174A144BC91AD318DCD5D9F141
:10A0200077C253E61A18BE1DF6DB83E68190CF4552
:10A03000607C90ABF3D398B4EAFE97FCEA79992060
:10A04000F6F9F740C57F2415B400B896C3AE1D14C9
:10A05000F8E2E2301E0C240E05B2B4B716F67F0B00
:10A06000F4E1D4EF0876170AEA15FB1EF9EFD6D90A
:10A07000DD2D1DF22736257819EEEE29C0FF06F9F1
:10A08000AB420F47844C0D81CF1016AD6CE78A0CA4
:10A0900096A916092CBC7524C515BEAD8135BC7EAC
:10A0A000C2F1C4F8C9D884D7D63F2231B45E6CF966
:10A0B0006EE9E4120411F1930E841E8FBBF6EC34AA
:10A0C000EEE0F9A4F3EEFE078153081559FE8FC0A8
:10A0D000E1BB10C914BF034B6D75CC9B00131CEA88
:10A0E000E64503E5E37F09D48909D54F46ACECF298
:10A0F000DF16F0F82A5902F1042991C97F43DC00E8
:10A1000005459608F29D3E50ECC6F5CA390D6D55D1
:10A11000FE2737A9EDDCF400343BC7C8DAF12D7413
:10A12000C3391B1633D6CD2203AF1D7F40EFB9FADA
:10A13000FB04B5B72907F1310B7F36FFB6020D10CE
:10A140005B1DFFCB292501D30E11F607ABA9C61E57
:10A1500008A00DC8D8DF1E231BE6E2CC5426BFD7CB
:10A160003D13C4FF301729E533B83CDAAA2D81002E
:10A17000FBE6D9CE51030622D84137297F7D075F00
:10A1800054D5AB97BE8381BB848F0E342F487F7428
:10A190002C765B0A8185F83F380A605F05E0F9F1AB
:10A1A000A0ACEF8194CDB4C2DFF6FE297F6804DF56
:10A1B000E2E68286DE81890B1F213E7F664B646862
:10A1C000203A2D4B7F652E6356F2E8E7CC8788D086
:10A1D000819BDDBFB6D3819EDAB5C8F3FB05CC8F7A
:10A1E000A9BD818319473D2E7F66285A4623342A0C
:10A1F0003E7F6B2E66461B6955257F7C214A3E12A9
:10A20000493F337F75185E4C1A4A32227F75256BA1
:10A210005FDBBCC7C6819AEDCECD1D46362D7F5D76
:10A2200031523F254D35317F58185439FB230B2CC3
:10A230007F642B7363517F703A6F64FB0816E5B53A
:10A24000C4D7819CE9BDD4253327317F671B564293
:10A250000452330D7F72346B5C2E554B3E7F7F3141
:10A26000716907E4FACB8195D692A2D296C1DF81BB
:10A2700092E2ADB00A0721357975307F6E20412911
:10A28000317F61276456F0B6B8CF818FD0A3B4E890
:10A29000D4DFD181A8DA95B0DEBAC9D58681ECB316
:10A2A000C0CF8192D094A8010E0FD39E9ED68197E5
:10A2B000E9DAE7F4B8D3C381ADE4A3BCF40A02D66B
:10A2C000A3AAC2818F07161B3A7667397F6D1740A4
:10A2D000332E7F7831665FEDD6D5C6819FD39FBD83
:10A2E00024402B347F73335B491F50302A7F662212
:10A2F0004431306B5D417F63252F1A114621377F32
:10A300005F2F544DF0CDD2D7818EE39DB21E6449AC
:10A310002F7F6B1F433AEBBAD1D981A3DAA6C33B97
:10A320005F464B7F622D4F380521273A76681F7FA5
:10A330006B2624113A7F572C756BE6B2CBC581A7EB
:10A34000E5B9D732604B597F6D48635507222C2EF3
:10A350007F7524777012280E397553317F62074458
:10A36000322E7F652F4D4C084E4FFE7F78055A5197
:10A370002D4138307F5E1F403DECE0F3D18897D807
:10A3800087811855442B7F6028523BF2F1FEDF99FC
:10A39000BBE481971C3F3A367F662A503A0300FBA4
:10A3A000DE99ADCA8197FAE0DCC18186E5959A1104
:10A3B000392C217F7B205F4102312D297F63226C64
:10A3C0005AC78481D2A08F08340F1B3D35317F7A64
:10A3D0002B5D4F2A5543367F5C14353525281829C7
:10A3E0007F69207A6AE5BADDCE819DDC96A7CDA291
:10A3F000BAA48281DA95A5EFB0C9C28681D6ADC272
:10A40000E29FB2CD8199E59DB83B7F631F271CE396
:10A410009EA9D8818818FF0A224D432D6643337FB9
:10A420006E23463FDCC3D1C381A0D4A8AD295B45D0
:10A430003D7F671F452EE3CADBC78192DB9EA71CC9
:10A440001F0D0E100CDF9581317F5D497768214427
:10A450003918322E297F5E266251E6BFE1BA819A11
:10A46000D38AA5132A24476C51217F57D9C0D1BF65
:10A47000818DD08B91DBC0CDC08197D8B9B82878B9
:10A480005C377F6B1846351929242F7F6433685653
:10A49000171F0228624C367F6F1A2B2E407F6125D2
:10A4A000553BAFABA9C58381F1D5CAFCA9BFA88133
:10A4B0008BCCBCD60D45462E7F79274F3E1D654976
:10A4C000317F691B5542093F56327F6E317574E604
:10A4D000BAB9DC818BEBAEB1104130167F6F206CC6
:10A4E000682932273B7F5F2E5C491D4633387F7ECB
:10A4F00036766C0E3231467F61347C4DF6B0B6E371
:10A50000819CEEA3B91C494B2B6E79207F6E2D2BBD
:10A5100007397F502A613E2D56513D7F78194841B9
:10A52000F0D3D6DAA5A0E0819FEEAAC5C68195EE4C
:10A53000C2E02D58382F7F5B16513AC48981E7DA83
:10A54000CF25675614462F3E7F5C2E5743122E159B
:10A55000387F622B705D162617406A53467F552060
:10A560003A28427F62425547215948297F6E033E6F
:10A57000601926213D7F66276C562D685A357F7BF2
:10A58000F0E5C51D38312A7F5C275C45D5B1B4CCD8
:10A590009F8ED381B7EBC9CCC8818FD998BEF7D134
:10A5A000E5CE819BD3A5C0223C35347F602976520D
:10A5B0000F2018F8FEF6B3819BEDB5C5DB819EF345
:10A5C000B2C51D3D2F447F5635604B04020C1A7CEA
:10A5D00061177F6DF9C6B5C7818BCD969423494A23
:10A5E000357F68365C4EE1AEBFAC8195C9AEAF0633
:10A5F000BAC0C68196CBA6C1D0FA1760EAE24E6314
:10A60000BD1218B7F0E2E2260F3FFDFAE7B0030DE6
:10A610007F0AD8F5F113FCC9053DF4FC05FDCABF5E
:10A62000523E280800DC1B0FB60CC00DDAE6F0EA3B
:10A63000E8F21202ECFF201608071F19CDEF03E71E
:10A640000BD337000BD8E100050725A92821E8ED39
:10A65000F00DDF01DBF5EF1C04FF0CD1301FD0F251
:10A66000CD06151E15170D13BD0BD7D8EDF6E4DE7C
:10A67000211CE119090C0012FEDA031A4ADE38F532
:10A6800031121F0117D9DFEF01FE0031F30F06026F
:10A69000DBFAE9ED30F214F5EDE60509DEFE2CF803
:10A6A000011A270AC6F3E10DDFE405F337F52BDACB
:10A6B000E603F0D5E4F74A070FF003D8EAEE19FFF6
:10A6C00001FB810FE0D6FD3D112317030B28EA356E
:10A6D000101A10F614E5130BFAE1F8E80FD016F98A
:10A6E000E022E304EBE0D9311509BD00E2FAD5ED33
:10A6F0002EE9110E060AFEED81F407C61F0CEAEDE5
:10A7000008440A2CC4FE12EDE92FFF0704030F21B1
:10A710000E3514E3F409D8EF06F741F6B7FBF5342C
:10A720000126F7E2E8333AFC250CEC33FFF0000792
:10A730001C0AFCBB00E2E414143BD81334F305FA02
:10A74000171A02CE0ACFDCE801F01CFB0518931B98
:10A75000D917FB211C301122230F0AEAD809423AEB
:10A760001A2C0A0C31F2C3DF04CE03330217E900BE
:10A77000D924D30D00F2EAFC68C9135A1548CE104B
:10A780001F07D7101A1700F315ED0E01E1BE551E75
:10A7900081E64DDCBD1F25210C2C06260805EC3773
:10A7A00008EB1B0637F657373429E8241C14C33648
:10A7B0000B97D616DBFA09570D3326C819BB05EBE4
:10A7C000F60E6106C41206EE1E02E300C538FCFD5B
:10A7D000C2F2200F070011B6E01D14091605DFEFC5
:10A7E00019E60845F91CE84500ED0927C8100923BA
:10A7F000E8192B1A0EE5D8CF479441B386F948B033
:10A80000C32C097F07D7F8EE09E50126FEFE1FC419
:10A81000FF0B21C3D4E6FE05FAAA5C01C712BAD524
:10A820003DF416FA22D11DDB151ADE1121C3D5F72E
:10A830004D1BD51C1033AEEAEC21CE100ABF1A36E0
:10A84000EFF6D9194C2915CFF7290AF3DDA6E1E86F
:10A8500010150820F0FA2B0832BB05F56025C7C299
:10A8600007F801F81C08FDCD12F249310901EBF897
:10A87000C3243EEA06E4E7EFF7960393B947D0C650
:10A880002AFAFEBDE8070A61FBF73BC90F73042CE7
:10A89000F1B4E546C5CA31EDA4AF8B1E150810F022
:10A8A000190310F6020634DBB6FCFFF9813DF9E42A
:10A8B0001FE2ECD9AFF839E8DDBD39C4DDF2D3F4DD
:10A8C0002938EFFFC4D961B1CC6212F61C0822B658
:10A8D000C30BC722D009C7170CDB02FDFFE70F3DF2
:10A8E000030FE2120C26BB060A25E3E6F139E6EB7C
:10A8F000FAFFE0DFF10E148134A9E42AF6CD1D1B26
:10A900002739673EEFF103A30BDB19449A5F2D5CF7
:10A91000815FDE6763731D2FD9B550304327F6DEA4
:10A920001C7027131BE3E0EB194EF1A9123FFECD7B
:10A930001DB244FA91D5A5F3AABBD2FC236329ED3D
:10A94000F1F50EEBE2F4E9F92094494509F3EFB98A
:10A950003122FA2FCECD0234FC1027E5EE0E071E71
:10A960002128323C00D7FF29181406484C4637E00E
:10A97000093E1B27FB5CE3D50447F5A649277FFE6C
:10A98000C1E4E645D71B58312703A630205E0CF5FD
:10A99000B2D33DE4C1F6FA02CAE296D3F21A12D457
:10A9A0004A27F103F6D7DECD0865CCFBCFB1C81E30
:10A9B0005935C9040409265A08C1F1C7C7C349D685
:10A9C000256100DC1935F1C4180FFEE6F8CE1C3203
:10A9D000C5E8DBC439ECFDB9072378FE460AF6DA90
:10A9E000E0C80531FB43C6E3DBFE66232CB9E9C7AB
:10A9F000B123F5D3033AD4E5E4140BBEA5CC3F2430
:10AA00000503133170F407FBCB1CD7BEDBF13D2FE0
:10AA1000EBF7BAB00908141D1BC61BF761FB03EB6B
:10AA20002AC109220124F242BF1040EDD11FF008D3
:10AA3000F80AF3D0CE29BE0F05E8FD1C04E601F7A5
:10AA4000FE2EEE7FA8033BCB13F8132BF12A09103F
:10AA5000BEF6F9AD05EE3AEBFED10CC5BE0FEBC567
:10AA6000FFE437FF0418DDFC0501DD02D716DE38F0
:10AA70002ED9DB130F10D33381CE0F5F3AFDDEFCEE
:10AA800028B2D5252AD1D2DADC223D13012B18B108
:10AA9000F101C203EA5A353329FEF3ECCC3CB00392
:10AAA000ABF11616E509C510E42DF1E9D907C61377
:10AAB000BDC62CE6DC42E4FAE7FED30AE828FB40F8
:10AAC000FDEEF7B1FDDCFEEF0AD9CBCFF2000DEFC2
:10AAD0001A0AD00824FD4C30DFCBDFEF12A914F4A2
:10AAE000F0E0F3F51BE9F90B151DF72201F11C1A33
:10AAF000E61FFB2813F6CD01C9EE401F7222EF2698
:10AB0000F8FF1CD445EFF1DDEBDCF9DFDAFD3C3179
:10AB1000AC0B0E071EECED153536F91D0DC7C8F848
:10AB20001FDAF4181604121A37E3F1D2F32614E8E8
:10AB30002CFAE821142818D4E836CFD3FD13DAB361
:10AB4000FAFD01F4060EFB11D3E3280801F3120706
:10AB5000F301A5FFFEF2F28106E309FD2B1D170E9E
:10AB6000294BF9ECDE0550D7D91EF00407FAC703CC
:10AB7000C8E5DBEED7D8F1F12102CE461D2AEA2C3A
:10AB80008108A2E1FEFA58EADE47537802E0170C8A
:10AB90003F05ECBACC04E74E192FF5F3DF56D31D71
:10ABA000012A94C5C83AF5EAE79FEAB71C41F7368F
:10ABB000415ED5FEEDFA05484313F224280470F2F5
:10ABC000FFEEF5E224F0CF2422460023F65A1229A4
:10ABD000ABB9DB4A9E46051C9E0B0CEA03E5192F18
:10ABE0002A13221002D6111CBCCFA934C8E9E511E2
:10ABF000C9BFEA041B47E0E4371AA2ACF0CB20142B
:10AC0000F7059613D0F00412F916E4F306D3461BA9
:10AC10001BF9DC09EC03D5FE090C24083B09E50B04
:10AC2000FCF4DFEB01FECEEB02DAD0F047F72FE3C6
:10AC3000FA1008E03AE8071B202ED581DF06F92339
:10AC4000FC0402C1E0D7080118FD1DD304F30DF682
:10AC50003540F7DB2CECE5D2EE38CCF11EFEFB18CC
:10AC6000D9FDDEC2F513FED2060E3B0A05021CB367
:10AC7000D417073DE30C2022C65E173BE2FD46FEDB
:10AC8000C62C122C0133049CF52A1EE2075F9A2A77
:10AC9000E227C2D9C74EA1EB1FE5F11B1EF9E72839
:10ACA00009FE3805FD002F3D5CCB2C022D33CEB9BB
:10ACB000DBEB02C0EFF94C8421F822021A1F23D4E7
:10ACC0000CF2A6EBC13486EEF4F7F0D4C511D4D063
:10ACD000F034AB45873AE7B5FCFBD81EE481881D0C
:10ACE00031AC009D1E12EBED1221E43D12104C1B05
:10ACF00012DF141DD4F3180769F9387F1CDDE72A29
:10AD000002E23BFDF3D834EBB50AECD3D7131E05B2
:10AD1000D3EC165039E6BFFBDE0235EC113409E7FF
:10AD200003DE2BD709E4DCF811F0FCEAC82CD00BC9
:10AD30001C17D4F604F5FA112953EFF41BEFEAFFC0
:10AD4000EE04DC12F70F2E25D601F1E7ECF12A0D07
:10AD5000F91BF1F8EFFAE60BDAEE19ECE10B200B38
:10AD60000308FBE9E358D9F512D3F004ED2212DD14
:10AD7000001BE30E0803121DB6B52A04FA1ADF4DB4
:10AD8000CEF52C7FEC0AEACDD6AAC1322503E91E06
:10AD9000371EE1D1E5DBE526FFF2CF330CB309E541
:10ADA000D3E43FFA02EEA72B09F73301282D221630
:10ADB0000229EFE7D1D1D8F14B26FAE71D02E6FAD6
:10ADC000AD2019F52FBD0C30FE023F21FA1E160EE4
:10ADD0002A20FD110E03C1D7D71810EE940ECDD83E
:10ADE0001C2A0DDC0A0D26F0CCE100E2083C241BF5
:10ADF000F1F55DF011203009FADADFB9B320F4047F
:10AE0000C5F9E7C2013DDEE9D20730111EAB01D41E
:10AE1000C9E000F70211E607F67F2100E5E60EF033
:10AE20000E1810E604BAF2FB2B26FA39E46113047B
:10AE3000B02613010628E80E0F15A6FBF52CF83FE7
:10AE4000E915CBE90EF2D7EC2907FBF6D7BFEFEBFC
:10AE5000EF472D1125E412E4F81B26D83F0D00E141
:10AE60000618D6DAEE004114041B07E008E8DB18E8
:10AE700013FEFEDBEC053FC8ECFAE7B4CCE3E1E6F9
:10AE8000AF1BDE04261AD5F0ECD5F63A0ACCB70390
:10AE9000DEEE3131210003DEF2F61F091243BC1D44
:10AEA000CB0BEA20C7ED2230EC500DE5FC1E17B9A4
:10AEB000DEE3E204C91BEB81B01029EE07F2DF1BD1
:10AEC00026FE07F3F3FC2313341B26D0FACBF1EC58
:10AED00005F3E2E9ECE92807CD2619E3D7E6C2FE3F
:10AEE000EF4311F02BAAF9DFEF10F5E4EED2FDFEEF
:10AEF00008FC3DE9E40C030882EF017F0BC20DF66C
:10AF0000DEF110D80A0BFF23DAC10E06F3E1DECE24
:10AF1000FEEFA9F01BBAE334F0F110F93AEF042286
:10AF20000502E9F00DFC0FF72910F7082D0802F4CF
:10AF3000E72401EE1CF7E7F0E50605DE20CFFA076F
:10AF4000FC0A1C05E608CDEED110F100DEE8F1DDCB
:10AF5000F8FD1AEFF3F7D903D7052507E801240D0B
:10AF6000F3F8F605F1F505F215EC0C04E6E922DD3F
:10AF70002DDE09EA11E0DCFE85ECEB9D4EF408279E
:10AF80002AD8F5F2F1ACFBF9FAE147C34800022FE9
:10AF9000111B04F2C601F8F612BC13E0062617C016
:10AFA000FB81EF10ED099C03E2F9282ABD00F906A8
:10AFB000D1F00034F6FD570A02F2FB01E206F1F28D
:10AFC00002F71828170B05FAFB06D51AC6DF19F089
:10AFD000070B04ED1714E21AF709161F66E3F3FDD9
:10AFE000F5F9DAEA01DE0E1619E04E24EBF00EFE5A
:10AFF000EFD21931EA0D46F10DFDFDCBFB4A81D1AF
:10B0000043FDDAFDF1DEFBD61C051EE1E9041B2041
:10B0100011FA192AE8EAFB0C2B27A401440602A521
:10B020004E2103BEDCE6BA2C00D60BEFFCD1EEA11C
:10B030004307DE28371A285234FE30C0D22CF5C020
:10B040002620103F070BE2080E27CCE70DEDEC029F
:10B05000F903D702DFB1FE010812290DD8F9254006
:10B06000FC3ADDE50FE1F6EFE51443F8D9500E1296
:10B07000EAEAD00922E939C8E8F329FC7F0726FD6E
:10B08000050FD5FAEBFC2D39D34BF40411015E0703
:10B090001DFE35D1A7268CF42FE5FC2236171CC7E0
:10B0A000F93212ED2B0A3EEC12CC580B0A52E73162
:10B0B0001BC6482ED44F1F1C0BCEF9EE1618E4F217
:10B0C0000B36FB1802021A4DEDFE3CF9F5E620178F
:10B0D000DE12F203E0FA190FD1F816A9F500F5EA2D
:10B0E000FDC4D029E303CCE4303EF5F3EE2B0C1184
:10B0F000F70FFCDC2206DCE214D9F5D8F631F4DDDA
:10B1000022471B040B24D29FF80EC737A09807CA0A
:10B11000E506E848B72CB712E397E89D24FF611ACB
:10B12000E30D19D0E533E5123130811BCFE008453E
:10B13000DA03FE1005EF60EA6F17C621FF01CA228D
:10B140000C111CF8DAD02EDB1ACDAAB4D801E625F2
:10B15000D64A9445042AF6351FF3093C1100C3CBA7
:10B16000222D0E01CD4BFBEB1FDDE7E0DCD3D4DD60
:10B170000611C600D7FEB6074317F8E89BBAE5CC20
:10B18000F61D2AC8270DE0AFA9EA31292915F5DCFB
:10B190002187CF29032CCC124AF2ED474904DB3A30
:10B1A00059D20AEF98CC4F36421CF6F5F9EE262814
:10B1B00020F10556CBE5040EDAE70507011621312B
:10B1C000970C185143CB2CE203470B7F2649EFCA5B
:10B1D00011465F9064E3DA1D251F25FACA20E32E8D
:10B1E000EA3FF8F7D91C023220E5F63BFDDCB24D10
:10B1F0002029E92CE616E316840ECC33FAED05E49B
:10B200004225E06B1E1E28ED5C243467CCE023D67B
:10B2100037DAEC080D1205142B3C12F2FA2F2BAB87
:10B22000FE31CD1FBDFD1F1BEAEA3F0EAF09E7153A
:10B2300026DD1846FBC4EE28DC4C3025F637ED0140
:10B240000A100B0B9114EE19EFF3EA91D312F430BC
:10B25000E8EDDF023A0704A9FEFF813C49DB10FD5F
:10B26000C833D59FB146E213F2E70FE509B633F4D0
:10B270001E4FEC39DC0AC8F2688DA16C27F71E3D21
:10B2800020CCE716B4D221474A3649332554C5BCF1
:10B29000AA0B25EAFFCBD7BC321F57FC5CF1E35762
:10B2A000C3E4F2F7B42D230F1C01EB52483E130404
:10B2B00046F8361B5A3C2E110205F07F084BFF3032
:10B2C0000CB2F1C12FDD23FEF121360C28233B1FE8
:10B2D0001E0D26EF2AFFF301E5F8B6100C2DFA0D2E
:10B2E000C81F16C3FEFAC6FB02CAF70C0620F337C6
:10B2F00000DFD4CA14F3FA03F6E7F04809F6FF209A
:10B30000FFD8EA353C49D527F8F640000B06471030
:10B3100009F20C1FEFF6E6F9BD0326E616EF017FF2
:10B3200020DEE7C608E5E2CDE3E1250BD0C039DC3D
:10B33000190A0B0FD5F516DD18FB1E0BF3E025EFF0
:10B34000E12C2606F2FDE5FDFCDDC300E1283F1BF4
:10B35000D4112AE2FDD508E702DCEA2EECF214E76C
:10B36000140C0AF20E0CC8E7EF300AC8FB0F0BF200
:10B370000B19F9F42BF512F7140EBD6B1C231EF4F8
:10B38000DDCD16D8D8DC0A163CF02ACFD506E9CD9B
:10B3900043D8D2C25141D685F3D93FC8E1CB07D8B3
:10B3A000DD2D213622FD092F34E863D5A744EEE4D4
:10B3B000C06106EC1B0040811FF72917FFECE42C4D
:10B3C0000BAB390DD2EADBFB171118E3C812392D8C
:10B3D000101407FA43C91EE91F0315E63A070EC306
:10B3E000D612040F0BEED9ACF0EA060CE521BD082D
:10B3F0000004026504F3ECF3E1E611813315F50373
:10B40000FA11F8FEFFF709F9FA0FFCEE08EED40581
:10B41000EEE0F3000A050B03FFFC06FBFCFEF31D48
:10B42000F70CF6FFF80EE706EAF7F1EC01EF0BF682
:10B43000FAF510EE0CF00A10FB0AE209FF0FFAF41D
:10B44000F5F717FDEEECFF10FE140AFC0AF1EBFF16
:10B4500014031105F31706FA07FDF1FBEFFEEC05E7
:10B46000FCF10A02FF010CF31805F2FBFBFE0113CD
:10B47000001C030D0101F7F1B058DAD50904F214EC
:10B480000BFC0A10B6FBBDD116497A2D55F61E21CC
:10B4900015D732A5CAFA48F50F0816FCDFF12B10B4
:10B4A000EA20C2C013C4EDE71DE7ABD5D17F18A1D8
:10B4B0000A60D2BC0A310E503DCEE01CCB41AB0F2E
:10B4C000E2C02102E6F02522EA15ED38F42540C855
:10B4D0000FF67814CD9DDEC30BFC322ADC2FD4DAB4
:10B4E000089915DCF91EC323FFB13C8EE7ED0A284D
:10B4F000FD4FF2E12612FD072A021B7FD819FCBB83
:10B50000E408F823D38FF807CE1C0CDAE8CF12201A
:10B5100016D9D503D4F61F0C0BD5012007E9DD0F92
:10B52000F3ECD921F004E40E02450EC9D8F7F3F389
:10B53000F216DC1115EB19FFF1CAEE1AC4D908C9CD
:10B54000092314132FEA060CDF2DF42E2CD9FEF854
:10B55000DD1B2024DFC410F3F8113CEE20D805EEEB
:10B56000F11ED7EEE509C0E52EC8FA2316173514EB
:10B57000FB19200F2FECDBF543FFE2F9FEB8FFDDEE
:10B58000FAC701EBC7EC1DC564EABAE3130313F174
:10B59000CF7F27E01A20F3FB4BD50EEC14CD215FB3
:10B5A000DF02F83309FEC4F436FEF2F5B005F5F516
:10B5B000D2AD5ECED4F59BECDD1813E904F6D7D4FA
:10B5C000370C2EDF3134DCFDF611F8E0B909295DC6
:10B5D00020E01E3004E912EF06C24A182AF41EF0D9
:10B5E00007C9EDE5EF0504CEBC1917E20CAAFDDD95
:10B5F000D9FBE611CBDE1D287F1E3591F3DFD65631
:10B600002548DDC3EBF9CB6EEDD37735214333BB52
:10B610001C4A3F45F5091823FAB7D1394DDD26C537
:10B6200037100424B3317BBCCE06F3EC0DEB0CC613
:10B63000CF18CFE22004ECEF2BF6FE49F8D3E93720
:10B64000E04BB504E8E0BAED01D0660C360DF41815
:10B6500000102307FD1C091EE5F5DF261632E2EC7B
:10B6600030F5DEBA3936C0E6FDA8230E440CF50AE3
:10B6700002E31A0C1602041DF91F9652FD2B292411
:10B680003A1AEEFC5C09E10D20FDCCEA0D20E7F74B
:10B6900051CD21FA2D30343D99C0CD7FDA0AA3E98E
:10B6A000059E18E3D20637BF7E4F173CF92C170FC3
:10B6B000FB2D0C0AE54DED1BF70F9FD8C510E421BB
:10B6C0000CCD200EE4B7A9E0300B5C003BBBCB19DE
:10B6D000306AF7F83D4E2205D0D435E31904D83945
:10B6E000340D43252F40F8F5FDE12E10C52B49FD03
:10B6F0000C00FDC30424FFE626D7FC50DE0A7513B8
:10B700000511F414175D31C81D270EDECA0E43EA79
:10B7100029F0618112E03ACA2DF746C6CBD7504ACC
:10B72000F60F9EE0BFF1D5AAF055891900DAD9FFCE
:10B73000F12D05B1DC05F202D71626DB2CE5E0DBA6
:10B74000513333E1DC41DB14E8C7B912BC00F6E148
:10B750009724BACAEB07C501420FB90F17CDB55AE6
:10B760000446F3E2F1E2D5FCFAF317E4D9D71DF66B
:10B77000DC1906F5E5DB371042030F5BC5D32DF569
:10B78000D5BAD400DD0AE752102B14ED2517DF19C6
:10B79000E01F10093537F5080BE0A7FEF0D94FDAA6
:10B7A0001222F40BD44115080913117FDB01F21D9D
:10B7B000BED5E6443807FC13FD3628BCC828EF0088
:10B7C0001DDCEDF5F6082DF33725C21ED8E525F171
:10B7D000E2FA153705050EFBFF0D1F01DBE42529F5
:10B7E000F02C04F866BFF4F8050530BDE5081F121B
:10B7F00019062C0718F316DA28233442272906E005
:10B80000E8F5CDE5FC04C09AEC0E1625F37FD3E8ED
:10B8100001F6F9BCA2922A00FED6DF3401EE281C04
:10B82000303621DDCE07D23AB8F5DE03DD1BFE9CB3
:10B83000AD3BEF69B21DF105EEE9DAD96158381375
:10B84000C6E330E0F5F904FAF8D5F216E7FFF43272
:10B8500024EDF2E7D2FCE2010055DDFD51330B157A
:10B8600015E0FA421224DC4D2905E61B24131907C2
:10B87000F34839D4D72C01E244FAF872E1592FE9A0
:10B8800049EAFC2B63203913C2F52401289AF0D72A
:10B89000F74CEF4743E3B9E31A02AB0581D439A271
:10B8A000CABBF6F2F90FE529F82B30CB74F8EFC8D4
:10B8B00014D7EFC502FFEC06192714C21B480E0A65
:10B8C0000CFF4D16E33C60D9F6BDDAE1E8612C22AD
:10B8D00014F62FD91493DA97182020FF05CFD80734
:10B8E00016F1B40ED012C0E5F8F4250CAAECBDFE9A
:10B8F000F346DDC93622C018E93E6EC2B4196F2A7C
:10B900002623BA1D4042D5DBEEE831F8DFE62B1CDA
:10B91000FACCD1072A1815F8A262DDF5A407A5F71D
:10B92000E3E7CEC9EA085FCD1B26FFDAE90220E78C
:10B93000F3FF5B3654CF10EFDFF5102828F8F83509
:10B9400010DCBECAF9B80EF907F33D22F6DB221A65
:10B9500006F725C4ECD5E47F0FE231301404FCB8BF
:10B9600033130F25DFFD2A43F605F80A1123F9FDED
:10B970000C205C15E8281901C82B10A6A51FB937A3
:10B9800035F7116AAAEF4C39C535E748C7EFF32000
:10B99000A5DA1C815D20210C0EA7FCF3FDA2F81492
:10B9A00028F02DA5C8D1ED0330E2F2E014C5FD0565
:10B9B000DF071912B01EFB58FD64F90AE949EDE6EC
:10B9C000232A0E12012BD2CB092BADD508033C0E36
:10B9D00008FCD909FEDFED41F8F8040B2EF9FDE56E
:10B9E000F227D222DC21DFFE120AF909E620C4F197
:10B9F00005FBE6F4D4C2F1013FAB54C42E0ADC359A
:10BA0000F30F01260201C608EF0CB9042D004617FA
:10BA1000DF1FCF1231EC15AF3DEE0FE9E22E2216FB
:10BA2000F4ECCC2550FBCAD8D7CCFCD55B23F1AFC6
:10BA30007D7FE854CFF2E3E5F01846F7BFE0FCF86D
:10BA4000E3E0F80B460EFFE724EEEA280FD0B71824
:10BA5000F1EF0914CD220CB40A3E0E0AF3EE3314B2
:10BA6000D6DDF9F31826CAD7FB10CCE2F30A112869
:10BA700025E1FEC4FD4E4622D2680BB8BC123D0F34
:10BA8000E0CC4F8F3AE3D0ED0E57DC18FA140504E2
:10BA9000D2E803433416511FEDE4460335DC38B6D3
:10BAA00081FF565A5BF1D720E50A0A253622A8EE17
:10BAB0005EE3133010D43704363E27AC81EF345C9C
:10BAC000FE32F4ED4821DDEAC3C2E2F72312FD5D48
:10BAD000E3F12DBBE50E16C2F7FAE2DAA10BE61E82
:10BAE000374411CA3B989723F6192E0A26E4010F12
:10BAF000ED181104502A2F11F2D7D21A022A7F17FB
:10BB00002AE410ECF8171AF313CDBDE6301EDEF66A
:10BB1000EE2EE733E61AEA5212F75118CF1600213B
:10BB2000F3FB1207DDEAE50614CEDCC2F62220FCA8
:10BB3000AD1ABA412E13E4FC2F131505FDF8EA39AE
:10BB4000BF191408E92123F90B0EF3EFF401E3D731
:10BB5000F5EC06E0ECED0B0DE4FBEF14D41AEBFE74
:10BB6000FBE2F7F8F9061AEBEFFA380FFC08081EAB
:10BB700004040BF50CFDF31BF7BAE5CFDA19391401
:10BB80001CF7D6BE11AF02F5ED7F13E3F007C0B985
:10BB9000D72B2BACBDF2EBD3DBF82C4504FBDCE759
:10BBA000FB19F7F40CCC493E03F12ADA2FE230CA34
:10BBB000074110D71CE7F3F0F1E62E14F30A36F133
:10BBC000FDD8E9290232690DF1E8F00D20F80221D3
:10BBD000260BE3FD08D20D231CE1044BDA43D7FB0F
:10BBE0003FBF11F7F91428ED15F1EAF945A4F3F870
:10BBF000D73B2C1F0703FD14FBB2EC5A61224DBE4C
:10BC0000D935B5D1C5D0D202ECBE0334BCD7E006DD
:10BC1000F1191D5502F858E54EE9D214E606E3EC99
:10BC2000D4F02721EDE7391703BF5A172FFA180B65
:10BC3000FA7F13D8F6AE1C14E6DDFB013844DC0FA6
:10BC400019031FF2EDF7EFFF37F21710C829A2D141
:10BC500020E706E50113F533F9CACCDCC731BFDDB7
:10BC6000ED33C82120241E381328D50B26DE41E6EB
:10BC7000EFDD2633D4C00A38CBBDB28301103EDCE1
:10BC8000CC2401E281E644DCF4F246FBE7FDF7094F
:10BC9000BC77C71819070723241CAD08EC28583EA9
:10BCA000328717EBF8FDB8252EF9D91DE1EA002DF2
:10BCB000E52AAF4B1704C8C92FE9CDF9120E391088
:10BCC0002ED2261DEFDDFF3CCBCB0200E320431F2D
:10BCD0001725FB00F6CD0EB50027F9E28CC638B665
:10BCE00015B00942F5D69C46218BEFA40F5AFDF9F9
:10BCF0001EEB062D4EF6E84A13F8F9B3411CF0F599
:10BD0000C9335B471820EB7FFFF30ADAF2C4D2C5D0
:10BD1000EF413701C404031D5205FF20EEDF0C255F
:10BD2000D72C2816E30C022ED702FAF5D61AB4E463
:10BD3000F32750283945E3DD070D2816D20D65227B
:10BD4000D0E20C0A0FF0B113F22C14030F1ABED775
:10BD5000FCF916F914EB0EF7FBECE7F2DEECEE263D
:10BD6000FC00CBF1F120121130EC075FC505DE1BA2
:10BD7000F1DAC4E2092F2717C2BAD97A23FBEF05FB
:10BD8000EAFEDB02B659FF1E31DFE7E61F8209E952
:10BD90002BD7E0F4022D2FD1F81CE52E49037F307C
:10BDA000E6F041FEE3E421BF1A1005A0F3EAE6A99C
:10BDB0001FD22216260A2DCD0A41DC06150FE620D9
:10BDC000D133DEF609305ED50908231FF0E8B3232E
:10BDD000C0F218BEECD73CE2E7E8AFCADC54F1FB96
:10BDE000FFE6202E11271DD7D7F642C9FE24D9FD24
:10BDF00001F21402F5492C20D97F11E59EF3B753C7
:10BE0000102129DBD61420D5DD09272BE93043DAB0
:10BE1000B802DD285E29D90912A9F6E9C2D404D9ED
:10BE2000E114D9E839F10A150601E2BBA2B5C263F3
:10BE3000FBEC0FE2113AF6E3810FF2D7DC16EF1AB2
:10BE4000F9C1FC36C83B24DD0508EDD208FE2E11F1
:10BE5000C21CE5DCF3E5F5E74B1A080524E307EB24
:10BE6000EA1EC31105AEF0113709D9E2011D1ED932
:10BE70007F0FDD1117E81E260907EC33D7F9212BB8
:10BE800017170FC6F791104ECFF9FDCE2CEA1326E7
:10BE9000193AFF50E1CE0026E3AE4D302AF834A522
:10BEA0009BB8D51E26F26E01811B0C93C4F9013F8D
:10BEB000ECDD18E7FD18E7EBEF05DE4D10CA2208B0
:10BEC000DF121BF9E6D83B20CBFB21E902FB32D67F
:10BED000DF044D267FD9010937CDFA27E40202D9C4
:10BEE000DBE62CBE4D3D0921E8E30EEE8131D10C9D
:10BEF000DC15ED2FF6D5A7CD27F8603A1F0EF3DE3F
:10BF000012454FD60734DA0103F30845D90319CD9A
:10BF1000E8EBC74A0E1AEFC2E402EB2911DCF72264
:10BF20003301089AF9D8F7C1FFE91AE9F7A710E435
:10BF300023C002C8F9F0B9041FFEEF4DE218005209
:10BF40008130CCED99DEEEF1E9A615DA263A1369D7
:10BF5000F24260E70102E3A9DCB0C0D12000532720
:10BF60000C33F814CDE4F1C7EA2C31FD4403EB6245
:10BF70009BDFF7FADA3ADA8109B0EF11D74E26B42F
:10BF80000143F9FE21C0EAD10FF03CEFFA8B296E94
:10BF90007F0E06D3383E3DC142D914DB063B8416E2
:10BFA000B6D621D1104CE728F3A5ED3D3DFDE9DBE8
:10BFB00021E61F530E2405BDF925ED2B1CEE60FA7A
:10BFC0008F2A06E4E73015DABEFA810FD7E61C06A1
:10BFD0001A11285710EB64431103260E0256101154
:10BFE0003B10DDB3FB05B5EBC415440FE7BD32BD17
:10BFF00005E63DD7EEE0F4E62EE81E8187F710B6A1
:10C00000BF23301915B8DF0A0BE6698F3DE9BF433E
:10C01000B5150242F9C5D7C72305EE443C3C2BC9F0
:10C020005164AC2C17F17FF928C0E0D827F7032121
:10C03000209BC6E9419A5209202D1E30AC9A93628A
:10C040003311382D5C1BAB050F1178E90AD6CE7E73
:10C05000D8B250CAF41DEDCC1727BA0FD54823F635
:10C06000E10F65FA177F5335141AF10C06023A7F77
:10C07000EE0C2AFB05E6F11FD3DB27FED0EDD6FE42
:10C08000F7DD0F09F9EF12EAEF13FBE1ECD8DCD58D
:10C09000F3FA130110E93F01E6FEFAEC625568D3AA
:10C0A0002A4450DAD0C8AACF586C7FE1AE85A909DE
:10C0B000C8BBDF8AE9E8072F218FD495B8FB18A702
:10C0C0004AD30D09E221FE0BDE501212323D027FEF
:10C0D000D6185D23FE71D24107F3EE214335451496
:10C0E000EADFDC2721F4EACCDD0034CD20B7D8EC40
:10C0F0001AAAD0391F0DEEE5C51A2DD0AB23F36B6C
:10C10000EF344DDDE86006DDF7EE1C23F9F0DE7F4D
:10C110004A0F57269DC0A3C3D6341600F304017FEF
:10C12000C3DD8EFF4DEE85841FA721FBFD5FBE772B
:10C13000011857BFE2E9FE191AEBC81C4948DB8910
:10C14000271C0F1C1DCADFE42EF11B7FF8E0A7148B
:10C1500059ECCCBDF018A448E21F050409D705FB33
:10C16000D5E140DEF8D34906E9278128F33121FFE4
:10C17000D4EF0ADF0D46DEF21CFF27F41FEDE0ECE2
:10C18000DB08DF04DCE348EE1C0B2621E4F1D62DAE
:10C19000FFFE09F51121DAF00CC0E74AF2CF49BEE3
:10C1A000FBF807EA16AB14CDF4E91C243F81E9E45F
:10C1B0003F0AD2D4E8FAE3B041252B081D7F73DF94
:10C1C000F824FE03E2BAF64C41E91340241016CAE3
:10C1D00013320DD7F517FCFD02C50AEAE304F2118C
:10C1E00009EA1E4FD2FEE71BD20C259AE9FB2C6808
:10C1F00034E041F5FD0C0527CFCC16760713F5E6A4
:10C20000E5A8B4F5CD8DEF1D81F1F50DE9EC056FD5
:10C21000D3237EE9F5EA0ADD33C31FC942DFB4E860
:10C22000AFE932C7FED8DC14480CCC33EF49EA4BF7
:10C2300017E6E012E0A823BA8116FDC83837FF3FA1
:10C240001FAEE4FCDE470D0B302111CC068EC01E64
:10C25000F826341D3ECF14FD7FB1F81018F01BA650
:10C260003942F5DC344DDBDFBEB33258D9104C3FD8
:10C27000FB0D17D7120B2024E0062005BDE40810A3
:10C2800010CFEFF7DE08EB2820037F58FB0331C106
:10C2900054BB2026E12997FCCBFD1400104D0C2245
:10C2A000271110D303DB3E43BF5F36F4D9FE007481
:10C2B0000E1B48EFF17FF4C655110004F9EB0DE6B3
:10C2C00017300CCD28F5E8D244C8F5FDE5C5F3F6E6
:10C2D000D909060608F4E605D4A0BEFB04CD12D0A9
:10C2E000183AF422D70238EBFEC9F2D0B9F3E210C3
:10C2F000010414E181EF2417EA1B0D3B04FED54035
:10C30000D42EDEE8EEAFECF0F4FAE50D23121B7F3D
:10C31000F562FC0406FCBBFFF61B163A02D6430C82
:10C320001A191C19D813330303F3340D2CF21719FF
:10C33000D3F8FAF6D709FCC7F90F221D20BE48FA38
:10C34000FF7FDDE0E900D3FEF8550DB3E2F417D22C
:10C350002DCB0E3131C814E8F7528303DF1DF3FFF4
:10C36000F5E1DF25F0462233090E24E886D90FE5F2
:10C37000A1F5F754F132DAD70D811E0C3F5C03E7CB
:10C3800030C7DE20D5F69ECCE70AAA020926DED801
:10C3900033D817C11BF0ECBF2FC449CF3CEA482C5F
:10C3A0004452E5E333CD0836CD0029AFFA0C9F04A3
:10C3B0004281A2B79E1A0E6E09AD025579090F1778
:10C3C000EDB3F459D46A3C86A966ECCD155ADD7FED
:10C3D000042310B3F524B5062DFCE23820F4F8BE92
:10C3E00005FDF7BC85C71BCF30DFF7DCBDD74A4959
:10C3F0000CEE0B301618D925810F384613DEF5F9EF
:10C40000E3CB0D162825F223EAB23AB7E6E30AE4B5
:10C410004423FECBEB4DD712CE0D17DCEB0DD733FB
:10C420004B0033F73B001352FDB7AD415C0B11AD30
:10C4300030DDD7F7F90DFA153AF8DB81F689FB22E2
:10C4400059422C0086C0193EEB110431412BAC330C
:10C45000F0323B54E70CEFF1BDF0FF0636F717E77B
:10C46000C707C7A6EFE110F217FB1D4326062ADD1A
:10C4700030DBF400E303DE2D29F42840EF47F2001F
:10C48000F5FE49CC0602D27FD44CCC6F311712A2F4
:10C490007FD9ECE3DA1AE1F5AA426BCE0AD032CAB0
:10C4A0001CF5A310DDC510D113DBCFE90D24ED2958
:10C4B000ACBDFAC8264F29077B515D961DFCE71ECF
:10C4C000D5261C46FEE01DFCFDEBFE23AC3E38D815
:10C4D000F0181529E2FB0BF82ED0608135CA56E121
:10C4E0003A13EB03F6CD0F253634B71BA6DDD4C8BF
:10C4F0002D0617FC1AD2481C3E0528F606EFD0CEB2
:10C500001A0B0F103C7FDCDF95F710FC1242DA0C9F
:10C51000040532CEFDC720D92BE42903F1DAE27FEE
:10C52000F1E50C120706CFFD3E3A2E140C02E62F61
:10C530001935AB01031D3CF11B37D424EDF2DAFEB3
:10C54000071E2ADC1FEF11ECCED82FC84EE20AB42A
:10C55000522141E6B14CA2F6E91A77E47B30C2E4FD
:10C56000FB951AB918249C052CC0EDD6179BEA49F7
:10C5700017D2B7BD58617F2447E02933F1FF26C4A5
:10C58000B266BDE1E2CFE7123EE57F793C0D51A7EF
:10C5900056F5CD48820CF415B340B268D211374E2F
:10C5A000C69930F52098E916292A2081A70B348BEB
:10C5B0000121ED4E361E12FAF63FE62905B1EED105
:10C5C0001353F7224304BAE3D11A5DE3FBD3C5F456
:10C5D000FAC05E092EF2E634090D3C36FFD4E01EA7
:10C5E000C4F91816DFC90E201A24502103143FF78E
:10C5F0001511F0651AFBE0D806E10D07154AF70D95
:10C600001C0847F97FFA1AE819F3F8E30005A5E1D9
:10C61000F1FA0E0636EFD32C020DB3180EE6C5C79D
:10C620001FEDF1DA8902007FF6CE13D21D34EA093C
:10C6300016B620068F481F40E82E0890DACF23D682
:10C64000F6EA229C028F3DF472EB0E573155DB8FD8
:10C650005825C448737F0AC1C74D0243B8EF334A17
:10C66000FC3F51B30417E0D02FE4FC02EE39B8E0F0
:10C67000DDF0ECB300630D13D33826F411DD0BEBC2
:10C68000C10021F0DD14DAE647AFEB810A0B35E992
:10C690000DDE1A3A22D2E3E68CE31DFC122DCA20ED
:10C6A00016F75424DECCD8C2C42F50E15409060E2C
:10C6B000DEE314F307EF3CB102D048ED1F23147002
:10C6C00015F214D22BEF7F4C10D1F646F1DADD2BA8
:10C6D0003C1007ECB4F0104DF44BC5F3A02071E909
:10C6E0007F2C19ED14DBC718CBEA0E1954A0CD4AE4
:10C6F00042EC69DF27CC18F683BCF12352234F6349
:10C7000021F40844A2173DF71BE319D617F11D09C0
:10C7100075CC06E8FAE281D1ADCF2735453051A47A
:10C7200012CBF3DAACFEADFEC923F917E11332DF09
:10C730002D501BE7321CBDD5F2B8FB64AC26FF5E62
:10C74000033CFF7F051F1F4FE70506BBDD07203FAA
:10C75000F113D5994205FEFFF40FF2F9E41A20C057
:10C76000F9F300D3FC06FC1BECDA0B080839E7F1FF
:10C7700008F2F11222F40C0ED40EA9E829D1F6FB2E
:10C78000F521F1FB4A087F0224EF3C4BED17ED1336
:10C79000FC48FD30C4D2FDEAEED97F0F0121D9B7A4
:10C7A00023EF51270D16CFBED1510241D801BC1B3A
:10C7B0000EDE36DB3DF9061BF74B2A0AEC36214626
:10C7C000BE09EB74B90F924FBDD27BA67FCAD3F1DD
:10C7D0004CDD4911F92CCAAF2E32E39B0850EBC84F
:10C7E00037C09FFE15EDA3CF0CB02723FF0BE1E36D
:10C7F00012EA2B29770928F75DE215F7FA0B3F813A
:10C800001BF0D001E24035E1FEFD1B17ED0407D718
:10C810001C1908FB0306F1ED08E0503231F610B6A2
:10C82000D92B09F42C4ADAE70520152616E221DF78
:10C830001C00F8C005813FD4F9024E154BA9DB2E30
:10C84000FA2405DFF50242BAC20F3FF6EF180B3E9D
:10C850000F4E1120FE00090C222F141EDBECDDE22E
:10C8600047EC7B1E1DE781B5ED61A3D6F659D438A0
:10C87000EF1AC0FDFBA4E9BA17239F1B9D19229054
:10C88000F8D7EAAF0A12194805C57F38E519E2B3AF
:10C890003445D2461118EA33C19B3BEFDB1D0D1323
:10C8A000572F40254911201DF401FD1A5A37234501
:10C8B000F473C50443F031B4C866FC05EC17F8E125
:10C8C0001603EDC7DB172010C65700D0EC111E81F0
:10C8D0003005F4F9EA17DE16EE32FE39E32910C00E
:10C8E000DF49BD149B04B3CBA83AF8CAF7D9571B4C
:10C8F0007FFFFEB6640283F7ACF3C1BEF15929286D
:10C900008B1A092235F6FB1EEF152D3DF81E11017D
:10C9100026200EF9C934DA1854520BFBF7343804C8
:10C92000EFBB477F12104FE5044843CFE90C31D3EA
:10C9300012E0E7A3E2F738FF3F14EED2F89012813D
:10C94000A831FBF82A10E740F10652DAEECA05DBFF
:10C950005631B1141B309F1D013CD6FADDF51BF892
:10C9600022DB09E216DE1D117F0EDE0916CFF8D498
:10C97000D8034227F9FA07E72B1A0DD8A114E4D3FC
:10C98000F44E0B4C4A3CCC0BE729EBAE3BF4CE0B00
:10C99000F704124AF6DE53F21E3D030F08EB15337F
:10C9A000CD0DFCA5F74EA676E2F5FBFE81AD3FBDB1
:10C9B0005D47DAEFE0245B4265BFF9DAB400E6BC1C
:10C9C000DBFCF2EE8ED0D213476548CFEC070B1399
:10C9D000D5F2FACB1BD1230CD4B6C405D581F6C44D
:10C9E00045B1CB2C2BFD16EFEADD3CF5E1FC000C4C
:10C9F000F6BB07DF6135E5CCB5FFA82DE1E9C5D071
:10CA0000FE07371BD5F7FBDF02E668171ED412EED0
:10CA100004CD0617FEFD1E0F819B3DCA065CB105C5
:10CA20000F0F2B480FC61E5FD847F023CE42EEE211
:10CA3000591304D33FBE0848C543FA1A37C311D26D
:10CA40003D00847043042656C728A020E80C811AB4
:10CA5000DF08FADB271AE3F6C60CD53A23D6B8E787
:10CA6000076403472A8B2819FBC4534BCCD62C9F51
:10CA70000D0D5428CE4435308D81FFF8EB7AE63821
:10CA8000D02B1B46B724CF386BC816FC1D1B0B32AE
:10CA9000000F0725252A0006DF423319DE21E3FFB8
:10CAA000F008300623F97FC5EEE614030FEC14E717
:10CAB0003912B0F43D08E728F0E4EB6EF40B333F95
:10CAC00004FF1D0442191A351ABDD01C3B4A120836
:10CAD000498622D2C6F2814D1E445377A15964ED96
:10CAE000F71EFA8DFE1F95F1E474DB2DFCBDFF1ED1
:10CAF000C7077F2DC8EA5302BBFD01FDF256EBDAF2
:10CB0000B31139E156DFE0E810ED151108CED9C6B2
:10CB1000D600E6F527EE0E0DF6E0FC1C30BEE0EF89
:10CB2000102D264AF6D00C270CDC7F33B1DE46B838
:10CB3000690C3C39EED1AAF2D9272E540175B0EF19
:10CB4000C71FDF8503E007E8F9FFD70C17E613FAE4
:10CB5000F327BACC2FB1F2F4D00C7F2D04F1FBF403
:10CB6000A2ED978940392A54E3193FE1D409EA0834
:10CB70000534D1C65618D2EDDB67550CAB9234D8CC
:10CB8000E90E2FFD063643EB0A047FD8AAAAF8DD8A
:10CB90006B5CD52023458E0CC45900C5293C3B1342
:10CBA000E0E609CB1E2DE92C2E27D937C9D9191E4D
:10CBB00014EFCAE130EC00ECC14C7F4304F2600595
:10CBC0003901E44B17E7BAEE07F517C8AA0DE9815A
:10CBD000D8FAF7E61B2BB533EFA906270CD18DDB6E
:10CBE000043D2B1733C4C7FEEEFA2D35A02659514C
:10CBF0001E1B222453F005B4B3DB0D9D81B8FC0D40
:10CC00003CD390FCE12900FA4637AF810338EEB5FA
:10CC10004307B7E0D507E2FE132874272DF1021F62
:10CC20001FE61A2FE0CEE1154CDBD610E68824FD76
:10CC300042E404A7CF0CD0514814F00FC51A3EF5BA
:10CC4000F404E5FBF4080C1CC9BE0708D04A31DD2A
:10CC50000481DDC0250BB59D1B5C39D8572641F8F2
:10CC6000EF1E410037D901F8E44BF00E5E754E61BE
:10CC70006CC9ED8B23C9C102999F7B2735B2411244
:10CC800007F88AD22592E37F4617B402D6B9D57E3B
:10CC900010FA22BE1CFDF164BEBCF2FDE704FF4D9C
:10CCA0002B0744F98156055DFDD46C46144109BA41
:10CCB00010B2A73ACC01A7EE2447FB02FE37F3C41B
:10CCC000170C2E2501E902CBEFD5D6E9E461096600
:10CCD000D35130FDB62B43C981D92CF301D82D1F78
:10CCE000685C593BB9F81D48CBA31703FE000150FF
:10CCF0000CFF092313E4A283FA11FBB146F4F27B83
:10CD0000D6D6FCC089441750DCFB127F011011A657
:10CD100050CCC91FC5CFB5C9C6EF56261C46231136
:10CD2000C92537F71BB60ED1FC02150B290D172F9D
:10CD3000C11CF1CE14643CD905217F01B61D1556E6
:10CD4000EA21DBE039D4290BFCFACB022600F0DE25
:10CD50001A02F907AADFDDDB16E80F112D08BE3035
:10CD6000A8ED7F0124F74AEF1DB9F8140108BEC8E9
:10CD70002003CD1A221FA8CB1A12F44E280FE1FC73
:10CD800000DC2220DD6409D9EB810D1937C7F733A8
:10CD9000B73AD7E546DB970F1C23FF08E4BF09EF3E
:10CDA0002D3DF1FB08E0C8442EF53D2DF22F0E2954
:10CDB000FD1C0AF10C21E44066F80B31DC7FD10048
:10CDC000742309AE9E1BEA0EEC34FF235003D2FEFF
:10CDD000DBB788ED7D03D482D4C0D36016E78AFF29
:10CDE000F1F53C7F0468FF0628E2E3DAE46B280CE7
:10CDF000DFDA111809F30C3A010B2B3B0EDFC6E406
:10CE0000C5F43234EDD84AE1F829DD25F9C1EDD871
:10CE100055A3E981EF192DEFC9FDD303E951DF389F
:10CE20000701FFF71FEC01C105151CF3252802FEC1
:10CE3000C8CB083D07D51E1B0202F6FDE8EA122406
:10CE4000EB14EDE00681E71AFA1ED5D2EDFC7F1255
:10CE5000E3DECC0D502E0615AB2A4F02F7D351233B
:10CE600076FA4CCB0C0334E5F8A7FAFAD9D030A9FE
:10CE7000B22D23F73706C71BC24C4155191BF5C706
:10CE8000EABCB2513C8DE13CAF2AF5FD0CC4CA505E
:10CE90001C10CA165F47ED6DEC481CEE0D7F4BCDA4
:10CEA00028CE2916FCB5BA3FE92535112BF0DB0C4D
:10CEB000E1DDD1E9C9BC10DEF6D802C721E8F726CA
:10CEC000D609C17B4728CE0BABD451FE12302213BA
:10CED0007F0E1620330BE0B8E2CC68C0161A0E7530
:10CEE000E6ED633A1E93E8AEFFE4A830DFCB4D6772
:10CEF0006519301E78B102819B2E1AE411430FE1AF
:10CF0000D50D4F1DE7E916B8E4D3151321D11AC08A
:10CF1000E5443550D5D7223D1C314C55F20615DC81
:10CF2000F9281E137F069B2FCC2DF341F91CE80531
:10CF300024FF08FB1CED32A604F14C58ECFB264EF6
:10CF4000491B506C67BFF32BF8F8ED3CE67B60F4AF
:10CF50000DFDF2A9D604F30E13D2C91C74A1B47F3F
:10CF60009DF90108FC5360E4EA4B0C22E058A375DC
:10CF70001F79147FF94CFA72F4083BFD2835F0EC68
:10CF800074FCF7D4B2EBF117B72CF61DA31EDD52DB
:10CF900082223A0EC85B1338FCFB5D8E45D4E60551
:10CFA000EC32000CB6F1FCE3EAFB2467ECB44ABDBA
:10CFB000E02BC7FB7F1D1EE6610E2ADFF4AFE621E2
:10CFC000F90E43D6E3F2F3E52D47EF511BD33806B4
:10CFD00021F8C0C9FFF0BE9F2A0B52F513BE1007FF
:10CFE0007C04067F3FD21FF745A336F4601CFD3D4D
:10CFF0000DC31C681D002FF4B40919F8F24A19D5A5
:10D0000081143083FA14D1C5D716081A35BA0E190F
:10D0100025F7F3C2161B04EA00EFCA9DF2E60606E6
:10D020002C0107EA10F0C21CD742E0F1E10C4CEBF6
:10D03000F61712DAB21239142E29F953221B33AF24
:10D04000103AE8811318C66A3C0ABD0ED7F9ABC77F
:10D050005846552951321049F75ACEDBDA63E32B93
:10D0600024D9FED09481F2D5270A7069BCE7FE046A
:10D07000E90BC9D101E03A03DC0FE24205EB0727D7
:10D08000D5E6F1BF162B54DC4D08FB1FE018DFE698
:10D09000D02517E5EB12F5D4C0F705323DF5EE12B9
:10D0A000263CB3BE07470D18CBA24B2D0ACF3F0835
:10D0B00044075B81E51AD752F7D322FEF001B794FB
:10D0C0004A27D625E4C5EC461394DBE5FB12EB1C9E
:10D0D000D03F4D903C7F44B7081917E0CB16E520B0
:10D0E000FC245C3B3F113D4C481AD0E6445D185689
:10D0F0003104D99C04C7E6E6D7DA24C402ADF6DCD5
:10D10000D7CB0AF2F4DB392A7FDFDCD3D4BCCF30B3
:10D1100010971304F1D78FE70DED2B48605E4A4C52
:10D12000F11B02CBA0A28A03C939EE41ECC836D16B
:10D130001C15E408F801F0052FE012A8C6DCE3583E
:10D14000814AF310AB01F05C072DA903FB08C3C7AC
:10D15000D410DCB91BFD0EE60AFB15D6FF122945DB
:10D16000EDF3200921F2D1D93521D11A241EC9D8D5
:10D17000FB160FF7397F20C0500919CE1C0EF16E37
:10D180000D0FF381094FD6F0C4F89EC6F71C3F057A
:10D1900010E9E4DAD0BD3DB6D8F4200D4EB509E56E
:10D1A000BFCD0FB3DC14DF17B5AA32AC187D8A747B
:10D1B000DD4FC936BDFEF40F81D202574FFDE1BAF3
:10D1C00079B94045CFFDD09EC9E2573ECE5FEA3ADD
:10D1D00019F7203F0618248CBE1BCF40EE192BAD4B
:10D1E000461615B71CE3DC81D415A4EEF017F99AA6
:10D1F00066003BC111E91ECCD232C3AEDE1BE98F03
:10D20000DAF71C88F2B5C3F1080B09C33034B94909
:10D21000CD03EFEF6D53F20BF1207FF1C1F3299EA7
:10D22000C420924767A9AFFAA42DCE1505E2EB40C2
:10D23000B2016B6D969B3E26B5EF96BF11631A3D0A
:10D240002B0535A881C9A19AC7510337F73549C8BD
:10D25000479C1871C0091C61F9F14B232F33B4BAF4
:10D260001DC30713D92ABC562B7FCA2A5C37AD3C95
:10D270002004023B28099758AD795815FE14F1BCDB
:10D280003F14C7FBFA293E46F8DB382F76D27414D8
:10D290005016CB1249C2CC3BDE071B0FD414F6FB51
:10D2A0002747F20CB5D8223409AD1C13C71421FF4F
:10D2B00000170D03B3AFCCF80713093AC1EAEE2B00
:10D2C0009528FB810C19EA9BFABFEFE0F631E509DE
:10D2D000C9FA2D1F0DFFD4F202BC2C7F1ED7E1F935
:10D2E00003EB1B11114EE3DEB7D82A1D0BEAF7FB47
:10D2F000EBF10F13F2F1DDEAD71600F951EFDAF88E
:10D30000B71806CBCE54A0FC067F44BDBCE4170181
:10D3100009D9F0E03AD7B3DCF5E2E2BBE7FCEA0C6E
:10D32000EFF91D0BE9C01327E808DDDC346536D1C1
:10D33000E1D198BE51FC9DBC1ED7358ED4CAD923ED
:10D34000C131EC0E0300AF4B8AFCF003CF13420156
:10D35000C959DB4A5ED47F01590831815F1AF6BA98
:10D36000EE0B1787D09FC0155011C90B002F36DF69
:10D37000DEF9CA62D734DEB6AAEE62F20F37E501F3
:10D3800057EA833898D1F5CEBB25B3F600F3F5FD07
:10D39000020B49DCB2634967DE0ABA02816091F888
:10D3A0001208D13D1D22E4E0C4C5139FE40610E736
:10D3B00014D727E7C4E3D9FAD9543047F228350106
:10D3C000FFD703D0EB8F39C035DF4281D509F65A3C
:10D3D0006F0AEDB34913E237141CB6F1EC7A45320B
:10D3E000C1C118DFE2D7F44FEF0500CCC6EDE8323B
:10D3F000E818EA3521DF380EE27F29E4031E31FB0D
:10D4000024E4FEE1DFE91FE80204D7DA26DA02E0CD
:10D4100066FE03FF2A07EE013FD13A12EBE815F64C
:10D42000E93D3A7F5203F1BB32FBEFFF0E15212499
:10D4300002D81914D733E207FACAE4ED39DEDCB9B1
:10D44000000E0A15D201BDF108CEF02AFDF8F02336
:10D45000FAF84CE825DA0DDB3828C21215F9F71472
:10D46000FDE030DE7FBDEC49DF15DB100DE8FC1080
:10D47000F6A1020D03DAE1ADF1EDB515FDD801E13C
:10D480000CA57CD8C72142FD27EDDA6A0B03195899
:10D490000F1517E0270AF4E89709FD861D0B448154
:10D4A0000911D058DF0B085E0A41F4DA2BFD303A3F
:10D4B000E934DAF93AF60DA7FCAEF40210101521A2
:10D4C000F90C330781B7DCDDEEAB41590F34BDEA0F
:10D4D000F5291229400CDB070B25CB22E8EEB11011
:10D4E0001D1CE542DBACFDBF3007536125F3FEBCDC
:10D4F00096DB23E7FA354DCA16FBD2D5E2EB262D93
:10D500002743F1C5F017277F2309D2D909DA810C07
:10D510003A35B965E2C4DA47C52533F500D03A7427
:10D52000603A11ED121D57FD0179423254365149CE
:10D530000028FF0D0EFB3B1281AADB07F26805599C
:10D540001027FC0CD02FF5E5EBE3012748362FDF41
:10D5500045C1FC3EB10ED8F5FFE34D3DCA04FFF9CD
:10D56000181F38A7F7F3E44025EBE9DAFAEA3C02A2
:10D57000AE7FDDCAD126C9BB045538FD090527F7A2
:10D580002EB1FA453E2301410E45C138A8C3461BC2
:10D590002FEF17C254D7FB26EA1B1BDA5B3EC541AF
:10D5A000FA63235DC3C6C6D08BCDFB19DABE44FF38
:10D5B00013E70219C0D4F204E53D104351D4094CDD
:10D5C00095B4E7EB81FDA4CD7F141C271EE1E5EEA9
:10D5D000F72B0D4B0C0DE2CC3A11CF25D7F3F2DC33
:10D5E00023ECF4251C5CF0F1FB11103009E5F9F394
:10D5F0005B37FC99F312E236511AFEC423CED2D324
:10D60000E131058926AD0AF5512C7F0DB80339CDDE
:10D61000F52BA3C321F2EC1C304625EA9CE83A0A1C
:10D620000C1C0D9F33E6D445FBBB7F29D011F3467C
:10D63000C13D1C1CE811E193F6E842C54E022311DE
:10D640000B38D11907A7370DE52338101DB2F43375
:10D65000EDEE0ADF1CF54BFC4B26EA2614B4F67FF0
:10D66000E134018EFA27094732DB262FE340D4D874
:10D6700003D0ED23A0B70ADDBF2437FDD214D5F1C6
:10D68000F63621C72B0A11A63620DAF6E2C6F6ECEA
:10D6900040541CFC2012E3F3392D1DFF1510E5DA70
:10D6A0001BA65F0320211B3181E44509FA51BC53BD
:10D6B0003A240147FDA31CC629141DE30B3AE47F5D
:10D6C000E64A7017FF3FC0D7D9F6DFE501072DEC1A
:10D6D0001EF41CF90BFF33E3ED0702F329FF3013AF
:10D6E000DED4DA22EA03F4DA004954432A49F16924
:10D6F00091FD1605A2D1C9062EFF810DF0E9CCBF20
:10D70000EED1E3EE673D29D9D9EFF7E33BF43AB226
:10D71000865919DF6CFBEDBC41E91909205DE03247
:10D7200038D2EFFE2258A5FF26DF18C4BDC7187FE8
:10D73000D723E609145B2BC117E44FF92312B8CFA6
:10D74000CBB5E45DC1527DF317033120F1390F7F72
:10D75000F30EBF23FAD1DFC31DC30D422F263409B8
:10D76000FAE9E53C0A28F5022820CB21E9CF04E5B7
:10D77000F522EF9EFD04F61028E228282511E2E6A6
:10D780002BDE591744EE08350F19EC23322901E43A
:10D7900017F508FED7022D0220F37FEDC7FB12FA22
:10D7A000040019E23518DB31537F09DACBA4D1AA82
:10D7B000A5E3FE4AD8C74A0E1F04F905ED3EF2C3A1
:10D7C0000805DE1E090AE4E5DA164BFB3713FB1CDD
:10D7D000C2FFF62807F744EA0C17D505C00F178DCE
:10D7E0000F00DCE3DA11F724EBF64D10E932C7DE67
:10D7F000F30CD2D5EB38F9EFD706CBF1D9ECFDF429
:10D80000FF3CF9F7FAFCEA7F1D2E57090653124335
:10D81000B0C82FDD013EDFFCD5F3E32B277FE909FC
:10D8200033F6F8E9A4D907C4E514394F0EBD060D47
:10D83000D0DFFBFE2F3CFEE954AA064BFE3A2DB684
:10D8400014DDF215DEDDF749490F3CC9073BE6263A
:10D850001926EADA04C03013DC7FBBAEF0EB01F826
:10D86000C0C4EC12DADCE10D6302FE2025433D2248
:10D870008DB55EC3C6E6A820B912B6D330FFCA6123
:10D8800018B4F316E87F4FDD058905BA390468C47A
:10D89000D3B2C50FF698BF5E19EE46C5D6F6E28143
:10D8A0001210DED719E8C905D8F518F9FFD81314F6
:10D8B000D9BFC3ECD80220D0D5AE30D5DC113B00A7
:10D8C00028180EE5234BED25D398FFE344F0F82FFD
:10D8D000FF3BBD01031DD70908CB2AD0E52E58F820
:10D8E0008D09D411EFCFAE58C4D5F3DC81F12619E0
:10D8F000AF34F763652C06795745E4F6FA3A107FA2
:10D9000034D5079D372EF7B4FADC36F2C8E7424A21
:10D910008A43E08DAC2071F6E9C6462DF2F00D0A7F
:10D920001A4E6DEF223D34153807F9233831294757
:10D93000C1E719EFD9D9FF341F30C01D14F1DAF354
:10D9400017E103327FDCE9FF27BBE1CEE6D91A09F4
:10D95000F8CEEEFBECC7D81885FB613403E7B817A7
:10D96000192C1B3A3E063EE522F34622957FF2D45F
:10D970006BF8E12E07F732E399E2E4E916EC00CE0A
:10D98000162E3208F01A0D310EC6E9F742F41726AA
:10D99000FD00F7B427FDD3422C524C02F5A1E0FE66
:10D9A0003D3A9933C4F37F15EAFD3233C13506FDA4
:10D9B000AB19C3D9F0A8114500DC453515E4BC29E5
:10D9C000A50D1F3EA0E16B3D2BEE0642574005F032
:10D9D000034AAC29F47F041A0113F24A10E5106ED1
:10D9E0001F19F7E8F82E920DE54977E34773F40C19
:10D9F000EC2C1C0CFF0CA01D1932E703E5F8E22704
:10DA0000FDA90FFE14275BBC132EFA147FBFFCFE8A
:10DA1000F82DE53006F204E5C2AB321C1DE0E62528
:10DA200020EDB9F41E1844270A0A50CACCDD16D9D5
:10DA3000E7D61A070547B536E7053C2543BB9514DD
:10DA400046DEEF81F60B0B0AAC036EEF0D91C8F5C5
:10DA500005D9C3BD41FC4B0BD6017FFC11FDCF4462
:10DA6000E0E6DE586501CE2F112AFC4684FDCD5F2D
:10DA7000C1EEFDD30C990EFB0C033B38FAF841EDD7
:10DA8000DF1E01E42500120A2A7F5D0814C97B1CF1
:10DA9000F7D4FA0C160261EFF42E27F01714084899
:10DAA000F0010920122EC2C909322C05E125331BD1
:10DAB0001B0A352809BCD51BD40E230DE728D03B03
:10DAC000D943E623D80034F267FF0DEBD421FE6181
:10DAD00019F5EBD37F0A33283ECE300E02540AEDFF
:10DAE0001119DBE42F161CE8CE43E3F011104AFCB9
:10DAF000F07F5147FB2DD3299D0C1ADAA7DFCC29E3
:10DB000000460E23E2172349361AE7BC04EDF6DB84
:10DB1000EBE18D12CDD110AB1D041EF7FF3A0E487C
:10DB20005A2FBC562F7F37FDD2001A1CC70AC0E7F8
:10DB300097212F1B0D1607B7CD22EC03CB2D200B01
:10DB4000EC1A1BC4EFE90F207FD71C33DAB829E6A3
:10DB500029C2B92E02FAA9230E00ECCBD0FBDD0EB0
:10DB6000FE0A1CF4CA03DBE8BE2921F1FF5EFC7645
:10DB7000C7FD21D5F03306EF0B1BB6CD1CFCDA48F0
:10DB800023F3F1F43606DD08520A20C532810C1069
:10DB9000010504FF37FD17A37FE4D53139430104A4
:10DBA000EAFDF232DFBFE6162D18CE273BC5252051
:10DBB0000BFA180BBFDA2EF0E86E36DD29E2ED48DD
:10DBC000BA19E00D102C26FFF0EA1FC12DF1DE1866
:10DBD000FE1DE9162E04110FFDB543F6092813A901
:10DBE0000FFB10FF2EF426E1E6DC1F36F006B8FB33
:10DBF000203B0241337F222AF52F171713015F24A0
:10DC00001A68E4E215E2391BA5D2A3CB793517D403
:10DC10006C117FE2432A01DBAD9214F4E0412353FF
:10DC200042E2BFCAD2F9E7AE14EB152E8936F0F7FF
:10DC3000D44F6981E3AED7D0CA31DE1BFA260B2858
:10DC4000F50548A946C8FC0AAEDAE2E017B9F419AE
:10DC5000BA01DFF0B493B235F6FF1E16F0130108D7
:10DC6000EBFEF0B88110F533F7E84C29DE1533EE02
:10DC7000F124014D3357F1D3C5FF263AC1EE4DDEF5
:10DC8000D929CFE8FFE4C712B4D4AE1D1ED54EDDAE
:10DC900007E93AD7B6E7124F15122E1918FFFE04FE
:10DCA00007F5E909F6F7CE1AD2CB1DEDD05210F0E8
:10DCB000342F7FF7F9A80933C9CD03FA28F86CBAD5
:10DCC000BB421BC80DE30F261ABEEA6753D3E4011B
:10DCD000103F06DF27DD967D05088104A20E3A3F3E
:10DCE000E5132AFD1FDCF2FD25F4F5EB0520E84ED7
:10DCF0001BFCF5B81410FAE212D07F2005D711DB17
:10DD000046EA2431112CDCCF13110BBD4305261438
:10DD10001CB90B260C5E0245DB02DC1CCB06FB3873
:10DD2000347FEF3F13E6042F6CBE0B12D22CD3E2EC
:10DD3000200C0CE148F3D0F3B9F9F72BFD36C42CD5
:10DD4000C82CE3ACFC7742D4E4202BC3FF29121E7D
:10DD50001A2E4724647FE7103C52010951D0163037
:10DD6000DEEFD938CDEE1009CE1A6A282EEE080F54
:10DD7000002BFFEB06F90B04EAE41B0EBC0719812C
:10DD8000E93903F7F5DD0E0CDFDF4FFF480CEBD967
:10DD9000FC08001BE137000512FA2C0A290B32FFA0
:10DDA00005AE0EAD4DEDD40DFCF6222A0BB70FB427
:10DDB0005DDD59F1FCF27FF80A285327F3FD201DA1
:10DDC000E532CC1602CD30DC18DEBE26E6645428DF
:10DDD00042EF0AFBC953E3FCC302D184E7D80A2D02
:10DDE0000EC9C303171A290A2CFDF821FCEF0DED0B
:10DDF000F5C50E4E2607E8D9F19D1264DE522614B1
:10DE00007F36FD053EECECE4F3E1CBCC5DC06F2347
:10DE10004FFEEE21E0E94A2AEBB7F20BC8082E22AA
:10DE200014D9DC05EFC993CE81F925DE59D3D5117C
:10DE3000374C1ABC1EA641EB180CE5F21937F9470E
:10DE4000FBF24812A73457471E1A158F6E11AF66A2
:10DE50007849FD46810C12E2D10B0FFCBEF1363140
:10DE600002A24D4DD5DEEC612075DF1126BB07F116
:10DE7000E337EF5634A0A3CDE67FBFE1275574D337
:10DE800039C84326DF24D704EC13A0E926D6D6DD13
:10DE900019AA48E97A0D104FB929EDFEE51EBF44D5
:10DEA0002A2830AD44B77DCF150E4E1013E93B1A2A
:10DEB000AF197F13F4C9C011D8D90A223A311231EF
:10DEC000E71234EAEB34ECF242EBFDF4E93DE21404
:10DED000E70DEE0E45E4CCA800527FFBD9FD1105FD
:10DEE000D91D24331CF5DC042652F541EB16EF094D
:10DEF000F5D8E21B541CFD24EBF8C030284C0C1C58
:10DF0000F1D2DEF1110147BAAD9550DC00812DED63
:10DF1000044EF0527900B4FCFCDAF623670AB533FC
:10DF20009AE80232EB2E56F1C60938F23407CC6A71
:10DF3000EBF3BF08BA64D624B5C9340D35D73EB962
:10DF400063BBF75AE7F7ACF30631390A207F21E8C3
:10DF5000F7EB1312011E200611064D172A7F710FD1
:10DF60001C09FA0FC2E9A30E08991CD1EF15DAC8F3
:10DF700000FDEE51D4EED8F1FC3A35FEB7E1FCC419
:10DF8000E0D408F4E51109EFE9EE0AEE5EF51F7F33
:10DF9000E0D5E0C391341A4AEB03E976F01625DEAA
:10DFA00029F4EF33E4E2D7EBC0DC52FCDD27FA289A
:10DFB000C70F2F0819A103F12CF62607537F2A213A
:10DFC00078ED2478A452FB273FEBD5230011CDFC3C
:10DFD0003DB23F5B011528E5B9C1FFE9692CD4BE0C
:10DFE000F9FC982518304008FB1F5F4931F72030B5
:10DFF000D5CE7FD42501B02A514A31CD171A015010
:10E00000001EBBA0E1D75E06D863A9DAA32FED1BE3
:10E01000322811EA4B15214FF2E2052B17F6A9CD54
:10E02000F7D9CA11BFA6D224E54981B6EFE30DCFD7
:10E0300022162240260C3BCBE752E250F2B835D8EC
:10E040003F023A5857BE81B715247F121930D61AAD
:10E05000CDEA7600173BE826D30CCC3820441002DA
:10E060003B13F4EE44E51905251717DA350EE404E1
:10E07000B5F01520CBEB26005E0646810938E7D7C0
:10E08000CEE0F9AC2DEDFCF2F6B9D5F10FB62F13B9
:10E09000408C0B3B14E958E7F6D729D623E32BDA5B
:10E0A000F0C5D1F8280824417F1BEEEDF4BBEA301F
:10E0B000F4E22728DBD9E20B192F0F289BEEF9CACF
:10E0C0004DEFD5385B607ECDC9FAFAC61C0D5217EC
:10E0D000E8DF0BFEBDCA71D44A574BED482F7F25B0
:10E0E000FAD0A3DAD52F2523D8E823380727FCACAC
:10E0F000BBE11328CF2E4E0FC6D3D8ADED0CDE11E9
:10E10000EEF731DC1FC7FDCB20B64B0E03F50C201C
:10E11000E92600191F2F1A2C0B18BA1DF2EC3A1B16
:10E12000D8731AEDCCD7DCC3E8FE397F21C2C8A270
:10E13000B846D9EAE9DECC9174FEFF1CC635129CC4
:10E14000EE6A45A607ACF720EC0E3014E260AF2271
:10E15000C1469CA5260C2113BBD49ED5D390EF07B6
:10E16000A11DDCFC05D7AF7F46C912F9E72DCAE631
:10E17000E20935050EB03EFB19F228DDF4BB7FF550
:10E18000DFC9070BC1F7BAEE2A29D5DDF512081F42
:10E19000B90DEBE6B003BBED22FDE814E14701A2A7
:10E1A0007F160C0D0AF3DDBA522822DAFA161CFE8D
:10E1B0000FE72EF5DCC9B205D2F902FFF93817C313
:10E1C0000FE4EDE9D5DB19283DCD3CE7DDE8D527A7
:10E1D000014820F41266A61A0B453E2E1C26FF1697
:10E1E000FD1FFA0996F2DBCDAC24EA7E49EDD1C0E1
:10E1F000F625BEFCFCDFCF8181C285A72CB09BAB8E
:10E2000093E959DD937F92E435EA384E3E76537FA9
:10E210002A00251445226C727F050911ECEDEFE709
:10E22000ECDBF781EF3028380C811722F1210B0B42
:10E230000BE67FEAFB02F6AD92B181C6A3EE07D8EA
:10E2400013DE1C1C211173707FD381C5253F2F0B5A
:10E250000507FABC039FE89CAC8188A7B797EF7FBE
:10E26000110F2DF8131A16947F82DD2FDFB210AB39
:10E27000A749A79381A21896126F9A7F1EA825C559
:10E280007FCDB62FB9D83ED0304A34F781EDDBFFD1
:10E29000E28194A9D1BDE1AAAFCCFB1DF5015C01DF
:10E2A000F481E5297F2FE890D1FDB2FB00ED05B6A2
:10E2B00081A7B884D3570E610A81FDF2EEFAF90EF8
:10E2C000F610CD18FD7F0FF90FF872AE7FE6DADF9A
:10E2D00005FD0941814614ED0D9D8197E530E8D893
:10E2E00000E1BBE2B1447F3CDDF3F0E8EEEA969159
:10E2F000810B95EFDBFBDF207F512B2327F8F3F118
:10E30000F481E7405551B281B9E503D2C0A5BE679B
:10E31000286FEA81E1F6E70F0BEBF56F187F662BAC
:10E320005CDE57842A34BBD87F8ACBEDC77C8E7FD6
:10E3300000CBF7F381EADD99E9FDD80663507FA8A9
:10E34000B683EDD1EC9C9381C1DCB5E81DE6B1B498
:10E350009FC8B8A3BA8198EBECE0EAA2D64B7F7ACB
:10E360007F5C7CB8BBA5A5BF8E333840564166594B
:10E370007F67C896CE98FF8BC981C2EEF3F3B8B51C
:10E38000B7B481CAD9FBDAFBA80C75ED7FFF2EF973
:10E39000267F263D5F483D7F445918670A0EF9F1F4
:10E3A000ABD6B43DAAB881A91FF70C9A8192EDD3E0
:10E3B000DA3A0637797F7B30581D6D6F7F0B071D6A
:10E3C0003B2851118E0DB581ABF185CABDC4B08D0E
:10E3D000C181B9E7845E7B7FEDE5F5E804EA0B4A8D
:10E3E00006427F531B1F0EF9B4F519810C1F6831CB
:10E3F000409D1981BA85D3BBABFB81FF151F232C30
:10E40000483E87A4869AFE868B818C1E2E16470175
:10E41000697F4B76EDDDDD73F77FCFEABE81AB8B95
:10E42000D4BAD2FC02F0F9E40F96B881E9B6DB0069
:10E4300019F4E9DBEE167F25E61EF50AED0E5350C2
:10E440007FFFFBEC257F453C373FDEC8DBB3A78170
:10E45000050902FF19E9E4C2F6785D7F9EAF81A449
:10E460009890563D71133C03214C14D181D1B5884D
:10E47000ACC8ACB5B681B8746F7FF9B60DDDDECB34
:10E4800004090348814B23E828F4F5FBDBBFD3DA0A
:10E490007FE33C7F50DFDDDA0110F6EACDD7ADA691
:10E4A00081DD98CC14080F14811C78FE75E881E991
:10E4B000A9998991A49D9CB681F46CF6D5FEDDE204
:10E4C000BCE09EC29ECD81BBFEE503D1B37FECE0F4
:10E4D0002824E214F0C0F0427F4EA4DCC8BE25D14F
:10E4E00095B681E90CE8E9B8DF667F70667F7FBE8C
:10E4F000B3CFB791BD78597F34064D26303119A47A
:10E50000E281AD8DFCB3D61CBD04466963397F62E0
:10E51000E181CDA4C2A7A0CFAC11E2F3A38195BA4B
:10E52000D7BFF90AFEFB2BFBF381EEDF8ECDC8814E
:10E53000A7E39AC4F83CF03C7F3A0F2C0A057F15FC
:10E54000DF8CC7FCE5F5617F6811B935E8EEF5EFC2
:10E55000D5F3B981B6F7D0EBC8FCD2D98ACA6159D4
:10E560007FB2331C973D5D817C39D59FB4B6E6916F
:10E57000765B7FA5B1CB951781B381A9F30AEEE64F
:10E580001CEB2E7F51C6E0EBAF22AA86818BF4D222
:10E5900019D1A67FD9E929C8B0CDFFABE01B810B0B
:10E5A000367F3E22091DF1EDF509BD075181600955
:10E5B000D6030F0D0F427F4F1F292A819F8BAAB0D0
:10E5C00093EBB2C69A9398A0AE874D7F5D3C7F4B8C
:10E5D00015C01F260D0330F1257F057B96A4A0F5FD
:10E5E000AADC9FB681C8ADB72B392B587F63EE0CE0
:10E5F000FE8182A6BFB0A6E201D2EBD0F5078BF474
:10E60000437F57EA59EEEC89DC3B7F6AE4F1ED8BFE
:10E6100094810DD90ACD0D1237573773307F52715F
:10E62000631822FF91A081F7EB0687A78103FCE422
:10E63000E381DACA44C909390F01ED07C181B61473
:10E64000D510F553F6904381E925E2C6D7C3A65C01
:10E650008131C918444258FB81F312E51108ED10CD
:10E6600070816D0AE507D081B6281F32FD0BFA8153
:10E670009B93ACD58EC806D6A4CF9BBA99837F7DD9
:10E680007B048EE65F4956317F3F13A701EE81F68A
:10E69000346745EE3B036B227F133D13EDE832C038
:10E6A000917FD8EB3A004D17142410D181B897818F
:10E6B000B692FBA3B78CABE9E3E3A4B481B8A3A5FE
:10E6C000457B5B565C7FB2858314CF10F081F37677
:10E6D0003376E5DB22A4C77FECDF3D47CD3E2C81BE
:10E6E0002D2A032DD3E9B4AC819AD5ECDD007F0B44
:10E6F0000DC70117081707D407AE11C5BB7FD0E1BE
:10E70000E8DDE9E1DD65397FE1AAE1CB46CB1A7F9F
:10E710003AD781D507400D12241E0D0005DC81DE9D
:10E720004C745EE62CDB377D403D7F57E2B3AD8114
:10E73000B982EEC5E1A0819D2E041E1097F5C82474
:10E74000C1A07981BDDEC0B80FAEA17F94CAECD55F
:10E750002CF52051146D047F1CED2CEDFB0B004CAF
:10E760007F63030DF863607F1D36240C1BF8705423
:10E770007F25271B297F49E28AB3E0D8F1F881F190
:10E78000035F080FF20A417F5A06C9F703D6F3E781
:10E790001CF87B5D7F0AFEF45CEA583681384D0335
:10E7A0006404F50F1F816108E113D9B1DBD18189C0
:10E7B000C49AA5F3DFE3CE81C8F5C1F3CBFCD675CF
:10E7C0009E7F05CEF5FFF2FFF9CEF7FC7F135A6C62
:10E7D0006FC581B8F6CECF527F704FE145F5F70B8C
:10E7E000CB97B9A1DA81C4CE9258B76C7EBC7F2397
:10E7F0006544063F07033403FA81F999868183D47F
:10E8000095898C95E1A0D6F1FA05217F36C781BAAA
:10E810005054553A6156327F3B15F61F0F1F0CB40A
:10E8200010868D8188AAB0B30DCD10AD8195C3D06F
:10E83000CE12EDFA6AFB811701E4FECC009EA581A1
:10E84000D0B7DB09E8047F9EE12FD7F4707A7FBA56
:10E85000BCA9BDE8B7217F2DFBB4EAFED3F7EB815D
:10E86000E8CA90C0F9BEF7E47FF8E1FEE21454175D
:10E87000360C254B786B497F453B894848815107C9
:10E88000BF0DEEB8DAF1DBF03A7F4D2D15813B1567
:10E89000820ED71B15FAE27BF48118ECFBE7E0E768
:10E8A000F3BEDC737F7FE1D1E243517F1C252D9DB8
:10E8B000FB4B9BD67F1FF7F7C7DA11EE0AD50B305B
:10E8C0000DD02D170809EDE0E1E50F400BF7EED66E
:10E8D000CB32101C0202EDEFBB00D2E3340FCA0AA8
:10E8E0001D1B7F1246BBE6F0E4C80DEAE2D00BF434
:10E8F000D71A16BCA3CEFE23EAD73E36184724C249
:10E90000D0FE2AD745032F57F1E6E5F0CDD1E52B10
:10E9100000173D3405E6CC05E8F710E609DD1BE6F7
:10E9200024DBFDD1EDD8E1F3D81CFFDFDA0510F1CF
:10E9300011FCB74DC31A2A001DEFFC19F703D7C607
:10E94000D939EFE6FDF50A170CEBC42F141218297C
:10E950000908D316293C209FFC1A02CEDC1005F8CA
:10E96000EEF146E7101313EDDEDB06E7F917E102DF
:10E97000E9181406F4FDBA08810C5CCA03E8D0EB70
:10E98000D10EECECF00FCD2BE904A0FDE8EAEEEFA0
:10E990001382184246206571C700F701EB1FAFB71D
:10E9A000EAD13803F6E3CCFEEA25FB4D29CD036519
:10E9B00095E2CE441711E7181E0A31AE13B9FB4099
:10E9C000F806DBF8EE0C1030E8BCF22E04EFDB00AA
:10E9D0001EE6181547523BE32D57FBDA1223EED201
:10E9E0003EB837E14B07DD52D3CD0E721825DFD488
:10E9F000EDFB3417E108B3082CF4FD0DEFFF3704ED
:10EA0000EF79D53C0405EA00D010FF2F34042EDE48
:10EA1000F9FDD90A01BD41D0F65115AFEED7F72E59
:10EA200021023C133A51EFBBE8F002E9F03128F043
:10EA3000EC31E3281249FE02E80AE9D5022D09EB80
:10EA40000F2012F1EE01FF1D22DA130FD2ABF910E5
:10EA500003DF2D12DBDCFEEFE6000DF4F025EB12F8
:10EA6000D6181CE4E9F24A1CFEF4113DE50835E332
:10EA7000F9F4EBE4D0DFE8FEF2F232D7F628220513
:10EA80000613D106C90BDA4FA0F9EC070DC60E0B21
:10EA9000EBD3EDD09A1C11ECE6D9160BE9FE021768
:10EAA000E1CA4429F1DE2D14BD0EF6EA061CE61774
:10EAB0000ADB0F16D5090E01D3141F8108231EC0CF
:10EAC0002101012B12F808221E0C0ADF9510D0AE8E
:10EAD0000209ED1304D8013029D710C7E616FEFB52
:10EAE000023AE3111613CF07F5BE9DC50F271AFA98
:10EAF00006FC0AF2E61FD4F34E3EE0EEC20827CE33
:10EB000015EC296DE6E2C3EEDB27B824CE18F8F148
:10EB1000FFCBF3DFF39E08C44700C8E3F701CCDA6C
:10EB2000CD1F43111155FFC944D7E0EEF80B182053
:10EB3000F024FD140E00BEEEF8EAFCE009EA4231D2
:10EB4000011FD72CDA2231E3C0E2E7D9EBC043053D
:10EB5000F82AEE0D81DFEC07FA3D09AFF535E9E162
:10EB6000E4181C4201FB6C0C0A37DE09FFF840EA8E
:10EB7000D2D65303FCCBB2F8AAB825D73FEC961CEB
:10EB80001EEB0F191618F3CDF0F936E5BAF6DA26B2
:10EB9000E302FBC0DACCF8D439DEDFF01AF430FB44
:10EBA00015C355E4340A3931D6D4D1E5DF2D241705
:10EBB000AA006347E3EDAD20123E21DF19DA142BE2
:10EBC000DEEEEBE719F1490DFC07D908D91315F86A
:10EBD000D8FE39E70981DEFCF0001214FF1DD722B0
:10EBE000299C200396BFF7DD27F63B493BC7DBCDC9
:10EBF0002833D60CBC03EAE201FD2631DA1C54E1CD
:10EC0000D7C2FA07FBDFFC30094007D71BB003A6C9
:10EC100002E9EFEB152006E1E6F1BC150CF1382115
:10EC2000F2F9E3F90A0BCA32BEDF141F0A54DDEB16
:10EC30000CD9F408DEFAD832FDB90AC706D81BF49D
:10EC400001D7EAFAF80702D70A1028C7EED8090A4E
:10EC5000110BF5E41AF0ECA1C6033AC0CED8DDEEF4
:10EC6000E6F8C5D8D30DF6D14BF1F613E3EFFB145C
:10EC700020E31A0F16E9EA01265CCBF24C0A048164
:10EC80002EFE02345643FF5E54B8F7F2B12EE3B5C0
:10EC9000F2EE36FDBDCF191FD30003FDDCFF43EEBE
:10ECA000F2E92B2E0DCFB117DEAC06E31A53E029A3
:10ECB000EEDA1EE2CF47FC25ECEAEF34A332CF05B3
:10ECC000D7181DC0F914F0020DDED195C41D2431F2
:10ECD00007DDEA2ED631B7D4F70DD8E542B822F6D3
:10ECE000441B00E3D6F21AB90823F8F4E2DBE0CFC4
:10ECF000F82A2C6101F50ED6C9E9B30212DC0EE147
:10ED0000C2D4024FEA1FD9F3D3B5DCF1F108165093
:10ED1000A59DF2070FFF07E13CF0E34FF5255F01EA
:10ED2000FDF802E5ECF12221CFF3E410DEC2E3E7C7
:10ED30002CE5F018F201E3170118220FF3B745D1C3
:10ED4000FFDA1A0C4CE03977E32436F7BC3611D2DF
:10ED5000FFEFF4D57435975B6300BF1436FE1241A4
:10ED60001916F02A12FAE2462775D2EE23EEC5CD27
:10ED7000181D55350145F6EFE0E83F1957D90B1F2F
:10ED800041512D7252F4F3170E03C636E55B040DA4
:10ED9000DF032D3210F0EB453534E1131720F61266
:10EDA000F8F233D6CEC0E71E2FF7B92658FF04F687
:10EDB0000410FC7FB01CE8461907343926F7D5D774
:10EDC00004DB591912D02EF2C4CEDFFCF736FBD487
:10EDD0004949CDC803F60DC51B2AA83430F40127D4
:10EDE000C738E0EF0408DB351B1BBD11F2E5E80F67
:10EDF0001901F3A6410F1FA57CCB650E122CC9C1CA
:10EE000037DBF5EC01C7F960EAFE35053DC45E3C31
:10EE10004D8C0AC742E1A8252E0049BC41C0D70944
:10EE20000C33FBB0D117F7F7AEBCEB301E1F21C679
:10EE3000125813D924A52C16F6ACD757B0D041C917
:10EE4000F4D51AE521D704F62B0224F2E508D71FE2
:10EE5000CAD325414A51F4E3E2CE14F71ABF65E95B
:10EE6000D60B38EE25F6EC1876CD2DD9F13917B73B
:10EE7000F415CFDE5727A7F19F9421290FBA05F883
:10EE800013DE3318FBD903B2C683C77FF4CBC2C9E4
:10EE9000141147BF48E5F4F8110F14330E21542420
:10EEA000C5DAC9AD301FBAE4102BFA39F6E7D578C8
:10EEB000D60E2E0B4CF0F81933140D2519A4113170
:10EEC000F5F7284C09325CC1ED2B33FAE9F0EFD6A7
:10EED000CFFD151301D1E7F86600C403D8FB103A43
:10EEE000D6211BC2656111FA1C5304E94D1CC3C92C
:10EEF00015E7174BBF44F2EE17371CFDDC61294EB6
:10EF0000DCEB5EE30930EE18E4193CCBEF2030F186
:10EF10002A0710DAF408BA2AE9E303F3E50AEDE672
:10EF2000D7FF370BDD2CE7390954194B3504FF07A0
:10EF3000E5B908FE12D1E316241ED418BD29D97FE5
:10EF40002625FACEF511EF2608F816FBB32DDEBB09
:10EF500018084F3C5330E5572A2C041CC444EA1DC2
:10EF60000423CBAE0110E03CE1C605FAEB2913EE19
:10EF7000F0EA2EDBEA0E13FD5F1EFF052CEEDA042D
:10EF8000F0D9072CE314EBFD1324FAF5E0A0F711F8
:10EF9000D92BD0B0CBF8CF31F500EF1825C9F2C985
:10EFA000E0DF29D6FE78E7ED54FD09DDE1C5F0206C
:10EFB0003452C8BCE90DD425F3E3D3B51722E40BD2
:10EFC00037DE07F5F4E0C9C10E3F00FDFD9F200AC2
:10EFD000465A41BBC3ECEFFA32D2CFE61FFA22FF0A
:10EFE000171404EED4330D078117CE32054EF2FF0D
:10EFF00019F9B4D3DA4CD9E4CF100A41CAEA22E6AF
:10F0000004EFDA90F8C612352CC046CFF02ECAF9BC
:10F0100028F8F7B1120421DD1AEDDE4B0CC0E60230
:10F02000E6250AFC2CCA1B1ECDF2F333F4E3280CB0
:10F030000E1503C0F6C62AF1162CDB2EE5C1DCE363
:10F040003E261D33F230F92841DCEC1517400BE564
:10F05000031ABB1FFFEAE9FE1B0001FA18EC2BFCA8
:10F0600005D7DD1D060CE7D5E7E714F5E7EFF0DA85
:10F07000EEB8F128FB00D11D11F5D4F99FDC026533
:10F08000B3BBE600D7DDF3D91FD9DDFCCF1F0BD012
:10F090002C28CC1D17ECAD3A35EC14D1CB2EE31B4C
:10F0A0000F39ECFBF8F737F62E17D70AD0F10C9A88
:10F0B000FF9EFB42F2E82918EB19D62919E7DE502A
:10F0C00010D2210F101902F213D847B8DEFD29081B
:10F0D000BFF0E3CF14D80AA9CD4AF6250342ED23A9
:10F0E0002653F4F524D0D446DD481C0AEB1DB91193
:10F0F000C5D581C346FB27B79D170FEEFB3E4E21BA
:10F10000C7EB43D4C0E8032312EFE407C1A4052AE8
:10F11000DBF2E0DE235126FBE600AE9EC21EE626B1
:10F120001AFDC4D526E0D44FFEEE8FE6CCE3C2DB59
:10F130000D0F2B0210311A9D242520CD08FECEF391
:10F1400016F53EFAFC22F2F60EFC0954F22B1F864D
:10F150000AE7EDE69E0525F1FE08FC0CD62F0E5FB2
:10F1600017E200312F022014E32FF19AF300B61DAD
:10F17000292712DF18D92CD6CBF6FCF10EC5CFE328
:10F180001F45D4FFF6F0F40CF529EB02E05002E73E
:10F19000F3B6EF52B5EA18DCE7C7E847B264E9FE18
:10F1A000DE85DD04D9E0C0372BE6D703CF22F5F4A6
:10F1B000CF1D01D5D981D0DFB3D0E2D5EC3203EB3E
:10F1C0000C3C0DC0C113D905F7E5E5DF0DD80833B8
:10F1D00016E4051A0A00F9277F0007E90A01090A5F
:10F1E000FCD813F207D7253E39CDCA0C05D6EBD78C
:10F1F0002FF828E01ECBFFDD24C701FE12FF1B24E1
:10F200001008F31E23E03AE5F112ED03D4DA9D0372
:10F210000908F9FD070402FF1EDF36FF1613F3BBD2
:10F22000CF06CA2E2F07F0CB0CF7E20127D80EFA33
:10F23000101E17FF131CFFE2B2F1E9E3D7F929FC16
:10F2400056F1E502D7E3212700EA2DCE1620CDE9BD
:10F2500009F617F410FF0B0A0DF84EF118DCFC4804
:10F2600007E41B21E102E501100C0EFADF12261D56
:10F27000EA124220EE15E91CC8E5D90913DAEBE9D8
:10F28000EEE2F0D5F316DA283E153A402A1EE2F7F0
:10F29000EF14DBC817FC202F3700EBDC03EEA4FCD7
:10F2A00038ECD71ACE0D11243124351E08163E93A2
:10F2B000161C0A2218F2FCDBCA10222DE87F01E599
:10F2C000FD42D127340AD72FE438F3171D1F111B35
:10F2D000D70C0414D91239FAC4E6CC0C270711E470
:10F2E0005B0906E4DB221FFED101FE0BF5171A278E
:10F2F00024F932F100F7D6EA14AD3726DC2539F9C6
:10F30000DBDFE737F1D32A2915FC3C3FEA431C3009
:10F3100006D8EDF2F6CE4801FCED230DCDE7232B08
:10F32000D2F8E0C12911A4FC23B6F5F3FAD60835CA
:10F3300034142DEBE8D9AD0908EE0FFCAFB0E2E0D4
:10F340000C19FFF2611CBF2D04F1ED1FE373222D98
:10F35000D1B9B106C61EBD0F270029DE0CEB0FABDD
:10F36000E1F3B5237F36191FFAC839C701D7C41393
:10F370002F4053C9CCF90EEDE9E7123F0EA3FFE58C
:10F38000F957DF41E20DD8E6124B1EFEF9F615F9EA
:10F39000FFF31EEA160EEAC3F4EDCE250AD949C4DE
:10F3A000D83510DB080214F607433614951AE3E546
:10F3B0002722E424B2D7F81209FC01D5BE0B3BED9D
:10F3C000F5FCCEF80B091311FDE1D63DEB37D32E3A
:10F3D0001DC24CF5C0DEE2116D0C95FC0533FBB58A
:10F3E000EB1DE186EAB0AC3CFCF2280F1DF3152BB7
:10F3F00007043A1CFF17ADFC32350867039C0C2844
:10F40000F4F75205BCFE1732EBE3DB42BF1D143AA2
:10F41000F1CFFE1431E0F40EC000CA1600DDD8F5BD
:10F42000B8BA17DD33363A0335DE29F2A8E7273AB2
:10F43000FDCCE5401FF812CB091BF01B1104CA03D9
:10F44000F9E230D33B0486F613EB0D02EA0057E1F4
:10F45000077F2202F3FDB437FBDE2A02E91CFDEE32
:10F4600014E3DDEA195910080FFED046F8E6ECF176
:10F470002662EDC4F3DF0B3BC7422B1C02F30FF3F4
:10F480001825F9FE18F4FDB8F729F21E0BDEE8E79F
:10F4900020C58AEE4BE7DEC81BD528E52D9CC6CFDC
:10F4A000E3E4FBC9053512341DFB0C122348D44399
:10F4B000D22A3CFDE8BBC9150722F4DE690613E930
:10F4C000F9232D0FDE07FF2011041052F63A1A1609
:10F4D0007FD3EF02082B54EDBF0038FF35C4E3FBA8
:10F4E000CD5844F745FF5436FE11F21BEDFB14A72F
:10F4F0000AFB0A121FC613D8F9E7F0D6F431D9F384
:10F5000021050D1DC71CF4F9300CF8FCE8F31AB006
:10F51000EBEB09BBD90621E002F5410D091540A32B
:10F5200096E6D1E84F043C5805BF0DDCF8F91511FB
:10F53000162E9826F128C5D106B020D9F93216CE5C
:10F54000FE4CDC1510AF19D2F4C03842E5D8C430F7
:10F55000240CDADDCA05FA24D5EC27C7F40D0725FB
:10F56000D745ADE0112BF3C91F1F9235EEFD4A11AF
:10F570009740E635F90331461EE6B4BACE0A113F8C
:10F58000A8E2D70DF3A8232AE300EB39FEEDC991D9
:10F590001BEC511108A0D40CC300F4A9EA01AAD8AD
:10F5A000E67F2B2B2AE510C3DAE412F012EFCD0E22
:10F5B0001710C6F3C11A1DCE0D174733F3DB10E346
:10F5C0000D3BEAF01E2A071D2017CBDA28EB0FB2FD
:10F5D0002C2694DA0517D42CEDC8063D53DD5309CB
:10F5E000E0E0CBACDA16042093FAB80934F20A0B47
:10F5F000594560F5E61F0E1D2EDAF0FBF2E1AD0B6A
:10F6000003F4FEF62EC616CC38304200D5E0301A90
:10F6100007FFDBE0EF0FCEC9DEF9E48713DC113919
:10F62000C8D50CC710F3D9D13304FD4E07F20EDE56
:10F63000B947D5D4145C35F17A50D3D01642FA0DBF
:10F64000CAF9EBDAE4384400EB3102B40EDBD0F750
:10F650002D00F4ED97EE03F4DC0010E2F0FCE40F73
:10F66000F9EB7FB898E22B17CDC8F0BFC6EAF626B3
:10F67000CEEB210AE3DFEDBE209BE538FE13092C1B
:10F680001836D3CCCDCBBDDCFF17F5E0190137120E
:10F690005B5832EDD8FB26CEC8C9F4423BEEE2E916
:10F6A00025FCBBBCE2D70BEAEE34B7E5E3D74BC58C
:10F6B000EEF6F71AF7B4104EE82F0A0A0BFDCF1F2B
:10F6C000FCF0F4DB320EF10911490B1A19F7DFD007
:10F6D0000301D20F0F0BDFEAB0FC28EBF604D2E8EF
:10F6E000E20F2BF20BD139DBDCFDF3E4D7270FB8A7
:10F6F000EDE0DC30F2390D16DAFA07C6F25BD941DB
:10F700000E0DF9CC0F1FC0ECD425E810F32F110318
:10F710000BE4E0E5D6040F329F0034F82A14FD0E06
:10F72000ECC6D8F93F0EE87506190FD4E45C0B1B44
:10F7300019E11903090FFBDDA8DE072DF4BD01FD5A
:10F74000D10DD7AF1904ED2524D5D98C2D10BCDBF4
:10F75000BF141314F3ECF6DFFC41290008F1FEEEB0
:10F76000005A2BCD120E29B539F126F7D7E71BE445
:10F77000D91781142FFF68D3BBD711F21AFBE40805
:10F7800009FBFA1DF60A07CD080EE04A4405553379
:10F79000F338D8DB024B08A0F826E9121909CE1C71
:10F7A0000626EF480E09F1F7D4421E00A81C1CFAE9
:10F7B000E7194B041F2B0AEE5B15F014F15E3019AC
:10F7C000031A216B5025B9F447B92025FBF7164DD4
:10F7D0000521C71FDE1CECD416000107CBF81AC4A4
:10F7E00032C6351100D3FD71F4A1E705FC02F0C863
:10F7F000FCFAD7D7FE3735EDFD6C12C3A51738FBE1
:10F80000ABFB320ADAF232F8B0F227FAE101B7F5CF
:10F81000113003C4F639AEF23BF1E9DAD4FA0E0046
:10F82000EA1541FD0118E1CDFFC022DA210EF11DDC
:10F830002430BB3A392AE6F405250A2ADFFD0BF20B
:10F84000BFF521CFF513221D040BE37F0134ED0733
:10F850000D042370DAE33A6F2F33EE20F7FE04D65F
:10F860003C0BF109F02AF526DEDA3EBC10E6E6484C
:10F87000CE190DED35FFF2134B251C2B2DFB0DC7BB
:10F88000FE1A39F10B0CBFEDD7B4B81AF7130A14EE
:10F89000FF4EF0F01C4F25C2F200011CFFFF07F1E4
:10F8A000048A08191D1DCEFB0F0A07EAFD0B36F36B
:10F8B000EBFCCEF7C40039C5DCD7F7E707EBEFE286
:10F8C0001BE8435F0B0E0917D927EBDEFBEB039F09
:10F8D0000AE91E23F700FE46E4F40823F63309DBA9
:10F8E0002DFFE2E8E103111ECDB2E706E9092BF591
:10F8F0001AF35F0328E814DCDD37131B0E0817E644
:10F900000F7FF061EDE7051E191D33F9E947F2FAA3
:10F91000130F2604E00DFDE21DE9FD02F2D825DDFE
:10F92000050C2E213120FA230408FDF3BCCCECC1D8
:10F93000EAF55010E5F7D517E51BECFFD6ACA81A91
:10F940001514C535DC2EB625EB0DEBF7FDCCEA1012
:10F9500057C9BFDE3F17643B6800061904E538BE8F
:10F9600011373B3604091582D13F5D08CFDC068193
:10F970002933A11B0F132C1638E0DCABF5011C0555
:10F980006701D83C0BF2EC10C9FA6ADE0CF5C8D45A
:10F990002E21E3D385B917E13FEBE7241A3EF2E0CD
:10F9A000C7C8C85206C90F3ABF0404AA2015EA2ED8
:10F9B000DDCC28F548F33B46AD0DA7F2F70EFE056A
:10F9C00045EA0C84381824081C0023B7DE3325745C
:10F9D0001DD8DCC4DA1E162BEA0DDBFA4A08E5F660
:10F9E0003D47C9F4E03DAD201AD1EAB7584A03E1DA
:10F9F0001AB8E3FEF33E3FFB000FF2ACB8101C9EBA
:10FA000027264A4CC92E00C8F747D75CB91E0EEC12
:10FA10001E7FFEC1E916E5F21900FF150827083E12
:10FA2000E92BA804D4DD082E152DD9D9F447ED090A
:10FA300004FB071ADF0DF6C2171C2C23CFED0905B6
:10FA400011FE03140130453102F630E60AFFC0E131
:10FA5000E53FF40CC721E3155B19B0EE2C1EF6FA56
:10FA600018CDDAFFEEC141C4B5100005E5F0E70D91
:10FA7000FA1A9CE9DE09DA39E6DE97C3E861ECEEB2
:10FA8000CADDD32EF0B933F3CC33B405DCDD1C2052
:10FA900010B8CF2CF701154E0ABB6AFD11EC260DEC
:10FAA0000302BBF211D60C2000A520E7DEF747EBDE
:10FAB0004B1BD62BA1190E317FF628F239F4D10257
:10FAC000172BB6C33222FDE2E5EE2EF00CE8C70B91
:10FAD000555D0316591EE0E2C50052F6F8F3E0F159
:10FAE000F89B4AD30CE3EEF4F2E3FFF3E71A074680
:10FAF0000102B2DE2EFF0C081D000ED0FB2DE6C861
:10FB0000F269EAE4D3C02F0352F3091DFCB8D31500
:10FB1000FD2503130B15C8A95509E3F201E7FBF80E
:10FB2000283BDF4411FEFD28FDE5EDE3EC26F1CF97
:10FB3000F7CF1C091409CED30209062B1419EF21A3
:10FB4000F2C51FE32606D71334E71B3400F4275011
:10FB5000C8FA01EED9F41AE959F6D10B291F163C5F
:10FB600003D941ED0156BB380F510B5426EFDD137D
:10FB70001AD8071D34C222201B5EE8ECFC5717C4BC
:10FB80003800D8DC512AA725FBE3F80FFEA3F16566
:10FB90009FEAE8020BCB47C6DC00B732E2E50FD99B
:10FBA00014542B3B2E1602D648EDBD231ECEEAB4CC
:10FBB000BEF600D1F5DE1AFFD01BF1E211D9E5D96E
:10FBC0003207E92AD5127FD9CFF7F94851E0F52558
:10FBD00016BA0AF61C1F190C18FE22B90B2F1D2D80
:10FBE000BF010D1F3AF2EBF30CEC17F80B1C33FCC2
:10FBF000F7C51EE9D2D530E82B26B8D6FB27C65369
:10FC00001AF0F8ECF1EE09311AF9EDFAE3F9331ACA
:10FC1000FD462006DB17F7D9ACFC0AEB0624FF10E3
:10FC200012F20A6627DED7F0D01CEFD660CBFBEECF
:10FC3000F42B041322E4BF53DA13C609F11EE812B1
:10FC4000031AF414D120020AF304280A03DDFED6B5
:10FC50000E06DEFEFBFD0CEBF500DA0425FD22D6D8
:10FC6000EFE806ECE8ACFAF1EAEC12C0DEB11421E0
:10FC700013FDFE10D402AB0303D5FBDEEEF9EB015E
:10FC8000BEFD22FDCD0E7002A7FF2913B816F51593
:10FC9000303202EE2FE606D5DFFCEC09D8F305D1B1
:10FCA000090FE103DB06FFE021E51FDB4B07C6A4DC
:10FCB000EF09E4E6F9D2D403DF11E90DF507F9E124
:10FCC00010F406EBFCF715F7EDC8D8DC45DAE3DCF9
:10FCD000E5E00C1EC9E0EFCC427FF324DC22EB14FC
:10FCE00032D5E30EE2262516E91D38BAC303051BFB
:10FCF000E8F307D745D838E720F20124FAC62824CC
:10FD0000BCD200FB1FD1C8D10A21FDF51227070480
:10FD1000070DD2E633E62ACCC0001619E1C7CCE7BE
:10FD2000160FECA8061D220ED51BD2FF525A05FB5A
:10FD3000FEFB417F2823E9E2F5E8D722DA090FFC30
:10FD40000D382120ACED16F310EF20FC191C39D52D
:10FD500022FCD6D4F41B03D5D3CE2812E513130FFF
:10FD600017031CD91DFA1531B61AFB19FFEC0E0842
:10FD7000050AE42BFB463610143C0616CFEB0FEABF
:10FD8000E919BDEA1A0A212BF3F41724E705FDDB74
:10FD90001A0E15D8FA16F8DFEFB70802E6DA1610D1
:10FDA000D1FA2607E02C25F1E1CDE604F22D0B1562
:10FDB0001215F3F4D8F403FA7F3121FCFAF7EE20A0
:10FDC000E5D90DE723232711E21110F000F9FC0B10
:10FDD000E91BFC0C1301DBD1DA00F102EDF0F5FABE
:10FDE000C9F823F716000CFB0A2C05C821E8FCDF34
:10FDF00001EFF1EB26BEDAF609F01A1920F8FA073E
:10FE00000AF41B04E90F0F1CF50D0E1B0BE829105B
:10FE10000C03F5D301F4260EF2CC0C00CDFFFEFA54
:10FE2000C8DAEBD8140EF3FBC5F609F8EFFC0CFBAF
:10FE3000FEE01605F402F3F50EF2E8FDFEFDF81003
:10FE4000020725E71315EB0C07E4F0FBFCEB0C1B9A
:10FE5000ECE3FD04F121F8F31707F3ED1E1B14EC9E
:10FE600001FCFB02F9F40AF5FFE2FCFA0F00F4FCD6
:10FE7000D509DEF50807FCE034CAEDC7E53654F3D2
:10FE80002F0501EED5F8D4DFB51CD5F8F003C71E59
:10FE9000E0FC3703F71BCAED3900FD1DD7D4C70CB2
:10FEA000FF4714BD32A2C7DDE5E7D8EBD00FB5F1AF
:10FEB000B220FC04D4D3C23D0CF7A9F1EBED0EF156
:10FEC0000529FFF1E50CD0FCB3DDEE21F9F9973CF3
:10FED0003D00DC177F0300FA6B3AF394E740C5EF6F
:10FEE000FF14CD3AF0F0EAAF4BF0F412356A3F1B45
:10FEF000A2FD15FDFAC9EBD80C14A71039D7AE46F0
:10FF0000EA0BDA2A2418FA56DCEADB3CE1DCC34DC2
:10FF100002D2563402EAFA26F4BDCD2DEA9E003113
:10FF2000FFE2DF7EBA0CF10C15D9E19CF4DCC122B2
:10FF3000171DCE0FB2EEB302BBE208FA0DFA01595B
:10FF40000007110E24040107C3FA10E600ED26DFB6
:10FF50008106E4D8EB08F3070B00E5F3C0E9CDF820
:10FF60002EE0F7151CCE253A0FFAD1FA0D2FFD150C
:10FF70004FF00C0BFB29EC05E94CF2D7C4FA350322
:10FF8000EBEEB000DB0DE1260930DE14ED4322116B
:10FF9000231E1BB9EDC0C4F40500E4E6DEF12DFC20
:10FFA000E6EC09F6E042C2DDE51DDCF101DCDA0C2D
:10FFB00013D2EE01FFD90D03060A0BD2D82DFFD6BE
:10FFC000D7100D13E1172CF3EB08EA35DC1B1FFAF1
:10FFD00013251D2EFC0919F404132D010512B5FC7F
:10FFE0001A16422EF2832BF4EE03EC09D115F9EA2E
:10FFF000E12AC7FA19CADAEF03163048D8EB97D7C7
:020000022000DC
:10000000D2E4DAD61FDA10FCCDDE15E90BC4021BF0
:1000100029FFC213E8FAE7CA1B006CEDFAE4C72116
:10002000EBE51FAA2906040104EDA61E120102CA6F
:10003000D1E1F6302BD4F2DEFA83CA212BDC38EB87
:100040002D1704D59CE422FBC9C52AF60AD72DDD5D
:10005000281C20C20B3C040B252F07FEF511B5FE12
:100060004407D30E32014B0946FBEFFEEE0E02D5DC
:1000700011AB2E042A4DD50AFE11E1141BADF91B5C
:10008000F0E9ECEB2B0BFE16E6EAECE7050EBFDB26
:10009000B92243F20201A700DF05B60F7F21580DF8
:1000A000FA12D2410EE6060C200C2EB21423FBF0FD
:1000B00003E202DFC909D6D0DFE336C2CF2E153006
:1000C00016FFE60B81EB20210B47BCE3E2E8FBCAFD
:1000D00009DE6BEE0BDF1218F70020E6D7C702D05F
:1000E00007BE9AE5FC2B28083B5D01259A3C01E6FA
:1000F000E4C40448E505F3C2DEE92F22EAE40F1365
:1001000001492A1213FCEC0CFAE0CF0BD3249F0711
:10011000131DA4175CF836F6D71F0A1A04F2111A39
:1001200037A0282FAC1C0115B311A9F90ADAD34165
:10013000F638B5BEEC08F8160BED1CF8F0D62ACF51
:1001400020F701E2020EC9B316E2A82119E6F51460
:100150002108AF03EBE5152D00E225B3C9EC1CB275
:10016000F32A1E29EA1E52C32C09E0FFD5E91C44DC
:1001700012CBF8EFEC182D121FC6F1983FCFFCB24E
:10018000FBE4EAFEF921EE100D08E627231B30C33D
:10019000BB441A8EC1EDCCE15500CD081B450A20A9
:1001A00018201C261318F11D003903972903E13F7D
:1001B000151DBE790D4FE61B324E65D832DF28542F
:1001C00025B3D3050710B530F1F4002F280506F349
:1001D00000F00721B2AD0ADF21F415E8D6E12EFBCD
:1001E00035E046EF251B5B1696D0064B13FE272BFA
:1001F000EC21EEDCE042271867C67F9CF9030A94E5
:10020000FEDB081813F906E7F91D1118CC40EAC9FE
:1002100044B2CC03E6E339F0B1E20BD20A3DEE1B67
:10022000B6F9ECCA40B50ABBE5FAD202DED2EBC39E
:10023000C2EBE300F54CDE15522FD4C32510C9D113
:1002400040E308D67FD34A4DBDE8BBFA02F301BEB6
:100250007837CAE6C78AE5F74E00569F50D919305D
:100260001BC617CFCCAA031D09F2250D5D3CF2C1B8
:1002700020D70734E010F32D1190C01DC7FCF62FD6
:10028000CDF830FC2EC74CDA068A17E4D4DBC53B28
:10029000DDC6D0C6010BE4B5BCEE24F0FB0BFF2796
:1002A00019DC2B3016E6E9D44B5036DA0CD425CFC6
:1002B0003BD9EE302DF828EBA3FF2DEFF7C60D202C
:1002C00016F51B2020CB13B5DD41D8F3B263232AEA
:1002D00008F730D1B1543C3F1034D956C7F3DBFE98
:1002E0002E0BEA094EF9EA4F36071710EAFBE31521
:1002F00036050FDD33F21CE1F0070D16C425E3E5EA
:10030000FF114C0DA62613F003F82121F8FB24F66B
:100310000C1ED7D930F602162B0025B716FB0F0599
:100320000B1F1BE30C2625423101E519381B7FD139
:10033000F92630CFEDE31C29C9D8EE33FBE813DAF8
:10034000D2F104D5A21C3CD9D616ED16FD11F82D1C
:10035000FB1709BCD5DFE836362F1DDCFDEC03E3C7
:100360004D2A05FA383521964EEE0BDCA2380FDA0D
:100370000DF430E7E00F3E05E3170DF503360C03EF
:1003800014DB251DEF18020D0210FDF20CD503E45D
:10039000F6E553FF1A16033E1E0F50EDF9E60A2646
:1003A0000717BD372D2209120600FCC3201AEBFBEC
:1003B000DC09FF181BFE222AC206E3F7C6FC33093C
:1003C0001F155B0101B3E80CE708DFCEF3F0262A26
:1003D000541312FDD34DF40327001108DB11FCEB7D
:1003E000B61F16E0F71739D3D7EADDE6F2C506B92E
:1003F000E2D0B4F9FE39C706FBFCE5E30E054D0873
:100400007FDEB70F30103851E40DD8FA47073FBAF6
:10041000DAFD1F37E4062B1F22361DC2EA3DEFE747
:100420000902C8F4BB28F6EA1B0EF0FEF4C302FF73
:10043000ED04B3FDBEE3D0292F0119F53FEBDE0A31
:10044000C94F200BE50DE0D4C2F400089CE2E13175
:10045000173A0329D8E32655DDE84DE5E205CE211C
:1004600090DCFFF904B9FBEBD1D1D2031F102A3C79
:100470000448B7EC0E1BCEFD32EBD0031D16D5326F
:10048000021D2025E014EECC161F2AD2CBC83EE672
:100490003328BED309281405E9000FF6E2D9F41277
:1004A000FBF2F4FE32E9EC25E60648CFAE18E8DDB3
:1004B000F9CF03E120F3E159E9ECF5F91EF10D0B59
:1004C000EFF303091410E3EF1FE825D61CFAED1F24
:1004D00010981E117F25C40A08E30D1EC1F72305DD
:1004E0003817B6F41A00D0241AC550162DEBECEECE
:1004F0001DDE24A91BFBF25EEFCDD333D1163515DB
:100500000834FDDF0C0A2FEA231CF01D35E52E34DC
:1005100037EDDC03F3E41327ECFF1BCB1D1411179D
:100520000407E9351BD519CAFFFC2119C320DFD9FF
:10053000F4F04600075042FFECC5E1CCFA65E8C78D
:100540001303F8E0A15119F90D07F5811EDCF6102F
:10055000F7FD3206F6E3FC37E500F7F4022B091C41
:1005600011A3D1F027E1E5221A5D0E12F4C2D62CB8
:10057000E8F6F20616D04246D72A460E3821E5F9AB
:100580003C1509183021EB15B2E80FEFB8F2F1F580
:10059000CDECE1260FD7D9EDE421543BF901CCEBAA
:1005A00022F910F80E054CE128F21BE302E0061FC9
:1005B000A53106DCD4E901EDDB31C2DE02E7E5114D
:1005C00029DC102CFD10FB2829D4C7462216433EF7
:1005D000EEBFC500401024DB0A10B1FB1E17010E50
:1005E0000317EAFED8DE20F50607F0AA32FDDCD2BA
:1005F000E90E09210DC259F781A4E1315CE0DABCB2
:10060000EB9A442CDE1DD0C1FC04091110721ACBE8
:1006100009F4E4D0C025EE01F200DCC3FAD2FB4AB3
:10062000188D053AF8F9E7C7FAD612FB313BFFCE31
:1006300022DBC7F8D51DD516B51CC8F71534333CD9
:1006400031F301090DDF32EAE8D9FEC327DEBC042D
:1006500006E50B6CD55835C418129BFDD9FBED117E
:10066000E2073EDD1B2E64F1F3D210C4D8DEDF0CAE
:1006700052150A03E40C2D1AC12316F33A34EAD3B7
:10068000D2EF1D4CD1D30D2ABC0404C8C14AF5E1F8
:10069000113F22DDF044FAF0E92D0C0E02EA32CED1
:1006A000131B19FF4D09B71FA80224E38FE014F6AE
:1006B000FACB320D0330F3F3A43AA2E926EC571536
:1006C00033262F1A30CCFF77EEC812D5FAFBF0D3C1
:1006D00025200E56D31757FF3A00169CD0C8054B5D
:1006E000D87A22FC17F3091857E3EE20A90EE52467
:1006F000FC014DFAF54913282DB13A03F9BFF9ED84
:10070000E4F7D8C4EE0B3ADAF64B0CF6A856EA3604
:100710001F0133F34EF5CD46431B250CEAD10FE6FE
:10072000FD001C5A9EF7A60BE37FE428381800DB77
:10073000F947FBFE05F9F8D4043227DFF2030CF287
:10074000B5A9DCDF0590E70BE5F5F486D333BD00F2
:10075000F3272AB0C8DEE66A3AEC1613B4E6FF3394
:1007600041B9210FE7F431554AD62313FA15F9049C
:10077000C4FF1E15D5EFE1F30155FBD3F8AFE7B287
:100780000D2EFA12A802BF9DB92D05E2EEFCC89607
:10079000D3BFEAED0A016721C6002682EDD50C968B
:1007A00030BBEFCBF8083ADF072E2F0CE1B1FD4A42
:1007B000BF18B209DD0015C1B710FE03F31E18FA09
:1007C00094FBA3E2E31AF9C330100F9913C424B6C3
:1007D00042FB15A30EDFD864FA33CCAE32E72BDD33
:1007E000EF4DFB7FE41611226EC6C0ED461BAF0C29
:1007F000C7DDF3D7CAD4F620C42E60F210B221D8D8
:10080000290AFEFB1BF4CF0C1A5CF614140A1C0216
:1008100007E47702840607442DEAD150E0B1F63DA3
:1008200034A730DD34EBCB444B03F852BB21E81442
:10083000E0B9E9E1FBD6030603400B17F3D7F32633
:10084000EDEBF2EFE1252D34F6210111BBC709E7ED
:100850002FD7034BCB1CCDD82500E7EDD6E2CAE558
:10086000392821FB314316BDAB00D0CBF91FE8ABD3
:100870002D06D513E206D9B615F5FDD9F328E8F90A
:10088000CAE5090503300DF809D6E8F40ACC250AB3
:100890002804300CBEEB421DF7F4EDE0E4FABE1C78
:1008A00044DDF508DD2ED623DB1F813610C50BC2D3
:1008B000F52BCA3B200AED0411E6EDE3D918E5D586
:1008C000F9C5DEF10807DE20563AD6000BB126BB8B
:1008D00098AE0E37F9E8E844A1022FEDF63AC4F8D5
:1008E00031D11B34DA3BCDD507C0D1F9FC23EAE185
:1008F00003121312E51530EBF5EB271B0B6AF8FF1B
:10090000CCF6DDDB33E90F4309BAEDF0D2F4C3D303
:10091000BFF71C07F111E2FEDE00F405D424D9D79D
:10092000E8C2215E1414462F2B16F5391729293DEC
:10093000220E36F101EB3C28E809D92941DECDBE73
:10094000B02E104A0514D68D35EFEFE846E0F016CC
:100950000CF4E303422106DDB20B4077E5F01616F6
:10096000EA461B05280708C3E3EB160B0964195078
:100970000500FEE1ED132B44EFFB494DFC0A14107A
:10098000F22BFCC1E0F144FAC5FD326236FE364777
:100990001C51DD150E500AECE7DF1DF11EF5DCE100
:1009A000C019DE021531FD81C6300E111C0CFBEFA3
:1009B00027E7D510E12B1B0B3E501AE9CC8BFD0429
:1009C000CD251AB653D0E14BADDA5BD03123CF0C35
:1009D000AF0C4253E67C0B22CD00B818E06B04E864
:1009E0004D9A0F0EBCA906EB46F8E99A05E4F8DA31
:1009F0000017FE1ADA21DE69DFE35C0F2E0C272DCB
:100A00004111D8F1CFC0E94C4539A6FE090DF022BD
:100A10005DC21705D4B835C61A11C00ADF01B3FF8D
:100A20003DD9CF09AF55E9020AE41571FEEFC6259D
:100A3000EC1F5F15D132E2E5A7EE14F2F1E2036B91
:100A40002ABEC033270604EE86D24E0EED64B9549A
:100A5000DCAF0ED77FCF03C236AC0BE11F5FFAEFDE
:100A600023F6BEDE05355FFC1D9FF46BDF02FD0241
:100A7000A1E1FEE099E68898213309FB14E9BEE084
:100A800004F7FB00DB0DDB1010FA0E1BE9D442EC7F
:100A9000C3DB0DBCB6DCF40C3D007F06DFFE11F8B5
:100AA000D8C7FAF2DBFFC7FF3F14FE36F56ADF0D49
:100AB0000B11F81CF02003F5C753B7DECFDC35C8A7
:100AC000F709332616FBEE028DECEC21D9F61AD885
:100AD000AA28141527EAEBF83020282BBDDBE5EA1D
:100AE00045ED3AFD4DDC25EB100AF2E2CCD7E233BE
:100AF00015391DE9EDD82900ECEC04C512C038B950
:100B0000ECF9094FFC4302CCBE5615D12234FF0B41
:100B1000300C1226E014D64F0CDC613737164EE944
:100B2000E72D337201074D06CFD411AADFF051FE35
:100B3000DDACD8CDDC45BCF2F5061B21E9D3FFD6F0
:100B4000FACDF901DCD60B0F0DD7F90604DA2741EF
:100B50002DC4020AE5D81FFABF00C619EA061AE139
:100B6000C6D7F320165131F1F818F5DCF62313EB54
:100B7000F9CB261405E1ECE60F1D23E91B1DFDEF63
:100B8000F215E101342BDAFDEFB9D6C6080BE3C943
:100B90002F0DD6EAD20824E1DDEE13D5F10CCF2BD0
:100BA00018DDADF92081EB19D8E6DCDB14E82A0169
:100BB000F5F0E02ECAFFA6F0FDDC3B2505F4CEE8FB
:100BC000DB03DE2902140AFD202ECC2718C01D3BB2
:100BD000EA28F0021D0E0B2309DA1C08CEC9BBE47B
:100BE0000834F0F1FD24BD28E4E9C4F7FF10231117
:100BF000BEF92202C5C9F0E4C4104CDD09DC1BD5E6
:100C0000CD12F6F1E8D9D3E0ECDEEBF3E8002C04EA
:100C100026EE033B1EF8464104005A0767B4DBF397
:100C20000F9C2AC6EA11E5EF061832C01438EDEE23
:100C3000DB3525DE16BF0CF917ECD736FF113CA4C7
:100C4000DAFEFEE7F5B832093D0FBDD9CDF91BAD8F
:100C500049FAFD0F40E4DEDBCCE718E734EE25135C
:100C600018E055214516FD4636C8DB18F94BEBEA6E
:100C7000087EC807041334C8BCF1EB0DEED41BC6C4
:100C80002EEED1310A2CF6F001DA0711040BFDF833
:100C9000BC0825963507F836E0D0E901D7F1EEC853
:100CA00000DB1212CE7414CCEB0EEE37EDE5F1C67C
:100CB000EBF1051FE181280202EA1D36A82BE8CBE3
:100CC0000C4E4A110BF70803290D343E178E6F4660
:100CD000B55835E0D24C0AFA7FD7BDD311F6DECD38
:100CE0000345F743D1DDE2E3354738B60EBEAB9B93
:100CF000EFE8EC22B1F034A6030825AC1542DC097C
:100D00002049031A584433C41AE8CA8112D9B7C01B
:100D1000FACA18F9FD0745D1124F40167081B2C8C2
:100D200008677DD8112CA2D2523FC656EF4B23DE66
:100D300014BD14344AEA6BD53463CC0ECCEC29D004
:100D4000C6F7D40A533A0E4FAA2B4122712218FE3D
:100D500060F232472F3C9EFF32036410D1060D4CE7
:100D6000FAF4664B182628DC0B127FBD0E1A4D2AAA
:100D7000D2FD308977C9FC2B1AF4F4BE90C2DE3262
:100D8000D709FC14E60BE130F6067F3735F5BEBF18
:100D9000AFE0D127FDCE1E0F4902F1FEC74103F59A
:100DA000EABECF15CBFC0CADC9D54D9E167F0517FD
:100DB000DB903710BF2605E4E9EB1625FB38B2506F
:100DC000CFC91C2DF3D302F1EC35FDE696A6E75A08
:100DD000EB02F1E73220EEF87FC71AAD1FEC17C81F
:100DE000C5E414E1F6E611020E1EC91C1C24155AB6
:100DF0001A07EC1BC5E6F60DCE273AD10C19F01DEB
:100E000018CC1425E1FBFF2BCDF7D72602DB15BA52
:100E1000AE112916D081E535F80903E63514174ED1
:100E20003404F7B4EB3D2840BC1F12E82700E8B9B2
:100E30005637DDBF4414E9E2F4E548A3230935B48D
:100E400022259840AFFFE8083BFCDE10C9320C19A0
:100E5000F23D6FA999467F33C5BF06B660B423E45F
:100E60001111205F481A4718DD7F254B23080E3AE1
:100E7000BCD3688335D3600907F78CF4E419AB362B
:100E8000ABF8FCED163FF9E740D8BEDE361334B7B9
:100E9000F2C4040561DD254F10E4F9A8EAB68130FB
:100EA0000DF50516324ADDEEFEE012D313091400EB
:100EB00025D42314E11918D22020030A031A293754
:100EC000D40C1C0515D3361A7117290B49C5171FE9
:100ED000D37FFB1650EAE8B7FEDA0EE78564EDB87B
:100EE000C2465E0BF81CF7EBD531FA1E20B6081689
:100EF00003D01C10290A0E81ACFAD2DC12F8E113DF
:100F0000DDEE150C091D7FD6602DE10DC0F1E74027
:100F1000F408BD3929D32D078FEEAED055F4D4ACEB
:100F2000030C0BE2092FDB3FDD2133CDF3A0047F5F
:100F300014ED00DEB83E2471D9F61BDCE24224C871
:100F4000F4ABD529E1C9EEDEBAEFFACF030A2C25BE
:100F5000EA3159D028AC3BFBF9AB45CDEF6B4AC029
:100F60007FDD0DACDFA3290FF8E138E1175CEC223F
:100F7000390459DC6BC335EA022465AF8944BFD517
:100F80005112FDA4FBFE252118F4BB45E0EF4E9461
:100F9000F331EE0AF10950E72EF5E381E50DCBF8C8
:100FA00010213CE510E35342E8EAF716532709FE07
:100FB000E8FCEF0106F2F41BA0F106E9160C9D0611
:100FC000AE47D739130C6FB628762405D723DAB687
:100FD0005BD9C50A33D57F10C82B0BA830FB1CB8D2
:100FE000112143CCDD22CEF63318260AFD38209A93
:100FF000FDF614B7E2EE34264E7530C010D8362F09
:10100000CA9A2E5A291824170B08C1E8EB00172991
:10101000C635FCFEC52F81E9299BDA3533ED210663
:101020000CE3FE4F26001C4749C802F31C4ACDEDD5
:10103000034EACDDEC30162C191A7FE2C8FBD6B497
:101040001703451EECFC34C9CB087616D485D9931A
:10105000210BFDFC021B3CD8F43069ECA0103F3F93
:10106000D609E4E311E300152356F4814B25001C57
:10107000D5C803BD4F0FD9CDB9C47F09C4DAE31E6B
:1010800048C4C21157421F39ED1B39E71B0D1B170E
:1010900003ED2738EB4E150FD0ED181910DB961520
:1010A00024CBF1A9E5FEFF09F4F0B20A27CDFCAE8E
:1010B000FE1FEC3A120C0D4B3B1F0120FB06EDD539
:1010C000E8DDBF082EDEE42FE2B9A3CB1AE3FFD39D
:1010D00060FAF6EB5DB08152E9DE34102ECF2A17AC
:1010E000A405C7B76207FBCB21F778FD080A17B53F
:1010F000347705F97FE2A15A2E1F0CF3A80EE413F2
:10110000D7E7EE06011DE23F7FF2103CCCE7F34249
:1011100010E5F03AD2F1E3C7030C2A0D13F3F31CE8
:1011200014D5E5160A5327F21258F1BF26FA27FB09
:10113000D5071B043A23F43E1CB5F3357F0F00227C
:10114000C814E59004D3262727FC423AFDF903E6AC
:101150002741F5E73702D13802103903DBFF11EBE5
:101160000728F12A1729F264090108FA7AEE021514
:10117000FE53CE24BA290FF74B52FDE93AE60EC8CA
:10118000615CEDDA56816C282A15B2E91401EF93FF
:10119000EFFABFE4EA06ED39FA0120DCF415D10CD0
:1011A000FBEB15E43447F605F00BE1F51314F420DE
:1011B000FBD5C5D981E834EE0F1022EF30F9E9F004
:1011C000D4E5F0DDFCEF2AF5E3B425BBB526E24F0C
:1011D000641641BAF0E2C7F5AB28122DF203F532DE
:1011E0009E811DADA40B09CEF8F2E9CC10D51A3EB4
:1011F000EE0707B8062E861BCE4D024A2B27248108
:10120000F6E5FF41CFDFEFE369FED9FD0E1E51C3C6
:101210009C4DDFC0DEB0C43862D5FF5AECE8CBC6C7
:1012200070DF325F6A7B1EE5E111CFFBD981F7DA0F
:10123000D4F3D735292D2F1516E627BE07BC0AE7AC
:10124000293DA400681AEB34D34FFDFBF510190CAF
:10125000E9B8EBF51BE1171A252E1FFBFFEB07E69C
:1012600005E5E8D61BF127D721252DD6370938EC1F
:10127000040324FE6EE2AEE2E05507DDB903FB2372
:1012800043141DA3ED811D3C27D1250A0BD539E957
:10129000CCEA2F38F5E913E6C344E4681B325D0F4E
:1012A00009D5C32014E9201DEC077F2A1414C52E8C
:1012B000CBCBD41BF90E19FBF8F84C330D2CF1D025
:1012C000CB277F2566D4A030FE164FAB1E3DD5C57B
:1012D000022097B6F7F816F6C611CD9D02208D2391
:1012E000B5C5E7ED7BE7A910F9CE1AE26D1EE6D68B
:1012F00044CFC3DD4AAF03E21250B6E40E04FD133F
:101300000CCBFD81EC30F930F8CCE9C508CE2A458C
:101310000554EE27134871AAD2E1CEF1D549E25225
:101320002AEA44D6F613DFFA06ECE77F0510F72326
:10133000259F0A04D014E0E5E1ED4358AA0FE7FB2E
:10134000EB24FCE0F91513493F6B7FDEF7F6E2D0A2
:10135000CDC1E9642AFD36361DC645A13C2431D0F5
:10136000571A0CF3345C1BCF010FEDEDA2E32EF006
:10137000DDCFD0F84ACC0B1ACB6FF05B145C631056
:10138000DFFC28EDE4DF5D032A12E2DC21FD7FF6BD
:10139000DF763100FAB5F4DB2BE40D43D8EFCE1144
:1013A00038E6106A2DF11BE7F5733410AC200D7C84
:1013B000B3FE7FECBD2F4BF9FD2B0B4CFC3B20EB20
:1013C000D335FE210216C8B2ECE233F21DEE25F64B
:1013D000B40EE9013ADB02EA51F0422B083033F354
:1013E00097531D5FEB18D307422DFF3B33C14FBE10
:1013F0000AE7B193E0A22B4D20F9E8FEFB0FAF39CD
:10140000F281EB28C40149F4AA06FF2AACCFE6F129
:1014100002E1DFD0220121EB0BEF525903EE65DB35
:1014200023F63407D34781ECC3DB730C1049B61A9B
:101430005DF230B00EFA226A7FECF7142022EBC77F
:101440003E0125E3E00CD704E83B03B84FC20F167A
:101450001531DBF469D9F8F1E922EC19010CAFAFD1
:10146000F4B24CDFF023DAB2249DDA3CE0431DBD38
:101470009DED1802DCFD4051F84D4C2E16FDC907BC
:1014800004A10655141D2BF10814F71AFAE2206284
:101490003BAF0EC3402E7F2F2DDE0DA4264D48AF4F
:1014A000E53FAF2EFE9EFC14D3B739141433180455
:1014B000E0B90F5A08BF4F08F9DE3AD740C5F30923
:1014C000200B28077D7F210301EF380CF129002B29
:1014D000B8D228EBF2CCF6E10BC9810CED071EEB7C
:1014E000F51F10FCD8BF2DCAE9FAF1F5F847F91637
:1014F0000514431521F6FDB51FF60410F91A26123E
:101500001ED829E8D20022F64BCBC7382060ED95D3
:10151000ADE4AB1D3C3F81DBCC444384493532FE16
:10152000EBE4E94118D4F5D6550BA736DF0FD936D1
:10153000EAE707B447127BBFF9D15FBAD13DFD0995
:1015400006E8443545C43AE01529B8913DFC0C2322
:1015500022817811341741420BC0F9B3ECA281D13A
:101560004E41B5275F3E0EE0E11701B14919156202
:10157000BFC4E1A4C5261DE60E16D817EB3710D65A
:1015800019452F30154401FC4F0068690321D3E34E
:10159000FB497573F9FCF64733F7BEF4CF78ECDE00
:1015A000EE0723D62D13EACAD5F34C33F8F77F1094
:1015B0001068B15728D7E456FB59102D78EF2BC986
:1015C0002A24FAD81B20EB08031D7F38F84CE426A8
:1015D000AE20F3FC422075261F30090F007AB1724D
:1015E0002442F0313001E7B5E9F6EDF102812EC871
:1015F000ED0010162DF71FFF23C13BF00E9D12F3D7
:10160000484BA6292C2F9710EF14E8FCB1FA443E62
:101610003804F8EF1C5612FE4218EEF2073FA9D329
:10162000D4DC10B5B6EDD2DEE36565F6CDFC1CDF8B
:10163000D1F925003A81D9ECD5D621B51CF23CDF91
:101640008313D60EE2FAEC071DC7A3EC06B7D5ED5F
:1016500031F83E22E9DF0E2CFC0E1957EE2551170A
:10166000E02441DC27EE30F0A31D0314B732200341
:10167000A34C1F1337FC1281EB9CFE02D1700F3B71
:10168000C01426C3ED3CE7E181AEF227CB72AE0E6B
:101690004D2C3026101BB20D1AF3415042FB44670B
:1016A000BC18B2C3E834CC9E03D0DE0BCDCBCBF15B
:1016B00024FF02090C81F51FCFD83838F9081BFA2E
:1016C000F4FD330906F2F7D3C20521F51A2415ED0E
:1016D000EDFBFBEBEAF5100C1E7F0B3BB2F91D078F
:1016E000E8F6E7F312F2F3E4E3DA3E19D412E5FF89
:1016F00066E1F8E2FFD70B0D18DCE9E603D3D9E485
:10170000161CEBDA33DBEB08DD510306D260F7760B
:10171000F41D24EEF14504E8351FFA291F29EA1DBE
:101720001207102581F0F216EF05F62DDCDA0C32E7
:10173000EC1412F4222DFCE54EE504019F0EF8F0A6
:10174000DBFD2912F92A3108224319C0ED5DEB7F38
:10175000CAD7010A4FC2FCFAE6F9F12D331DEF2278
:101760000412EFEF5D2AC737ED106EE73DB48765D1
:10177000FEF24CDD52CE00CDBA3AAE0EDDF1CF7F97
:101780009B5B27033C320FBF21ACEBBEB1B8FB2EF5
:10179000B90BC55AC3C107D120E500F8EAE7BC2759
:1017A000F424F52008F91313F261E7F281F1F40E45
:1017B000131FD3F61B2611C106FA0EEE1A28E7EC0A
:1017C000151308F31EB4F101F34E140081F9E30A76
:1017D000E841F326F111F8F9F0E595191441E91201
:1017E00039B70B1BCE58FAEB12EFDC03FAF0F51EFB
:1017F000F520FDDFD70E21B9D618163CE321A5242C
:10180000090B077F10F81B49CE37E8ED1128ED1AB8
:10181000EB2108EEFCF6FE170BF3E12AF0140E4262
:10182000F5F22C28E90F41156D2D1BD64A6FC581A5
:10183000D5DF1BEEB3625AD937AF3124F023EC1257
:101840003F3FAB14386A3417BAC1FB0211B1D45F01
:10185000B34244A205EC6F0F2631F5C6989FEBF713
:10186000D80ED92C42815610470A1634DC5EE9C7DF
:101870001020F7227F3CE50BD32ADBFCD11405ECCA
:101880008FDED011E125383355C117757AFEDB1B89
:10189000E20CB62304031FF4AF122605EBE5EC1DA2
:1018A000A70C5AFA242809D8DEEC3D8194ED0BE907
:1018B00048FF9AD33BABFD0DCD51F03902E11DD865
:1018C000931252F02CA247D0C6F5811AFF4B3B1958
:1018D00094F6F4F4093907F2D44828156516C9CFEF
:1018E00004FD0201EFDA0733271DF9C4E8EC27F203
:1018F0000209AFF41737EE1981031E220EFE1408F9
:1019000038AC1B8E4FED8CD3D6DAC0D7E64F2FF311
:10191000D90BFA15300605F61698E7481FA86CF89B
:10192000AA1EE9CC7F2F0ADD690CC7262EF6CCD182
:10193000FCD63644EDC26706D8E74BD96295E31969
:10194000EE28183F01F833B24D0DA9F47F2713BBE1
:101950001DDEE0023FFAFA16292196AEF60B01FAD7
:1019600099C825BEDADF41E41DC7C7D820DE15615E
:1019700017CECA4124F1E3C5B8A9FE362398141A3C
:10198000254CF64A099DF241D4C41306FED85ECF19
:101990002AF07F2BF81CFCE8DB56E425163A078A70
:1019A000F524620705FD08EDA9250E01E145BE7F7E
:1019B0001F35251B2243402F62FE262D05D75114CB
:1019C000FA271AD24AE3471F0DF3A9E806C9D30143
:1019D000C51FF515F215F1BE5AF8C81A063EF315E3
:1019E00055197F15F50A7EE63732C7D606FCBF0BC0
:1019F00040370458563DED18BC1023EAF87B29DF28
:101A0000DAB30D3B0B682BA70CAD4301075AF6CC9C
:101A1000323F7F0523100CE6F3FB2AC94B152AF44D
:101A20001F12DF131AC216D9E1B3C919F1DC60DC49
:101A3000F61423E9E8DF3818E3F8EE10522BCAE673
:101A4000351C2258DF1BBB3004E72CFD06E81827A5
:101A5000D6B47727FDEA230A33ED279F02D6D78134
:101A6000F2081505F8F00F0831EA0275DC50D8F4D9
:101A700012DB371A7F0B410F4140E21FE938DAC50C
:101A8000EDF1F7F1E93D3E20CFFE620FF31317C4ED
:101A9000360C1B3E3920D13E02DBFADFADCE1A1BDD
:101AA0002339E2EEDFD35EC9CA9D122928CFE5D7DC
:101AB000082D3921F99E1F1DF12C4DF34CE2C2F582
:101AC00009670226FDCF088116E63400DDE215D84D
:101AD000EA2B2C32232C0C0E2176CF01ED1AE4E2F6
:101AE0004F1A197F381A151611FBCB151D16BB2B73
:101AF00040BDB0071240F70BC4DADB5EFF1403DF12
:101B0000F83954F6DED71D15F502F1D8720C5B13C7
:101B100071DF0E9D0D53220C3D104FAF0EFF37119C
:101B20001A0F248C25000C81ADE0E4D4F4FB067F71
:101B3000B7213607E0E9DC2318F73D0115C346F469
:101B40002C05F44EEA11B2FCF4F2630432230F17B1
:101B5000FE1260D406DF1C3A1BD825DDED1CD5141F
:101B6000E70E1D282312810FEEFEDAC6C529F721E4
:101B70001230F0C007A90E20E01844F30E06D9F188
:101B8000F10411DF024143D8D7F9D09F0939AC6382
:101B900011F910D53AF8FEE4FADEEB6461BDE3A575
:101BA000F5A2F7FFDE1749BED9816003CF239C2839
:101BB000ED0EDA32D8D0D1391FFE3BF8E405FDFD39
:101BC000EBDFE1CCEF07F6C8FFDFCBD3298122F3AF
:101BD00017DA162124001424CDF91CF8DB3239F26F
:101BE00041C1D91E5C0FE1E524CB7FC5F5157178A5
:101BF000CF3F1F334BFB2142B903CB0DCEF774DF30
:101C000001D74189403244020246D71E2BB4C1F5A8
:101C1000E33F5B57B3DF85D51BD8BFC8734615F6C6
:101C2000070A0DB6F7D7B6E15CE5020F42DEFD16F6
:101C300053DA1AE1505C351CA24907030D220955FD
:101C40001613F5158111AA2D07FA1A53C6E6E326D5
:101C5000D022DF9CC517811120C912E5F31A38A7DD
:101C6000F4E3CEF10BF523D9F007214213CEEEE0D9
:101C7000FB09CFE4F61A01DF00FCC4200C23815AD3
:101C80000C5C2EF832652742E6EA3C25D506377C07
:101C9000395E213DFCDD1AC920680EBE0A3EDD42D8
:101CA00027A204372C3E10F8C6FAC881CAF14FF9B2
:101CB000334116BFEFD65FFB04F67A251B43FDA127
:101CC0000CF4E724F245B9EB11110B0E9F273B26CC
:101CD00030D8D12A118C83E9DC06FA06101C095B86
:101CE000C90112D1023D4BF0412BB1EF3304152C49
:101CF000FF1ADEB62825FD194CCC7FE6E2C91E008E
:101D0000E7E9161DF9E118BCCF133AC12022C60934
:101D100007F0F212D8139B0F23194A41F581EBF516
:101D2000196617F0093017E5CF1408F8C8DB611AF7
:101D300031C76CD0F6E3FFE82881A45558EBE5DB0A
:101D4000DECCEDE500EF36E3B9E4E98AF6FE3F4B81
:101D50000C221A2D4AF30C2142223FF3F7C1EC1654
:101D60002F19E2022A1013D327AB210D4323102091
:101D70008C1EE25EE922FAF90E52E3F8C37F0F09E6
:101D800013D3114DFF09BD1929DDFC05FB61842129
:101D900027E5F72B3045FD20FE96E623073B000C98
:101DA0000981B9CFB79F69A0DBF6533A60109BA0B9
:101DB0009441D34A3CFE7537EFBA78F0A503D4625C
:101DC0001D53C52BEF033268DDE7FD814C5E1759CB
:101DD000014E14601977DD03B5D80A1AD5EA1E2C16
:101DE000D6DD21F32714D8223FCE1A0F4298E71EE2
:101DF00015FAD3FFF81C0292FADD19E8EB96124DA2
:101E0000552BFDD3A628657F04D700F6DE260FEA02
:101E100038E2B03506EDC4ECEEDD20BCD1F7DB23B3
:101E20000A16D209F1A8F700269346F27F1516C0CC
:101E300062150619DCB3C140180258CEFCF38BF5CD
:101E400068B2E5C24807EB46EE052006CF00FECF9C
:101E5000F7E8EEFFD43A03DD2C2BC6A76F0385FC11
:101E60000418E31A4FF1D257556FC0011A2CFEA780
:101E700051D51BFCFBE8285AD9F4F6F760D0F97F5E
:101E8000F4AD0502780F921DB8CCC73681F20D0E65
:101E900002E8080EBEB221131405F325AC1805D7CD
:101EA0000A00E90753FCE727F4F1DCFADDF8021336
:101EB00010152408120902F3DBC60401AAECC02A9B
:101EC000070822160EDEF6C0FE037F3428F8E0383D
:101ED000E81218E80350DEFD03FE133A04131CE673
:101EE000DA27C3031CEBFAE32DB081353805D9118D
:101EF000EE3E3CF2F8BBF9D5079906F7C5CAD07398
:101F000032B805DEBBDAE20F01902731114CFB3508
:101F100097DD1C1A0E0F00A85921FBDAC32FE1042C
:101F20000537F052FADAFE123A031323E815F9D412
:101F30001F0D72ED7F3DCBC310E365E81A1A14D66E
:101F40004A34FBFE23CE40DD1D9EF3F40C8E0F734E
:101F50001FCA4DCE380026D01F452C2CA2FC080FDE
:101F6000B1A19211105FEB2D7F2BD3F9710A53D5DC
:101F70003D2F6BE3406E31E5CAECAD9DEDE5572298
:101F8000F835C5F3C4DECE3B112D08170B18FBFD49
:101F9000FD157F56FB1F63CA0E8B993C7BF5CAFA71
:101FA000D5DAFCEDE015C5A93B25F2FB009C817D4F
:101FB000DFC9BC0AD41C12F02B1BC87D10298AD69D
:101FC000C6338D4C6155D0EBA942404DF2530B16F0
:101FD000C808D6BB2ADBC702CC4817E03133E92852
:101FE000F3E6FB7410F14CE00C45F4F2F64B0638C6
:101FF000F80023ECF914ED1681402F280001B2649B
:10200000E3D858F3EB312445BFE72D3CD51B2DE633
:10201000D635FB19A4812D325F4A650FDDA8AD12BC
:10202000FEEE66015026C2E013F8AC4E1F1A14E70C
:10203000EDE18558D20D3D08EC4B0D16DBB719DFED
:10204000DE032203A2482EEE0A6AC04AF0C26BCA1F
:102050000D8100C1E435E316FCF603CDE9341B2401
:10206000B604E73035B5D5F205F002D68107EE06A5
:10207000CD30EA0F0F1CCAF70CED7951F91BE111B5
:10208000F60EFC16EC2BD3E3000BFAE9FE2A2F0622
:10209000D7DEB703C5150ADD09DC3005ED543EA8CF
:1020A000FF090EEDF71E1C303C0E2EC943D3DD0890
:1020B000DFBF102A0130F209F23C31F2F7DBE517FD
:1020C000F850D8087F366B5AEC1ACFFD81FAF6E249
:1020D00007FE16FBF2EF0B00F5E4F9F6162801EE09
:1020E0002F0BDE150C02DC11F411D1FA05E207E129
:1020F000E7F402D0D2E9E7079D09CAC5EE5BE8F133
:10210000F30416CA01D7D9048C13E7CD242700D6CF
:10211000F915343CE77FF3AF3698F7F8C414500A4A
:102120003AE00EEFFC04A2D51C17C2CECF19E68B05
:10213000275535004E0C4B454623E87F2F56E32AA2
:10214000DFF8E0D12130F6EC591503B1F2E739F7A9
:10215000BDB61FAE3E95F3D33FD13BA8191A26EE6C
:10216000F0E7DD15F6F2C8461D12B97F3A2CECE611
:10217000EBDAD3B450081907F8F9FDB11E2E20DAB6
:10218000C43709D7DF20062302A003280C0C0E5702
:102190000E16F7B66D0F874CC9F798CDD37F4A243A
:1021A000AF5714ED92B96FEBB9E40D036E158E6E57
:1021B000ABC5380CF5444C3DD1DBDF570B3B2360FE
:1021C000D53BB2D9AD35CDCD812D2531261B4B0662
:1021D000F9C2511DC2CE174337FA06F1F333D8E8DE
:1021E0001EE52DDCF0C8D466DE4923D33A9A17D316
:1021F0004723F22EB807AD4F0A78E21C098100711F
:102200004A4044584F434F18C533752D2ADE4108C4
:1022100093CA4BE22DF51AECAA274218B6B0FA6021
:10222000FC0AF6012DECAD455BCF524A35F14B0B64
:102230002C1508ED7F21CE11EAECF7F8281A38CDDD
:10224000D9D3CFC3222B13538EF801EE5BCB166F7D
:10225000D000130252F599D7CDF74E2FEA542B0F29
:10226000B9DDDD2EDDDC07FB27162B2381FA332BAE
:10227000FC382E1DFFC3D63803D30BFA25C92243E1
:102280007F150BD1BC3B3758DEE4F9ECD82A19E0B6
:102290002294B5392A00BBC09A150BD0FAD6E22297
:1022A000EC2D07D32ADA1F0B940FC40221DF147818
:1022B000EB16C9E4C713FDC8D6F1CB316AED731B29
:1022C000481D0DEF29469FE70A1D65B3D67533AD4E
:1022D000C65BDC0281F8DF21643F2EABFD321B348C
:1022E000EF042F3FFEFA27D316D3BC7FFEEA41FE50
:1022F000B13F25D3E219D93E18A613BB1BBD0B0B6A
:102300003B0E4BBE49EBE100EE05EB40E528E2F267
:10231000B1220AE7180617F58158E42735DB14D3F4
:1023200050140D0BB900BE2133244D8FDBFFAFE8F5
:10233000C2F703F617E0E3F197BF4A9712E8CD65BD
:10234000462DEBE2C91E0AE22D3A7FD034E1B7F305
:1023500025ECF8520B13C6792EF9F83F9A001201BA
:1023600004BED6E812DBDEDFF0130A0B0DC6FAC29C
:102370002093FFFE5C40E601233E2616EC18137FF7
:1023800017EA1417AD1635E0E7E2B72AD91800BFEF
:10239000C51AD8D91C12E609DB2AD2A81EF0ECF522
:1023A000B8FF9FEFB7DFF7E1E62434F8DEF611F669
:1023B000112604E56AFBC106B221B6131717041CE7
:1023C00081FECB194AF560FB201D370A0FF6E13E6E
:1023D000F5E108DEFEE92902FF8ECA2CC12718109C
:1023E000E112D7EBC18125E8C6D5052600FD19FE0F
:1023F000569E53EBF52DE9CC0119E7FF837FB327F8
:10240000BB3FEB56D020AC34F8E1341F3D412C0BE0
:10241000060E3200EA1405B5FA4C12051506F9F15C
:10242000E430FA401103E5DA10FF247F260AE1F1D7
:1024300021EA3605D8FA08F9F511E1190B1134F63D
:1024400002D0EFBD02FFF928CB032609FE0D0614CA
:102450001019E1EA2A111419E741E8CF68E0B34AFC
:10246000E766EEBF07E3EEF7DD36081C43EC690BC9
:102470000F017FFE4CCC0CC7DC3ED1C9FB34115C94
:10248000C638FAF10CDDB82C1932E019A3D5B20F19
:10249000AE153D47DDD953E97FF0FA62FEF7E99EBC
:1024A0003EBBF03DF2CFFAA9FF42DB3DD20EF44F26
:1024B0008DD5E19FAED71BA6F62E04B0C4FCE37FFA
:1024C000E304FE4DBD3C2B41F2EEFC224176CD42B1
:1024D00050A7F459F85367ED450CF607B442FCBE1B
:1024E000FC2DEEF30BC01020EDB021D6BA12EFB6E2
:1024F0005D3FF10DF3EBF8F3ACC3F4E228F7FCCA4F
:10250000CFF7785E1BF80E7FF4F44417114DD24DCF
:1025100023D8EF1FC3D1CDC0E95502B2D633CC00CA
:10252000DE4145C2011C01A7BAB226F8B0C812FEAE
:102530003A06CE6B8139D3D7141D6F612F13DEF5A8
:102540004D112726F447EAB26519FFBF2A81153DD0
:10255000E209D519ED1BE7D3B93A4807E7191AEE96
:1025600007FC3ADB4B0412E30A18CAD2D8DCC8E2F3
:10257000B1DC11FC2AC9FD6A08FD1DEAD204D6EFC0
:10258000DB2B112802D6818A0DFD574A46E2D0374F
:10259000036027FF25390A245310E248C6430DE89B
:1025A0001406CF042337DBEBF2DE0D33F243FEA734
:1025B000D407FEE830123602D40B2E0AD0E546DCF2
:1025C0003EBC3CEEF0FA2E090F9EF7ADEEC2EDDDFB
:1025D00081D7002C2525E0F13D0BCA93E5431B6410
:1025E0002A5E423AE019041515EE18EE4B563CF1FE
:1025F000EA3EC31DF7E7A0DA96F2260DE702CF4ABE
:102600009AEE67CBCC7FFC20D10FD4E912D3CEDE7B
:1026100015340BE223CC0C2C0302021B0CBC54A17E
:10262000ACE019FF235E43E7B5ADC930CA35EDFD17
:1026300008097FDA37F92160140E1AD20146E554F1
:10264000AB18161E42513DAABCD7E8FB123B25E44D
:10265000EAFCE6027FDBF8F1A2C3F327281A3EA8C2
:102660006345250BBB9B1CE50226F8EBB8EBDB2290
:102670001AF17FCDB71ED8190EFDEB4B33C92639A1
:102680003244C0066D05EEDDE3A92A0EEC220A24D1
:10269000BD562AB0B7F2F336FB08E6C028CDF647A0
:1026A00017FF7BEB2FD011BE3C390A39C31FFC0F3B
:1026B00007D8C9AD463262C1FA0B81C5C7AEACCDF1
:1026C000105DD6CB2223DC61B73C06573E0922645D
:1026D000CDE81DF61BDE7001E14A9CD841143B2376
:1026E000B6101AF6DEC7E3047FEAF9CC38EADECD8D
:1026F000C328F30130DE52E32DFAA73DE14A997F6A
:10270000FB2E0AAC2A0FCB000BEB25F4E46F121959
:10271000AC37E6C41FB34182A743E00644C11806A4
:10272000DF9B8BE8EC3232050034F5E881E5A33914
:10273000DC1F1311133801CBBEFEE2101214130577
:10274000DECF1E29CA2AFFBFF9EFE2C022E2231121
:10275000DA15CFDFFC06F72761C81CCAEDC2DB3BE8
:10276000461231D7DBE70EDB1E440E25F5D21429C5
:10277000ECED13D82F536A0639FCDDA27FF41A035F
:10278000D1FA02C701CB053D12EC22DB7F691113A0
:102790000E22E8E7DB25FB0B2B3655FEDEE417D0D7
:1027A00005F1B7BAB038F6DF3ACCFB24A30EFEC36E
:1027B000E524CAF67DDABD3917DACC01FC560944A6
:1027C000093810D5A3271ADD86DB6310150FDAFE52
:1027D00046EA1F25EB13C429B1812F3FEB26ED619B
:1027E0000D342B0B02DBEFD8E481EAE4BD4DE77535
:1027F000F0F71EF9ED0513F1C7B9076D7847E2FB55
:1028000046E1591A116636E4D0AC093BB4BBF2BDBF
:10281000093E0607FB40146E6AF90FE564EA9781EA
:10282000EF0ADD08D2B819068418D428E9CFE124CC
:102830007CB3DF21BC8FEFC9042A3FBE17C4D1E0AF
:1028400071DCBB07F002CC0ADFCABB1FF9FF4903EA
:10285000BAE242C40D05FF22CB1D7F07EAF6EAEE7D
:10286000EFC8F5F519112C204E2FF9ADBEE8F4B1E3
:10287000BBFAF4E142E3E4131ADB15F89922F4C041
:1028800068F55CB9180323E1236514843E223D00FA
:102890007F4A88343BF918DDDFADC141410D38DB9B
:1028A0004DF8EDF31C054D3CDFE60322FEC5FA357D
:1028B000FAEF81E2C2DEDFEE20F16D22312816DF71
:1028C0004CE590395466CE4124132A291D1C0DFD78
:1028D000096925D7DE48153729C443EE190C173A84
:1028E000EC03CECACA0262BE2B0481E40FCACF0831
:1028F000020533C219D3E5F3100C1C23E92419DABD
:10290000E9ED050D42FB0E9BFCDE20F8E781F30AA2
:10291000D814EFC318F0F20C110A1A181DEA0610A9
:1029200019DF180B0CEBCF181208183F0209091B0E
:10293000D40205CDE106E46D1DEF1A29080EE83E2C
:10294000112ECAC53C4D010ADD22D1F6E8E70F037E
:102950001159BFA1F5ECF90D28DE8AC9F8F83F1925
:10296000340D412E8117F4D91318FB340ECAF57FAC
:10297000F60E3E181313E9EA27302BF6050CF22861
:10298000181DFBB6001221D60B26B83505B0DBD8D2
:10299000D812C3F81DEC1EF7D8D8DF06160BEC2BA7
:1029A000B603C581B307D3F4F40F2C061FD2DF0F93
:1029B00031D70B3D19AEAF2F3E1440A39F33031EFA
:1029C000F2FD1BE9CDE9AD4D2C1BF9E5B6C1EA5F7F
:1029D000E8DAF8630CF0E1BB2FA8DA30DBCBF711B3
:1029E000E301377FD3F745151AE01728DEC314F843
:1029F0002C0D07FBFD3F103523C9C0D5FFE6EEDFE8
:102A00003A20F1121BDFDB27CEB73271C3E45F81BE
:102A1000021210E12030E2F50812A5D1E91C2124B0
:102A200054142CDC1C6A081287F422F537E97F4223
:102A3000D12C50E8B4393FD7FBCE90F9FE1511A642
:102A4000B211C4382F5DD1A6EFED1BD20BE0090403
:102A5000F3C34814F03741CF443DCC7F1DB9558EA8
:102A60003F9BC916E3CE1A572F33252600FAE5B04F
:102A70001BDBB8B845C9466F27F8B1D2D5F55ED98A
:102A8000324FAC1AD204D64EC499D9D0FF2E137F40
:102A9000F1F20BEC391E1504EFE742C4342E6C2E14
:102AA0002BE16337030A89CC0C0E5CF7395EC3F067
:102AB00058D9EE375EE808422B5F5A8CC1E704D143
:102AC000F2B1C81B4752260BBCE9D122E5FA2E43CE
:102AD000E3FFDF3A7F1D461D574B30EBDA0F39D944
:102AE0004A360FBB3B1BC62662F0DADCB43B3FDE46
:102AF000C3E80A17C8EA07E3447FC51DDEDEE60324
:102B0000CC39020B2E3D1D06CB0BF31825F10CC65C
:102B10006BEFE296FCCB3ACEF51BC02518C014E350
:102B2000521DF401E8FD236ED5364503E1C30302CF
:102B30007FE0F7174CE3EDA85D192003FB5DEDA6E0
:102B400035CEEC0211EF002C0CE9F729D9DA59F453
:102B50001EEC361A38DEE0F637EE09D8FF111813EE
:102B60000147D3BC2F2028219D38D8E8E9DBBA13D0
:102B7000E6DEDBF51B81DADD1DFE6B4F1520EE1660
:102B8000CC013E18BF25D9E7E158D623FAE1D79208
:102B9000E7D9CFEA0D33DE28E2FDF0E620942F0DD1
:102BA000D275DCC9E281DEE017EF2D11D8C3D6095A
:102BB000F22408C9D176A63640F5FB2318017FD14F
:102BC0001EF7F4F8A603FBC4E2E24A27CCAA99CD8B
:102BD000CB19DCF3CBFDF69D1A181FF3FBE3D8CF1E
:102BE000DBF5F7F6267FFDFB2F02151708F91CF021
:102BF000FA0E1615C5FF02F6D32D086216D012D8AC
:102C0000FB15FC20FFF0CFCE36051BD64AECBFC12A
:102C1000E83524EF6912B0144412F7281B06FB3D77
:102C2000EAD908A33481030D0212E6C1F1EAB6F233
:102C3000EFEB2C1F07324A190847EE51DFF212F969
:102C4000F4592BEE16E93D981352E616F30F28B906
:102C50003FF1F3C1F63433FE4443A303F0FB0BE42E
:102C60005A981023F1DE8138FFCF331ECBD2CC4FE0
:102C7000E0240720C8211A04F2F162322C2D29ED3C
:102C800012EF25242EFDFFCB3F3DFBF3180217F773
:102C900003F812E07F3742ED0C256BF13F63F87FBC
:102CA000E22C21CB1C0EC14341DDD90EF0ECB7DA8A
:102CB000FB0B23D0F60D0FA79D6018145449F92D76
:102CC000DB27F114F4EF16BA2B130610CDE2D5DF93
:102CD000EAFF1FE82C7FE1F638EF2718FBF518FF15
:102CE000DFFD0A0DC5FE03E3E23FD95E20B726E60D
:102CF000191215150DFAE5C832092D2119F1812E89
:102D0000412DDA1806A3F722A8E0B608FBFE0CF561
:102D10002FEDED19E2EDFCBBF8EA41F6361E09FF96
:102D2000D6CFF22908CB1DFBFBA3DE08F92D020E3E
:102D3000C1D523F410D0E90F12ED0018E72DA9F644
:102D40002FF831F7BBF1E8CCBEC97F220E0F05E6A4
:102D5000C41617F707E7F30C37C2101D9FECE2E724
:102D6000F2F37110FFFD28D0C4D65E5AD4251DFEA3
:102D7000240732F45CFAF9AEBD5EA4E4F71BDE5220
:102D8000EEE681DF0EA9FDF722157FE3F50AFDCC03
:102D9000E2BCDAF21EFAE93DF430DA1C0DA3110BA5
:102DA0003432F001C80928EFD30C2DEEB500ED3513
:102DB000AC1833F7F0F4FCE0EBDD030B82D6CF1058
:102DC00030FCDD1D16D8C5C01243FEDFE8E20E1050
:102DD00004CB7F84E419AC0606D110C2190CF9E2C9
:102DE000F713D6EBAF0EFE7210EDE7EB252B1F317C
:102DF000E34B28EFE1F5F8CF071A04D11CCF3127B8
:102E0000D1FA052DEE7F12D3F1CD23E70578301BE3
:102E1000E4D9BE17C8F2DFF257F2430F5D7F44CB0F
:102E200015124F3BAE2C33D5272961FC3769D030C2
:102E30003ED63106502422D9DDA5E72F1EBADDE5A6
:102E4000F8DA7ADAF7B7D5A8F0E1D34C270F4503C3
:102E5000AD03191A00ABC221201ECF08D8FDE5D35F
:102E600003AEE319C63AED38E3B147D8CB15256375
:102E7000D000F06E81C4BF322DF6CAFEC12AD47FC5
:102E80009D13350A0720E81914BDB022F64CCCDF9B
:102E900043CBEFF82510CFD8120A1634210C013598
:102EA000FCDFD505D612084CCA0CFB0481E4E16DA9
:102EB000D515FBF2DAE9F80150FC04024024E74C96
:102EC00016253E164521E2F1F5EB013DA8D8EB2988
:102ED000F82AE4E11BE2CEE3013003A1090B866C82
:102EE000EC29FA0EE2412B414E1EF4EA1EFC04FED0
:102EF000463A2ED5182316CE04DCF5BA42D0120B72
:102F0000D981C1E3CDBEC4F1EB06372D17020029EC
:102F1000B70C7F1208BB2321BE0CDB1BF122271B41
:102F200027001CD610FD2FC3D5421CFF27F9F7221E
:102F3000C8FAB70F01CC43DCF7BA2C475B811FE618
:102F4000C121FCE54748EFCD72F0DD2F1F00D4F71B
:102F500022DC4EDC0AC94726BEF937F06EA50A2DE1
:102F60000753EDF9200A41A53A4C0833B82F17B2A0
:102F7000C400D4B838DA3381F0492153CF0DEED6EE
:102F800006E4E6160805F94EA7EF28CDE1B9F8D218
:102F9000011C132A13542C0AD2C62BEF10CE06B1F3
:102FA000DBD7264A4DAAD54997E40629F23418C63C
:102FB0003758FD047FC1DA12FE621B52F61FB1E4DE
:102FC00008223A48F2313300FFD0F81BCAE32CDB69
:102FD000D96FBED41171F02EA8FC254F21CA6B23E6
:102FE000B67D382DF7E1A4142241F1E69FC4D51433
:102FF000D0284D968C568115A8E5FEF3ED43D148B7
:10300000CFF95FF5F314F1E2EAF247360EED3FF93E
:10301000E881C614BBC4EA0902F0F1EACECFE22887
:10302000F71A09D845FBDADEE73DFE0281A8E9CAB6
:1030300046FD260E0BD3E908452B53E7CD120C1D98
:10304000FFC206064127EADEE42D26B4F84218B195
:10305000151224E7FBCB37F32E1DF8EB3D9B010443
:10306000EA45CB101B2DE4C6EE590110202A2D2B6A
:1030700058C6EE4529CBD139092EA71881D524F0A1
:10308000280A3BE540DDED380BF4ACD2281D7EE983
:10309000D0AA388705ADCAABC7E94319B1A006BFAE
:1030A0007FC504FDAFF1DEFD2313CE9D02F72EBADE
:1030B000A3F91196D18D89D3C5D0BFDDBAC4667F7F
:1030C00073F609F975167F4C6558F51AF6C871C282
:1030D00090F7817345726B787F44EC5034EF344342
:1030E00081362DE235665D7F3BE635E20DE7044B28
:1030F0000E137F1CEEE7F0EE36F03A6E437F7B7FD7
:10310000F228E8207F40025F0EFB81EF0066051881
:103110003018C958C79E7F9FCD46D27A767FCB0A9A
:10312000D605ADDFFDF0FA00F1000E7F2536E7365B
:1031300038812A30C7320411FF227F2C1216FCE698
:10314000CD81F511F6065F1D0DF01B087F0C03788D
:10315000270A0B1E75537F222C16003C13447F5107
:10316000C348C60BDF0E7EB47F6DE87231EB395673
:10317000814B2BC322F01905187F1C124E2D6C3C7D
:103180007F17732ABC30C006E50778817A1AD022EF
:10319000D9F1DEA43AA27F5C7C0339F0237F30E8CA
:1031A000F7DCC439C3F07FF4ED11EC18EB182C8177
:1031B000220C050DE3C9DB8F1AB081CF8FE51AF021
:1031C000AEC87FE5FE0C1AF11B65767F2E782605CA
:1031D0007F1100F0FDFA2806274427647F6410352C
:1031E00021E709BEFD7FEDE3E6E29DFF9781308B8D
:1031F00048F53B785E7FBA47BBF318F0DC81E70700
:10320000F1FCDF9CE088B381D1FFD490F28D2D37A3
:1032100027057F200B1D01F711F44B81510B000D89
:10322000030CF4307F5EED15F1391D2B3F7F5324E5
:103230003A2D1C2B3A717F77174125190E1822560B
:1032400025A981A10DCD0D30812C635B7701DCF9BF
:1032500008D605077F1600F4FF7BAE7F0308040B3A
:10326000060F2C7F3E2128261C4E236B3D7F0E101F
:1032700022E927EA6B814DEA0CEEEE1FEA664B7FEE
:1032800021092515512E730F7F20D4128635858C88
:1032900019818C1BA5F006F7810886F225EC020542
:1032A0000A01CE08F47FFB592159F381EF00E7F7BB
:1032B000F6EEF601DE0C726D7F6AFD7731812148F2
:1032C000DD44F7E1E22B5C397F457F10F00F25816B
:1032D000222FD52E257F30E2A8E202B7F1587F7069
:1032E000074A10B6C9C3E21BEAF3D2EB7AF37FD5E3
:1032F00008DDD6D4E161777F08EF08EDC4EC097FE3
:1033000018D837D9A57F9C97DA8A327F37FE6019A3
:10331000034A0202F4D9157F2CC7B59FE6ECF115DC
:103320005A32667F70EE81E00D6E24EC0FF2FA3BAC
:103330002B3F4C51337F266211576B7F76D11CF5A2
:10334000371D2C2E7F47131F1A207F23D322E0FC2A
:1033500017F4001F06195722F47F05261D39277F11
:1033600048E32CED6E225254726E357F468DD5891E
:10337000819D8DA5E5890501050E7F29EE4BF1455F
:103380003246328143FDFDF404080709C50CFF7F76
:103390000D260624247F2D1B180FFEE5F6FFB0FB3B
:1033A0000E7F292E733CFB81F6F0E9E6F47F0B0AD1
:1033B000B5F8FEE6FBEB81C015BB17665771EA7FD7
:1033C000F7030C06FF1A024A756D7B757F24DB102C
:1033D000B42C26F07F10356AF9E4F2D73249475A07
:1033E0007F58B7D8AFF03E03711B7FA08195DBF407
:1033F000D917E416A80BA19842819FE09B81C19444
:10340000F127F7A9EEB91729152B7F400204FB8499
:10341000AB81BE1BC1CCC4BC81068AD404C4ACF64B
:10342000B6D1F7CEBB81AEEBF5F0D469E332F4351B
:103430006B7F7CD002D0D97FD8D13AD21D7F28169D
:103440004821FEEEFFB8F3B989FC8187D690D7D525
:10345000D333B425467F52C1818F8FCEAABABFBB6A
:10346000D9F2CB0F7F14E2ECE3B430B581198FB3FE
:10347000FAAE0ACFEF1A3221337F48EC59F991D2D4
:1034800081B6E0BD007F100D9DFB0BC208FE0A0354
:10349000227F2711411DA726AAA124A7810A9615DC
:1034A000B7FCE6FFE20E7F2AF8EFFF3C813407F11C
:1034B0000109CBFAFB5610F77F1F4911519B06817A
:1034C000C9E4C6537F55CB99D2FE04FD9BE181AB85
:1034D000E5BC95DB83B0CC9F9DB192859281247F22
:1034E0002802F001D7E8CCBFA8A0EB2BF2337F3E37
:1034F0009EFB81B342B79F1598E42EEECF7FCFCBD2
:1035000039C8EED6CD87CA81EEDAE92C6E31E1E416
:10351000DFD881CE33C02F36813E21BC24117F19E4
:103520003719340206FD1C20111A7F3928072B0891
:10353000C80B20811328092DCC0DC9870E81CB2300
:10354000D910F114799E7F00EDFC99BC81B706BAC1
:103550000C7927811183AB06B4D0D7B093CB888187
:103560009A87A6DFA30BEA07F47F0DF15805F77FD2
:103570000A0BC6F9FDE4F8F4FF007F87712A0A35CB
:1035800009F202140E111B7F30A6129497898F81C5
:10359000EBA614D6147C81602D9F1F0A4404F740CB
:1035A000F8F181E4276E34F681F0E3E8EAAA34B159
:1035B000842B81C51EAD5F815701C40329FF2544BB
:1035C0007F4D293026EF14F6E7F9D188EA81F4CB54
:1035D000E5A1019D83CD8193229116E514477F4596
:1035E0000B050CD3CBBF8CDE81A6E3A0F3CFE72A7B
:1035F0004040717F7396CFC78B0681E5D6F80205F0
:103600000B134616DE81CFF230F8987EA26A816DE8
:10361000FFDF07FB5610F97F0EFFD630D7CC7FE8CF
:10362000C74FA0ECA093F381F51EF2D8FADBEF7F31
:10363000FEDA11DFC67FD9C0E2BCFEE508F181EFFA
:10364000F51FF2137618D4F4D7819C82FFA208D814
:10365000D1CC83A881918F917F3D7FABDB96BBA5B9
:10366000C4F009EC4B7F592E433507A50BB2819767
:10367000E3AEE3F1EBE62E7F4852585FF6470108D0
:103680001F03098101C97FDCB707BC02D5FC41EFEC
:10369000BA571C81050CEF0ADB0381DF83E808F1D0
:1036A000F9A7E6FF07FC0F7F1B057F059E299EDC1F
:1036B000A9DD081A10164725318128E1DA379FE283
:1036C0007FEE0312002801F87F0CE6BFDCFAF2F966
:1036D000CDC9C687EC81B7E4A75E107F56A764F01A
:1036E000CBFDC914D5017F03ED0EE7C87FD2EB22D5
:1036F000E40D7F1D13FF120FB302367F42D79FCC1C
:10370000DAB5BBF47F06FDED0012D010810B880CFA
:10371000EC10B9B4B39D1681AC2BA0B30CB44ED849
:10372000FE7FC59C4DB9E1969297E509F43B7F3A3F
:103730000D8107FD2000007117F915E608E8EA2F52
:103740007F50DDC0DFD67FE5C93DCAF7C9FB7B816D
:10375000770A070696EF86A50281EEEEDBEC06EB14
:10376000843581B6ECB4FAE8FB5AA05B32812D5B5C
:103770001072EC7F09A8F9B105A0FAD1DCAA34E4F3
:10378000EA01E11530F71BF4111924841EE3101B24
:10379000E822310C14F428378413F42E31F2D213BA
:1037A0002730E9F111F5D9BF95F119E67FEFFADA83
:1037B000CD0CF9CEDEFCAE38EC15DEC2F94F0800B8
:1037C0002F2137CEF300F91CCEAFFD0A192FAE0C16
:1037D00041221A54F82305DBE7F6D72905FDF1E865
:1037E0002D29080E1EF90CEE01E61208F1C12F0D6D
:1037F000F0F91DECE22E12FAFB320006F9EED94484
:10380000F51A131F12F0EFE4070D2DC81500DDBDEA
:103810000C01CDF5F51F26352B0B48EDFB090813E0
:103820002F111F17051D0809C7DA0B4B2702172098
:10383000FA2207021C101DF415E70EFA4119B9EE21
:10384000F01315FE21075BF8ED0BFEAC16F25EE1FE
:10385000CCD9B2D505C32535A8EA8109F70AF8F114
:10386000BC4D26D5CB01E8F0D2B9E9372FDCFF38C3
:10387000531A0E20ED9F190053D91B7628C40D262C
:103880002C506D2101F9445B011AF01EDFF244EB6C
:10389000BEF1F7D9DEE2EDA8F8282D5EFEE5DB20CB
:1038A000D7041C4CDBF81A3630CA5EECE7F926EC7C
:1038B00014E953F718FF1317D326EE1608250F1235
:1038C00024FFE2C4FE0DE215C2FE0FFC2DFACFF775
:1038D00029FEDCF028CC0CF5EF1221F701D819E510
:1038E0002F153DFA0826C0E2F12DD91DFA0704CEA6
:1038F000BB12F3F3EA0EEF34FD0AF6E206F4E71723
:10390000FDE5E4FBDAFCE0044BFB17DD3720D8F6DD
:10391000D86610DF090510E7812214EA01DBF6DB27
:103920000FFB23B612EC1800E6FFEEE52E19FC079C
:103930001E1926C3031DFF28EF4C3BD5F3DAE329FC
:10394000F1020A1D120F02D21AE2F019D8DD160D8B
:10395000121512F6E7ED2529FFB1D4DD1DF209B7E6
:103960000901272F012BF3ECF701F81F1421013572
:10397000DAD34117F5E006FA1DC21F0F03EC11FE62
:10398000FF1A14C503EAF8E92DCE15FCA7DC04E9FB
:10399000FD1316DE03D6F216F9F9C1EDD2E8F430C4
:1039A0000EF8F0ECE5FF11F70EFD3B0AC8D80A2926
:1039B000561104FEF9491711052C01DCF3FD35F40D
:1039C000F6D2FBEA0805EBDDE10908EF1D11F4FE74
:1039D0002C22FFF5EF010610E5A436F2C7111D0DEC
:1039E00024290C0A04151820F10B11DFCD1400F95D
:1039F00038EDDC2912000EF6EE157FBBE733E3FF4E
:103A0000EA06FAE7D2FA110411DD10484309300939
:103A1000E80203DD23D2132DFA08230DD7E638027E
:103A20002224F8E9EADCF50FF6F811EA03580BEA6C
:103A30004E1A0C2628DF0B02300E0008FBFFB808D8
:103A40000ADFFBF522E21BB80DF9F528E618090E8E
:103A500013F63D06DC01F8042CFB1B0405262108A7
:103A60001FF1E026F1E908F40EC7E6E4F201F6FEE4
:103A70001FF12A011F0F0DF817D8DE05F3AB072041
:103A8000E3F1FC49EAE2212BFF0400F109FDDFE844
:103A9000BCFB211006CF110C7F441A14D9F9D24572
:103AA00020F8F4CFE00BDDEDA4D654E82FB28BD094
:103AB0001C300EC3E3EED114011933F62FF0E4FAF3
:103AC00014283AFA1F0DF4FBF4E91E33D3D4102A5C
:103AD0003C3C20260FFC07E4FB23F9150519FDDF0C
:103AE0000334FF14E10C16100812E3240FEC160A3D
:103AF000D412E40AD5FACFFB39112E0803E0FB1DDE
:103B0000E6FF17E902FCEEED031038E007C4E1AA76
:103B10002309C61F14FB1E103508EEE008FAFCE866
:103B2000160927F705F30429D4FAF519FB1912062B
:103B3000D7E40EEBF7FEF90BD0E308ABDF9EC6FE31
:103B4000ACB3E9F30FEFCF6A62F4C438B7362D1087
:103B5000FF6E116CF6E90581676E0711DEFBBEE9A9
:103B6000F9F30639072401D8171E001104FE1E5769
:103B7000B3002DFD3130DE19DD010D5805C2FD0405
:103B8000B39BF90A42C9FB27000811005D0370319D
:103B90003E27F7A92D1127302422AFE31AAF15E8ED
:103BA000E435FEF9FBBE19B5F713E11A02B65A1750
:103BB000202B92E617D70DF231E21605FC2326C121
:103BC00011B9DF34CBE70F0DDE0B013F00AC2D2D1B
:103BD00021F0E523E9FE2B27E2CADB50FDF22EDAC5
:103BE000CB40F92513FAFB4010F5E5C2CA06DF49C0
:103BF000DC24FA3B9F3D11F9DC301021D6FEE62390
:103C0000601A11FEFAFC2281287E1930CDBAF9F62D
:103C10004422F00EFF2C32FB0DC236C317560AE6C3
:103C20002A2ACC15DC147DD4331A1002691843D328
:103C3000AC36F10C3BEF30E3B714F5EB24F453CE84
:103C4000F8EDE9FBE500DBDD0E2DCBE8CE1300003F
:103C5000ECD64FE1F3E606FD0CA2C998FC19F1FB86
:103C6000F300F4F2E7AF0A14FE21CBFAE8C50456DC
:103C7000EA020FEDC2ED22311BE14BFDDB1011E733
:103C8000D8DEFCD6F144F9FA173CCEE136CC071D5C
:103C9000F8F8FF2107020A00C77B00F5EFF5D0D73F
:103CA000FE0EF4DC22ECEFCC001C17E22F0211CF49
:103CB0000FE428D9FCB7F20EDDDAFE04E20ED61CC2
:103CC000EFDC73101B161E0149DF15041DE1E8DE51
:103CD0001711152B25EE4A1431F1FFEB102400408B
:103CE0000401D7FBED260BBDD4EC06D22532C71953
:103CF000EF10EBC543CACD15BFF71F27F840E4AB63
:103D0000F0FC21E71D15FFED13FC7F090CD641DF08
:103D10007E0A0CA913F0785D2AEAF5FCEDE4E9FFD0
:103D2000024813F9E0DB121131F0D12AF01417F731
:103D30002835F5E7DDDE06DD1DFE1CFC16F7281133
:103D4000D4D9E7EF011110F807CBBA1607F80DDA4E
:103D50001A0114DFDEE7EE07BD5CF53D2B1305EF1E
:103D6000CE03DAF51001B40BE40BEAEE062AF0D329
:103D7000E7DFFCFEED2C0100F8391CB8EC3B14D653
:103D8000F3200CECDA1FFB7FD7FF3A0A23490F52CE
:103D9000D2FE202940E0991BF426F6F212FC3FE304
:103DA000EDEBFD374FFA3A16EF09E80FA317F62EA1
:103DB00032CEF2F328FCF7330B491AE407D0C90AD4
:103DC00089DBCEF1DADCF5E201F5103724B956BE15
:103DD00007ECF9D5EE10C70A1745200DE6CBC0EC6D
:103DE0000F4772FDFAEF0919F106FECCDC48FCC959
:103DF0000369E629D4DC29CA0AF40B12B22A4BC99A
:103E0000E8F90345E34745E0C3E4FE56FCED0B3E0D
:103E100009E94B3CEAF5DA08D73F170B05F41442E1
:103E2000EB3015FBC2F1013F33EB0BB40B05E2F2B3
:103E3000CADFFB0FD836EE02CCC0B0B3F12AF2E2F3
:103E4000D9E520B3040E16A739B8E2BEF8F2DFECCC
:103E5000FF2C1C0A1C070906BCE6B52A153CF8D045
:103E6000C0E21500D01F34D72334B3210011EFF680
:103E700033CEA728F338CA6524D3231329010FC4EE
:103E8000DFDA24EF112B7F14DDF5F6CBEDF72CB73D
:103E90003C0CB71EBED25ED62002F30FF91CFC010B
:103EA00011E634EF322DDBF947F610FEFE11F6F085
:103EB00018F20B36D5FEF6EAC5041BE6F91C2725D9
:103EC0001A1CDFE30743F6F706B1DC01EC4AE4F223
:103ED00013DCDA2109D9E12508C038D6FBE4D4E7A0
:103EE000FD13D8EFFEF3F9F2261BDCF30809FFE817
:103EF000331AF92B30543B1D25E62ED8F109D8078B
:103F00000FCAFC0A14111A7F03BF16F6E6301C070D
:103F10000302161AD8011298FF44E44B93EA190BD6
:103F2000EA3505F70C0332D914DEC30DE00406347C
:103F3000FBBE3E0211081A0775F3C6DAF8D327F95B
:103F40000A17E716FCF3DC26DF0AFFC8F220F2DED0
:103F5000E6C3F101FB261FDFEB4D2EF01CFDE92D22
:103F600005EDFC0706F7EEFBE8F92FD7E8091C0C76
:103F70003AF205ED06122BF2F9FEEF1C02FE091DC6
:103F80003F1E1FDDFBD9D51FE3203515293714F758
:103F9000F00EE70907D509DA0C0217E9B7F60704AE
:103FA000ECFAD21E17153721D6F204FF07E1F7EF1E
:103FB000CCFE320D2EC40F041D0603ED021F36E3A6
:103FC000D016162F2FF512B902EB2BEE35F60B1B80
:103FD0002DF10810D2F224EF0481090EE91B3FF500
:103FE000E6F6132517E3D9DCDCEAFC0FFDC21AEE76
:103FF000FF36FB280EF5FBF52147D17A0AEAE406E5
:1040000018E32BEBDAEE0816259FFC070D140502CA
:10401000E1E2102F02CA23FEE0040C211BD20308A8
:1040200000D0F90D1BFB1001E4CE21FF0FE904E8DD
:10403000BAFC24ED0F2D12E2024B3E3525B527EEDA
:10404000F6160517F0F0DADDFCFE0B57E207220644
:10405000F010F6CF2901DE0F020B07EEDA01EB06B6
:1040600003F20BEBFEF40CD0DCBF02F403AB010057
:10407000003DCB1309F7ECED02FCEF0909B612EE97
:10408000C1EBBC182AD44969E1D2112B1E2CDD34B6
:104090001D1027DB4D0818E9E06A0E0C3E2F004A80
:1040A0001DD4F00AD2BDE1BE050816C44AEE200AAE
:1040B000EE5537D43E53E61A1418E288D2FBDEE4FC
:1040C0000B16E0C2F8FDAC0729F6D9E623BC39404F
:1040D0007F2052283B1736F8E30105E13FE49BD7E8
:1040E00016F40DF0E40B1EFF183DD45714D0260C27
:1040F000D107DCFADCDD11D34D0D17D309E5DE0461
:104100002CCB57BD362B49D5152A15F826E1FBB81F
:104110000248F407B7323D1B3234B50E02F438FDC5
:10412000EAFC1A141C3CED46E8DE552618FEF4C8DD
:10413000B4EFE520F01818FD1E232419F2FB0E45FC
:10414000FA370B2116E6F8ADE0DFE41046D814C5C7
:10415000F6BABBEB09EE070E53D406E703DA08FC08
:10416000120A30F507F9FBD200E9231400D836050E
:10417000191610E9E9CCE0E881F20EFF67D50A7460
:10418000FE0A60000241162837E5D011FB2FD70C3C
:10419000F5190D44F3F3061DFB0DFB140D070DFB84
:1041A000F50AD21BF2F529191BFD2DF7F723ED07B0
:1041B000FBE411EDD6DEF800252D40332115130D5B
:1041C000DE1A004BF100BED1E904403207F10A0AC1
:1041D00007F8FAFA38FBD908DE29EF35F3FDD8E203
:1041E00014FAE0E80A14E1FEFB070B0B3B0CFF2975
:1041F000302715F20106D812FA2E15F93446560367
:1042000002FE0EDC412EFFC412492FFE31072A2187
:10421000F1C1BCFBFFDF0AE5EABFDBF7FBDFEE0421
:10422000092CFFE76C461AE04DEDDDE50702E019C9
:104230000EFC1E0212EA601805E1A8F4E2ED35EE6C
:10424000E8200B2E14EB3B2244F2C4E446F8FAC9F2
:10425000AD070DEEB5EFCB173C3309FBFDFCF225A6
:1042600022191041EEF8E30411ED28C8812CFDD687
:104270001FE512F302C75B0BC8011EF1DADE0DD990
:104280000EF512A0F50CD925011031C71E1FBC1563
:10429000DD16F51320FD1BD5F34F182B2307AEF4C5
:1042A000B219DAE0171509170406DB11FF05D2D69B
:1042B000FE22FBFFF402F82B230CF930FFC0F3229F
:1042C00056FA1DFF682316812E3CBEF50FC7F7FE78
:1042D0001DADEED3F22E55D4EBBF18EEE0C100F0C9
:1042E0001FFE2103EAD55D07190DF7C83B1AFB46EF
:1042F0004ADBFEE71CFF1ED82A231AA31012FC2F4C
:104300003C132BF9E41A5108B603EF0136FCB7024F
:10431000BAFDEBBECBE5684614E7EF1A0B57EED4B7
:10432000C4BF58FF02CEE512C00BAEF1BC3006DBB5
:10433000DACCE555DCE854FFD2D238DFD7F2C64FED
:10434000FCFBBF08F5021A15302A0AE1DDF213E87A
:1043500001E7F2FEFB1F222BE94CEFFFEF0DFFEE12
:10436000420C150FDAFCDCD4F02223F7F309FCC869
:104370002403FAF115E9E9ECE8DAFF7A1C2E0B7157
:104380002F1DF2F21C21ECF8281DE708D83A031E75
:10439000C5FED4CBE1FB301F095ADFFAD6E315097D
:1043A000F104383C29DB1AE6EB1606EA1E210E4B17
:1043B000E0B0F0D925F9C111282D2465DBF0DACC65
:1043C00041DCEEE5E9DAF2C2EF174A7F02970FDA35
:1043D000C6EFE6DA4E21DD0C04DF07FDEAE8F6144D
:1043E000D8D3F42CC1E2D91B10241920D7F10F33F4
:1043F00001DD1405E8DFDBEB01BF02090EE5DAEEB3
:104400002DFCF31C1BA81DF7090902F5C1FF22E5CD
:10441000F60BF4B9C51821FCD1D7EB0222252DFBF0
:10442000DA10C8342CE6CC24E9DA20DCF7ECE7BC5F
:10443000B8E60E23ABF828ED03DE0822C53DD9B25D
:10444000E8B6B717624928EF42F316BBC1D4EA14A5
:10445000E439DAFE680166F41240D8F01F11F7DE85
:10446000C6DCC5DBF48DC707B0E357081E43D2F2A4
:10447000DB05C3D8352E2807E1B3252F31D101AA9A
:104480000CD523F403CAF60A8306EBFD9B090BE760
:104490005F40FEB6FEE5E100478B25C989FCFD6261
:1044A000F93662E6E709F50B2A182D2BC9A93A2837
:1044B0000244E5E405E9A0031311ED08B6E80EEFA8
:1044C0001015E803032CFF18FE1ACDE3570BE6E89E
:1044D0007FF9C3FFF03B31270C29269FB00ADF117B
:1044E000E7E75FD8D8BEDFC5172BC8531627E7D537
:1044F000E33541EBCB0137F30B0423D155F2F61A28
:10450000E9BAC9D4DED200A7E83931353FCA1EF274
:10451000F1C0C530FDEA09DD29A3EEE5FA0209F391
:104520003623FE7788E3F606E0CE2CF2FA034A1F24
:104530002F003499CCE8F0E2B9E9EF81E1CBFB063A
:10454000DD1AF9081009DC05CCE227BAF14B184353
:104550003EF93727F8C4B5F789FFE1BB074110E002
:104560001EDC491BFBFE34EEE8F21A1020420B1948
:10457000B2D20E5F0BEA232936E2E9D8615710DC8C
:104580000DEF3761E81AD346C7FA1BDC6AE2302820
:104590004C20DD0EFC1F1EF70A45F1ED1AFF14E654
:1045A0001622FF17C5570924D71BFF3DE3EB032550
:1045B00005E20413DCECDE0124E001237FE6EE01DA
:1045C000FECD1C40F1DE29BFDC54D928F3E3F7F619
:1045D00021DC4CEE0F1EF4D300F95519F44DD544EF
:1045E000141D07FF8F1D8B3AE912F31B51BD0FD627
:1045F0002615D6320AEA03CDF602CD611F0C1BFB4D
:10460000100702041CFD102809B34AEEEC292B2DDB
:10461000D7D006281815C491870611E14A412FDE2C
:10462000E69C0BFA0E02150BEFFD0DFB45D9EA12C5
:10463000F019D2D6EACA001919FA11036E2DD12940
:10464000020AE2FA152028A8140AD2F11804181652
:1046500037DCF0DAF50D390E3F032DC21E02EADE1B
:104660000BE80C112DE0E6F1EC01D8E906B1FADE19
:10467000F0CFF71141A900EB012224CF18FE10E87A
:104680000E0E07F624E7FF06E0F9E8CF222B0428F8
:1046900013B02D1423F4DD08B1F807D9FF17E8F0A3
:1046A000FBF0FDFAC6DCECF1E90CF9FCFEFE221091
:1046B0000225032826D72FD914E7F433CF18E90AA7
:1046C00000EDE208F22FEA191AE4F20BF8EE05E227
:1046D00081ECF2C619DBD314E62D120B130FE8F9A7
:1046E00007FEF3EB06F3F031E2E3F7E04BE7FDE71B
:1046F000053F25E928E02FFF000C142138DCEF09E5
:1047000010F81BF8F6DC33D704CF2638EF1DEB4347
:10471000FA0539DCC8F4EFF4F730E22A090E261F57
:10472000FAE63318001E1808CCC407020129020F4C
:104730000505E3F61C01EC1EFF0DF103E5DA0DFBA8
:10474000E6D2F314F7150F3604F6FBF206CF08FE97
:10475000F6F0E50F1AE5F4DD7FCBF7D61821E60C6D
:10476000EB08CE2CC5FA15B13711FDED1D00FF0881
:104770001657D930E1CD1CEF49142923190A121F0D
:10478000E9E521D01A460CCFF30E1F1E110518DCE7
:10479000523D26EAF9DED20C1015FBF52FFBF2F1A3
:1047A000210433D8F9DA2314EF1ADDF9EB280D28A8
:1047B000EB0DF7271FFE202320F6261300151BFB09
:1047C000D2C2F5FFE735F3F9F23DD7F52AF4E8F266
:1047D00008F3061F0CFA19380F1FDE041602D4D294
:1047E0002F0624F6D226F2EBDE1CF6DA4310D7ECC5
:1047F000FDF4F9F8F9E9F1F7E5E2D003D6E12AC2D0
:1048000008037F132A2735E0044E3D14BF26D0ED60
:1048100033F033A00D0CB7E139C876EA453B0E11F1
:1048200026DFEAEF25F5CCF1F30719076317FBDB69
:10483000F04008BFCE0AE33002E50607E6E8F8DEFE
:10484000C0D3D917F050DAF712DAF8EBF4E602EF3A
:10485000240D1900EA0AD1CD55C5EC2832020F0506
:10486000074315CEF8E9EE16D6F2F4F3D3B3070AF0
:10487000DB12D1C0C3F8D5CC153423DBDDFE12D753
:10488000F5DDF4B1E34822A85747CCE224E5FC0962
:10489000DEF2073E1416D7361C2A05CA034602EA82
:1048A00001E6EA17DDE6F91FF9CA20C1492105DA58
:1048B0000F08CE010AD50CDF1512011EF5EBD65DEF
:1048C00044C3F2D8EFE7023F3F38F606F67F2E3FAB
:1048D00023FA3E2DF70119E6030453EB0730D52ADE
:1048E00008DC13F3E2ECF908513B02D1030DDF21A0
:1048F0003AC5E726271BE504444009021B17502C44
:10490000DF23431FF20BFAB4F1F5514EEFE4100A26
:104910005D0418034CDDFB02D33A06E3FC2B0ACB03
:10492000D4DE32100E072C041E35DA0C0F18E4E624
:10493000D540061C1AF91B053AB90B1AE2B40BEF65
:10494000FBD8E409563152C71010E81CD7DA064DDF
:1049500029AB30FCCADE3802030AB70601423F3BEE
:10496000E3CE2F382C2AF3283A0B27F226E8D71B60
:10497000FBBF0B061E03E7FCF07FBB0916E33FA954
:10498000F7FD08DBE514D50AEB00F5FFEDEDE2D607
:1049900029060B97BF21F91DEF643514F6B201E229
:1049A0001FDDC11FEC05DF11543A2AED11F728FB7A
:1049B000DF11CD16191821EBF1D20EF504D8DD2F39
:1049C00000CFFDF7F50A2DDA961016FC0EFCD81E66
:1049D000352BFC151A0CAF11EF20F843F9DB08FE5C
:1049E000E7F52EF1061EE80FF32A042310E1F80480
:1049F0000D9EAC14E30BD203FE1A1116081CE0FD49
:104A0000150FFA16DFC209F70D47D3EC2413D702AE
:104A1000E4160A5B05110EFE15C544D2FEE1E3C3A0
:104A20000F1A2FD1E5D80009DB0AD5F120F7100EB7
:104A30000B1800F138D30DFFF61920FA16F9F2BB66
:104A4000EDF95302F1B14EDB0501EEFDEF16D41086
:104A5000EF0C2C84A924FDDFB7EDE30FA3FDEDFFE0
:104A6000ADB81FFC2EC2FBF3050DDA12DADE13DE41
:104A70003A93FDD40E023104EC3EE981DBEEF3E71C
:104A800015EF00E70BC735E7F8EDE5F9DF34052052
:104A9000DEF90F180411EC01C4F0252FFBF70628EE
:104AA00017D712D8FD07B7CFF8F81D0E5CD2081C37
:104AB000093314FA4C03120ED0FC270432D3E4DC81
:104AC000DF0BFB09D2BA1316EAC6FE0BFA16DFD7C4
:104AD000E406FBDB0900C5C0C5EBEEC5E09DF601B1
:104AE000FB0204EDD2F2E0FB47E801200BDC1DEEF7
:104AF0000535FAF70C0816E818CC1110B6DBEC09EE
:104B0000DEEA1812E1A769E7013707DF18FD67E75A
:104B1000260D3C30EEDF4EEBD5B6C1190B7FE2120D
:104B2000BF422C04D54114E397B53629F3CD22F8C2
:104B300004383506E0DDD80CEDD9ED5AE3F1FFCEAF
:104B4000533B08246EF132515EC0DE36F6ED10158F
:104B50005CFB1FFA3DF9F3D1DC45EB273332F01350
:104B60006A16092ADE1920F246F134FF6BD63006A8
:104B70000BEF21EE0918EABA365A163C4A0F1D40CF
:104B8000121211F928F9E7EEE0DB770C4B1212BD97
:104B9000EE20CCEA18DDF9A3522A0ECDC7F809CED3
:104BA000151CFD121E6214409AFEF0D02FD6E6129C
:104BB000F4141D33201FE945F530F5DF14FB0CEA32
:104BC0001511D5010520F1CFFA3E162623CCEDF4C0
:104BD0000A2AFFB3F4270503E4EB11F80F0DDF07F2
:104BE00018EC0F2CF4E82F1E153CCBF226D7F8CE8C
:104BF000EDDF0B23F455040D014DF681FD140AF190
:104C000023FDE0DEDBF2F1E222F625EFEA0FF618F3
:104C10003F0E1823E93320B9179715C8EBFB252061
:104C20001A211FF4FF0BF702E70EF117FF042C0AFD
:104C300010F7F230E6EF3203F2F94EEAF6E1DD2D3D
:104C40000319F9160D2521FD13F414F6DBFA02FF02
:104C500041F019DEFF374209FB48100418F3FE0546
:104C6000FC05FDFD23C413F42D04121E29E2110BD3
:104C7000E9EF15150EF325DAF202F104F6031B062F
:104C8000EB0D20FFFAF806AC00120F0705FAFDF94C
:104C90000D1623EF190EEB16278110020C0A13FFD5
:104CA0001702F6100602E4EB121F2AF509EFF3C70C
:104CB000EA0EE4DDFC14FA07E8FAF3DF1E0C17EF46
:104CC000F7FDF4FAF603050A05131C071AF5F6FFBB
:104CD00049FCF602E8C1FDEFFBF7EEFF0A0608F318
:104CE0000F04F702090001FDEC0BFA11ECFEEFFBDB
:104CF000DDF7EBF4E00319030608F7F4042B05FADB
:104D000005F309F6FE260FFB0C09E4F302F0F4F6B6
:104D1000FD09F20A03051016091B1C05120E1500E9
:104D2000120BF5FF04F4EE0FF80DFC0510F500E78B
:104D3000F7F3F00E0EFF0BF62013F81DD8C4223D3A
:104D40000C17FC2B1FC9F1F9D803E31221361A0006
:104D50002CD5ECFE04111BD32506FDF6FEFF17260D
:104D600013FC15E2DB04DBED12301CF2E109FCFB65
:104D7000090BF12311FD04B82A14030DFEFB1A16CA
:104D80002F21E6E60F3519E9F8EEFC1111E0DE05FA
:104D9000EFF6FA064F28E510CB131C0B0EFEE015BC
:104DA00026CF1CE6FE440713BCF5F9E47FFDF707A8
:104DB0001DC70FFF1E2D20F9120D09203C41063E94
:104DC0001B04FC1CEEC51DD9F4E82A1809FADA0701
:104DD000F00D2D0714DD01F4FC56DE5F0B0605F81F
:104DE0000F060217121103F0CB0B21EF20E607FF8D
:104DF000DB081A1030FFDA0E19D403944648301B32
:104E00003FACFEF30ADDEE4618A539A7C629194EB8
:104E1000E5E0812322E8C4E794F0CA42F84B1D8BF9
:104E2000DC1F061CF533FDF024ADB723B2F41739AF
:104E30004455BF1122F836E6BC4D0B202F1BCCDAAF
:104E4000E634D535EAD7126BA0F3FA10D234EBD89A
:104E500004E0E8225CE33E1BD60C24E5F5281BC8E1
:104E600040CD2143F0F6CCF010FE32F03319F78A32
:104E700013EB47FC61144A21E0349FD80C2BA20F9E
:104E800013FDCFDF37F0E521E48631A4A96AE01CE9
:104E9000DFC9D2B006260C0D60A5D561FB333610F4
:104EA000B6E04569E70915EC2CAAFBD0B1E1DEF2CA
:104EB000E5EBD6090C23CB0AF8D0E110F9FFF2EFAD
:104EC000EBE4D0F7D40C47E7D9CE23E92B0EC5B6D7
:104ED0000DDA18D4112DE502FAC401241D280E2D77
:104EE000F9DCFE17E3DBE011E93622FBF3F7E7F725
:104EF0000C1D052116139333041B188123EEF81B98
:104F00000B1311F720290EE7FAFA0806BFF0131267
:104F10007D2026FCE1EE0FE6E934E40E02F83EF0D7
:104F2000302E0BEFE52B33FEF101FA2CD7F3EB1407
:104F3000CBE400EBD71BECED1F3026102A1B0A41F7
:104F4000D71C0DF4EA3C07E2EAD70A1B0FDF0FC7B4
:104F50000C18141219CA030FEAEA13D1EFDBDB01B4
:104F60002EFF20D7ED08EE010000291E32D40CDD03
:104F7000F703FDEC343215DDEE22FF1D22FB02D9D2
:104F800027038120FE041A19F6FCFF24F2F9DE093A
:104F90001206F0242B1C2D18BE29EEFBD4E4FDFCD8
:104FA000EC0F07C1DF3030F51A13FCF41F03FAE0F1
:104FB000FBF7101CDC151BF0B808080C0801D91908
:104FC000EA045116D1C713E2E515F0FF53CCF82DD2
:104FD0001810FF0A1D1E03DF08D2FEEE18FFEE2D8B
:104FE000EBD9D4EA05FFDE29F73608072A0A0C18A0
:104FF000F9FCFC12F9E0EF0EDAFBD5F8E2C5FBE3B1
:10500000050DEBC006EA1DFB3B22B302F007EDEBFA
:1050100014F40303F4F3EABDDFF1FAD6F30814FC49
:105020001FEDE4130BD91BFBFD02F8E412F608D5C3
:1050300024FBFE0207DA0B09EBBD182DF126420610
:10504000FF2AC2D9BC26EE81E5EADE2AEFDF0AF0AC
:10505000CAC4D80DDFC301EE46E4D3F005BBF5CCDE
:10506000D8E8C9612E0C181F48BFF431C907FD03E9
:10507000C701A335E52B5DE72AC6E142D40F142F03
:10508000DCEEA0EA3E00F2C410F4F107DF06C9C767
:10509000BAC8D006C9F2CC1930C9280DD738D610F5
:1050A000DCFAD8280252F9FC0F0108F6DBE5E2022F
:1050B00015C9F9E4FB23C12704E2E0E3F1FDC122B5
:1050C000FA1DF8FD2EDAE433F70F0CCEEF30E40FC3
:1050D000D9EBDC05FF22D1CCF4EE070112FFDEF59F
:1050E000E20FCEEF06E126FE11FAEE3EFD0F0DFABD
:1050F0000207E11615FC0209DDB32515DE39592535
:10510000D54D4C18D30CDCE7A1A12FE11E09E02DF1
:105110008B1EFE6719BCBF5B219ED422E3ED3A2BA8
:105120000447F0FFAC0AD58115DA54E22C3ACAE6FE
:10513000F4FF17ADE7F1FD42F3DCC8F96B35AB299D
:10514000D637021E0339031503FEDBE732A9B6C8C2
:105150005642DD552D1CBB61E64C07050848DA04B4
:105160000F483C691121230F50112FF9FE2CC9E083
:10517000DE2D43F9D00BE0CD00F39AF8E3021CEBEF
:105180001B381FEBEFFBF3E0F6F3F4B705E3E39F07
:1051900030F9D0F60E07D41DA951B13911150339D4
:1051A000D7DEE211DF63FA32FE19F701F846EBCDE4
:1051B0004AB7D649124AF40444B1EC17F6E6052E74
:1051C000E9FD1F317FD1410B21F9E10EEAAF16094C
:1051D000F8D0190536E855C7150621D5644CB2CE6E
:1051E00006EC0AD7CB1039D727FFFBF30EFCFE17CE
:1051F0006AF12FD5ED1501CECAD807ED463E180746
:105200003AEE32C1193727DF2F2FF17224EADD126F
:105210006FF54B3D6DEA183DE70AE7D6FC13F8DE63
:105220003F2CF12D10EEF2E22137F0F63D55DAC8B1
:10523000F925063AC2EA2EDE4BFD1E320CF50016A9
:1052400017CDECF52C1DEFD00BFBE20422E9FD029B
:105250002FF1E6EB023D3DFD1A54D259E4E7F40587
:105260000E2C0517EF4B2CB8231206D7F72BE1199C
:10527000F1DF28352303F2EADD04FF1E263FAA13DF
:1052800006C11E37120BCAADDD1C4B1B26D3D7E05F
:1052900024BBE1F5032EF1F27FC53FE71A0DEE01C5
:1052A00041241AE30D1C0A07222225EE05160DE201
:1052B0000615FEF51FF2CB13245ED6EBF6E1D4DA29
:1052C000CD1608F1D003D60BDDE90EFCFBF30F1968
:1052D0003E2013DCF20FBFD2CAD0C1EAF4ED08F7CA
:1052E0000D00D410E5FAF3F2ED1DEE03E900E81F1E
:1052F000D3F705EFC2E1C01D2D05EEF71AFF0A1323
:10530000E91DF6E9F10CFBF829FFECE69EB0160B5F
:10531000090BFE000EE3CFFFF51116181CE4F40292
:10532000081AD2F7F3FCE00705FE0314FF19FD1B72
:10533000DDF90312E9FBF3E5FEEF5BD90F93EC39DE
:1053400015EAF5F83D1723490E03B7CA0341E630C5
:10535000F213292038E6FFD0E60BF3780C032B5428
:10536000B4F96F0C01355CD4E7FA31B213B312EA29
:10537000DAF8071A0CD681193FCE3583AD2EE92E07
:105380001626F42C1CE01D663F0307B3382C1CC7FF
:10539000D9F130F3F2CF239A0C56F3FF19540D567E
:1053A000EAEFC2E42FE9DF1C26F11DE81FFF00121F
:1053B0002455E900510FC322B600E3151095B0FA49
:1053C000DA19ED300B0319D8B60D375112F3E7C7D0
:1053D000DDD8E535ED14D7D06FCF400640EC410065
:1053E000EECBE323FDEB1503CAC0EF213EEEF9152A
:1053F000FD150AE0FCFD090F0FEC0EE8552BCEEA77
:10540000CBB8ECDDC8D1E4CCE9714013F3C662D16E
:10541000E434E70D1D19B4DAF7AEF6C7280ED0B1A3
:10542000E775ECBEFD1137B25F080063FC16C307D9
:1054300027230BE2C5C5FFE1DDE592CF15EB32CAAC
:10544000380E16258E15FA0E5111E7FED53DFC28B3
:10545000F5B4301E03F00525B414FBD44BD3EC2770
:105460000787292703D11BD01140112F4C31DBAE08
:10547000E8A11C3325F17812ECD6BD0C1940E8AA3E
:10548000480B08F5BD0CE83D543B81BC3622060BA9
:10549000DB02FFC337112F26F61119B4FCDAEC1C1E
:1054A000FC50B6F0ECF0130AD618EEFB0BEBD14D26
:1054B0000DD9FD0811A303F5E9F12B03C8FC091E62
:1054C0000B19B9F1FA17F5676E981303F6400E4EF3
:1054D000F625D415B5D8292C107BE508BDFB36037D
:1054E000CFD0333CFFF738E8DDF9F50CF6DF29DEE5
:1054F00014E1EB1CFCFA3514080ADB690611C1C97A
:105500000CF5E6C7FE011FF6E01F2038E308EFE3C5
:1055100081EBEF1B0B4A14250C1C4CDBEB12EF3D0F
:10552000EEF8130F0015E4C814001F112D1906E63C
:105530004CE4FF3C2A1EE515210103EBF7EFF2D600
:105540003025F241DBADE00BF3E5F904F73B14172E
:105550001BFDEAD808ECDBD6FEE8D0100C140D15C4
:10556000E2F3EBF7E8FA24EDDBED02E60612E900E0
:10557000033DF003FA1AFA142843431013D1F82418
:105580001530F71ED10737031546021E05D737EC35
:1055900004E733F015ED333637FE17FF2F2EE028E2
:1055A0001EFC0F1513E61212E30207E134F8F8CCE3
:1055B000F0EC36FE19EF13C306170831342A110731
:1055C000F931F807F7E9DEF0E92FE80509240130A1
:1055D000CAFD391BE9040CDDD2DA09DB0B023CE819
:1055E0000DF5000912C4FA010313EFCEE0FB111F01
:1055F000F61A0F1DDBF5550F00E92F180208FAFD0A
:105600000FE2140DE71F002BCE13ED2232D4EF2052
:1056100020011AECEE1E24F1F67FD0F4F4F6000718
:105620002AF00105221FED0AFC4AE8FA18F8ECFC02
:1056300010043EDFEBAEFF2400DFE829B4BF0749CA
:105640000217BB24F246E51622E4ECF318E74E11EC
:10565000C229E625A0DF2DD654FBBC3BF1DA051F9D
:10566000F4E84FEFF5CA12C90EFCF9D323FA18F586
:10567000D1C532F8F420EE04FB3FFF8158C0F06D35
:1056800064241B0807BAEE1FC7FCEBC8F314DAE961
:10569000370BF629FD2804E01B2C33E54801F457AD
:1056A000D8061E1F0A2A0AF1371F2402EE073339D3
:1056B00016FC3031182D060ED8E5051EE802F52A35
:1056C0002D22FB0EF1EAF04ADAFD65E3F715F6B795
:1056D0002400ECF40CD118DA3A180B36F4010C1152
:1056E000F908281D11F21B020D3FF0F937E90B3DB7
:1056F0001F31F7EFBFEDFC172EDD0A1F0913E41170
:10570000E4FE1518FC0A2206F921001D06EAECF752
:10571000F0E620FAF2FE2C011C0304F12811D80255
:10572000320D2C04F902151212DF2F0640BF09EBCF
:10573000383805A4EE150BFC3C1EC1811BE4C616CF
:105740001D2B16EFB800F821DDFAEAFB05EB200966
:1057500054F9F3121CFE05E6D8400BD92E35BBF4E4
:1057600011F61F25EF3907EA0226FB0CF41BF2C3E2
:10577000D1DA0219E7FDFDFA2E0D00EEECF5F52564
:105780003F0D1BE0133C0BE1022428DDFFE8090D6F
:105790003CE70EFFFBFB23FE273109D3DAF9F40FB8
:1057A000001B44F1F822DD0315EDF5FF032FE7F0B0
:1057B000EDF0E1162EE3EC0BDE18E5D05BFD18A64C
:1057C0000F24D005CFCBD6D40A2224EAB60DCBF2D3
:1057D000233FF1B2F51AD71C812FF6740324DFC4DE
:1057E00063F205D219E447E34217DD21110909FEEE
:1057F000F404FCFA220FC12BEFDBEB711A042DA38A
:10580000B8CE1912ABF407412004FF1EF04D1C3333
:10581000EC35ABFE10D5174FEFEDEBEBB0D2DC1D46
:10582000DBDDEA12F3F406E01B1042263BB2C903AB
:10583000E3DCA9F918B4D714E13E1CBDC8DEF500BD
:10584000112A11F1FD05EE0EE1F527E1E8E4FA0079
:10585000E333F1170EC0E601C78A4610EAD6F4FA20
:10586000F31F17D8DCEAF01561FB3DEEFD060E06CE
:10587000DA182FD5DE08103AEF23D708D3F4D7DA99
:10588000F7CD1BE61301E2E6D7F11EE4E3FDEA18CB
:105890002AFBE3D1D32AF1EDEF3F25BEB4D0EDDBF7
:1058A0002CD4D3DC182BD711292BF9EF26203D035C
:1058B000C70AFCF5071E17D7E009E981CBEA0EED10
:1058C00012E0D3ACED2BBFF1430EE5DBF7F90D0B86
:1058D000410A39E6EB261FEE17D1E0FD0CD512F197
:1058E000E42CD4E3EFEF19DED705BA17E6DE0DE1BD
:1058F0000A1408DEE921D5141BD804DBEEE0E7F832
:10590000DFEE0DDBEFCE0A1C1226CE09FF24F92EA6
:10591000C61615F8FC16202520BBDD4F20FBEB1624
:1059200001F8F5DC10F3DEBE200C2006060F12266F
:10593000D5280DE223E11BCD18E74923EEF8427884
:10594000C708A5CAFDA8FC28F04A887A07EBF8C664
:10595000F1E2C30E04F0BEFF57E7E3AEECC6F8C7B2
:10596000F69C353CE2C2030DEB1FED1FAFDF0122B9
:10597000210CFA42DE15158ED5AACD982729BB6ACF
:105980000CFC18F704307CC719477EC2DBB3E11961
:1059900039D0C70A0220FC4FEE04DF181E71E50063
:1059A000F2D41DAD1DEADFFF00D9B00677D9DABE0B
:1059B000F9D007EF2AE0F5EF58E4180B1F1F38FB6A
:1059C000FABAFE23DBBEE4EC50FA242293CD2DEA92
:1059D000F62340435ED6B1FADBF7FF7F1896A62187
:1059E000DE19DE813FF9EFD0EC7C1144EF1031136A
:1059F0004F4ACCFAE829EB290E37E209DEDDE2AAAC
:105A00002607FD110AED127FE5CCE518F82EE8EF28
:105A100041F0DFD6F21F23ED0E5A320702E91EF0E5
:105A200013CFE6DF330A073B0F1117AAEBDBF2E1D6
:105A30001C09C105E42230AD24E6371CE518E82E28
:105A400015A6DEE702E2DCC4F524DB02F9D7F61185
:105A5000E0230EE7E725C5FD03E72AF2EFFA36D685
:105A6000FE01DCE00518FB3AAFFBC412F4E8084184
:105A700011FAB30413320FF626F80005F6F7D81121
:105A8000D5D6F5021FC827EE1C3BF411F9CF1347FA
:105A9000FAFA33E9ECFE030C34D6FFEF031E0B0ECB
:105AA0004A032E1301BDF228CBEAFBFD04022CCFE2
:105AB00020EA06F23FC3E7EBC9E0DA38FC6F042ABC
:105AC00013EB2304E20CDED0010F43411DC8F2F8B2
:105AD000E935EEE2F10611CF0581F1C50FD9DC11F0
:105AE00025511EFECA0F0EA82FF13AE64210120DE4
:105AF000DAC4F4B1E24CD31DBE33DAC43DFDD36643
:105B00002DEF37E9B4FA18F4B8F2F4E9F9C91BEE4D
:105B10007C3701DDFFECE41C0AC3D0FB31FAD5D69B
:105B2000FF111D44D2EE2D33346DDB30D315121C22
:105B3000C5FB300BDCD0E0E206DED8FEE8071B0E2A
:105B4000FD3DC813FAEBF2EA3D27F2B491CB2CD11C
:105B500028F00CA102071815A5051F32F9D30FED87
:105B60002417220327DCD2180B073F361E2A02FC1B
:105B700006F2061BDE2204C9D4A6B803E118F93BDD
:105B8000C9E5D305D004FAE621F8A60CF3C93FEE27
:105B9000F1D2940F7F19AEEA01160BBC480AFDF64C
:105BA000C5CECC14342719EDBFEDFB30260B40F3E6
:105BB0007F39D7E4B2F733DF1A1CFFD4BE0221329B
:105BC000F9F3F132E5B0B159883DDDCAEFDCBB3401
:105BD000103746D5EDEE0CE0970C492BB221BD1FD6
:105BE0003903DD0B1A2C01D4DCEBF3D2E60DD32CF8
:105BF0003D69B67FCE0981586CA9ECD232DFB0E99D
:105C00001E30BBF7F0FA35400B24DD15B90831C45E
:105C1000322CCA09E2F52416F7F84E2E70372C0202
:105C20007FD2CFBD2703EDBADE1812BAE5F1031F0C
:105C3000B789FD1FDE8B0014C1E25515F6E01BEE9F
:105C4000ECCB1FE9261A144DF9D6C9F429DFE01769
:105C5000CFE1E115B76305962BDABDF02656142C7B
:105C6000147FFF65D9153A0FD21B0A28DA32D97F83
:105C700035FA129D2FE3171C5FEFF9C7050ACF1BFA
:105C8000FFD412B7D0152DCDD5F8F7BDE6E0E4313D
:105C9000FAB4CE0AFA1EF232DBEE8103F0260DF2E0
:105CA0001CEA1FD80507F9DACE2004E816260504F9
:105CB0001BF70BFDFE16FBBAEB16E82ECA261321C6
:105CC000282916E60DF418C4F9F62F3BEAF76542C9
:105CD00005579D01CB182F0EE101DE03EAF2261ACB
:105CE000A7E767067E1EDDE2F5DA495CBB0B1FDA2B
:105CF00027B6DD088C1F81FBFB41D0F7300D273024
:105D0000CF111293BD2A2D7FC266D9E7E303D7CF07
:105D1000170F120CFFA3B4CF0F22C2F90D26C9D260
:105D2000FB1C225F043224F219B4F80EE6F0F9FAF3
:105D300010F73603E33E0A0FF1020E97D92109C589
:105D4000F6070406F629D25CAC260EDDE80DB23368
:105D5000D251C581E73200F824C4271106FDFAD9D3
:105D60002BCFC8170BFB3815DED4130E352679E67A
:105D70001021B07FFB0CF1BCF2D3A5D2D4D403C761
:105D80003CCDC0031E4A14CCBFDE12FB19352B29B3
:105D9000F618C5DABA2981F59C100A2C1F2107E0F4
:105DA0000BD2CEA824E91111C4E7E62A11CBB1EF3A
:105DB000219BC3B83E137BCCF5D15FF1D5E71DE342
:105DC000E04938D6D0D77FEAD007C2E9EDF8E0E461
:105DD000C20E8B5308C87E8ADC5111E015FC41DDF0
:105DE000A538E0F85DEEB21E8127F20A49462E4141
:105DF00012DA45EE1EBE33DE0C5E9C025972055A65
:105E0000A41B1BAF8F05F0152FEE39E85B02D0D62F
:105E1000A1CDBD41E50B20EEF8B2E50310FDCFBFEB
:105E20001B73E40237E181F6E32401302927183897
:105E3000532B183A0E5E322BF701FB28BAA50B1C28
:105E4000A0DE3255C25EFC0E480614E93E1632282A
:105E500025C80E0116EFE1E1087F3ECFFF20E5DC0B
:105E60001BE9CDE81C07F8DAC3F04916268A33F996
:105E70002E13FC560CC7C704F0B91666060DD3C620
:105E800021E5DC0F9B11BCFDF8B068470B33AF3048
:105E90000F1A2E1204034E22B4DFD00D594266CDE4
:105EA000C5813939E735E4267FFC22440F12F40F0F
:105EB000EF25DE0EF9C5ECDA22FB83BDD1EAF32231
:105EC0005BEF194504CAEF5C02A9DCFAC423C9F4EC
:105ED000CA2DA8395BBB2719E4E2F2ECD5CD1D0D24
:105EE0005E31251EEEFE0A3DE6E103A8F213250011
:105EF000E4F5811E50B8455DF0CB3E05121CF8F666
:105F000023F0312D08D4F520177F222B02B39F0AEE
:105F1000FDFB4AE7BE03621ED6D1AA2C3DFDEBE095
:105F2000A5B9EE10EBE52DF6F4E217FE07EF32D13E
:105F30000711169FFBE023E9FA1600FC08C104D6FE
:105F400011ED81FCB618EC080AEFF3A870EFCD0F45
:105F5000F608D6D0C228F7D3F61B7DF8DB34C3325F
:105F6000032BE7E2B433EEEABE442808C933BB038F
:105F70003A240516B324FCFAD82407810308A5188F
:105F8000BB20ECA8B2B236CDD7FEFB03D7A172047A
:105F9000A3F4FFE51976A4F50BDA28FE1428EE1F0A
:105FA000FEE5D9E94E10FB201DE81EFA180F037F0D
:105FB000EBE0E0EAF21CD3FADEFAEF3BFF0BE5C0C0
:105FC000040C30D0200D04052FDE12FB017FA91632
:105FD00014230E0AF01AF8A6D0F80D0DF7B614DF48
:105FE000FCE21EFAEC9229B907F064F5DE2CBC1035
:105FF000C6140234CEDCF7112138B7FB2AE701556D
:10600000F9CC0C4233357FE6B2DAE4D8FA282BEB30
:1060100000E06BF54C131213E306581462140AD80F
:10602000E0382CD12152D83F1B25D3E6C7FE782477
:1060300025EB1676FF1AD5685933EB2B4705F01A76
:10604000E10FD95FDBD1D492FFE2A50E02E7ED218B
:106050003D433A81FFEBFE6F0FCF3DB927CA5B830B
:10606000EC8113A83CEFE9F7E864F7C6A7F444DE37
:106070004EE703F5109DAE1178021FE68411488D9E
:10608000E52B36AA360C723E2D2C28DE360DDA3B77
:10609000E71B252319E0C60AD219FE26EA09FEED00
:1060A000151402EEEAD1DC7AE4ADD0B9CE7FEBCBA9
:1060B000F70CEF42DCFB04BAF7E21337DBC911E758
:1060C000FAEB1446D4F528DCBC2981EA10E2F81F6B
:1060D000F5EE05E1C7E924D5FB10E614D2D1CA08D4
:1060E000F788D5110CF738A7FF0BD8EAA5DB47D9FD
:1060F00002E234C020120FC6BB0136055681C5F23C
:1061000017143E0831560954A0F0C7D8DE06F9A28C
:10611000FF17123C69F9BEF2EF00FBB30C41171DEB
:106120004AF2202F132031D941CF81E0590B26C9E3
:10613000C62022E10EDBDD1EE72BE1FC0AF723146B
:10614000EADABD46F811D00643C15C651110007F44
:10615000110FDDEC59C4FFF5E926C0C1500B10F456
:10616000C6222C34060F23062AD3FC38F219142039
:10617000C9A238DB38E640E140A1B4D6CF481801C7
:10618000F102331F679D0514E110191BDE2A01D4AB
:10619000C97FCF171AEBE3432F00F00E0D033C2A03
:1061A0008104F839F217F12BA22F3815FC1FC21504
:1061B00011EACA1608C82DD256E1CC2AD0E5CD087E
:1061C0006306EEE6363DF0D4311C63480CFE7F0FCB
:1061D000983D2AE6F61CCEDCF4DF4EC72DF5F2A77B
:1061E000032E1404D1D4FC00FA0ED4FA140D1506B3
:1061F0007FE6FEE5FBE10E021DBE8121275AC2109B
:10620000B571120CCE0105FB110DE9FCF118FB175D
:10621000DBDBF4E10496A91E4EEDF7F9A4FDC6AB55
:10622000F9C6BEB2B9FDF3662CC5DA19294CE52CC6
:10623000E6A0BDAE2CEB387FCBC0BBDE45D4479A81
:10624000C11974344A52ABEDD2E140C874B78FD251
:1062500022058ACC7FFA0E56F9CBECE50DB0011180
:10626000F33F1004278117FA27020BE6F5EAF61828
:1062700037050CE803FED0DC07F50FDE4C1B0A8463
:106280000B21FC24EBF3343F181BF53F3517360385
:1062900004DBD38123EA070B2868A0784F2AE9FEA4
:1062A00081B31BEBCCBFF697F361C4E60136BC0F9C
:1062B000362B07D2CA089C4D082181E1220EB788EF
:1062C00059A93470E70B3F05A8CFE2CE04FE051EA6
:1062D000EFF9FB293DEB1CC1E112FC0AEC1B0D237D
:1062E000F4E7D8DDBBE456D538C4F8DF38F8D3C8B6
:1062F000EFD70A0FEFF87F1A1F618358EF32C9E317
:106300002D45D3FA7FE437C96CF49A4EE091F6EF4D
:106310004313F905C72F30C522E7BE3DC1CF391061
:10632000053414F07FFC2E4AC060DA9AEFE4D2B54F
:10633000FE75DD4A0FDDBA4019F73317F5EE0EE1B1
:106340000C107F2DC8F008E91B3C201B9BB4EFDB31
:10635000D4173026FC3CC4440E25EE160F10DEE2A6
:10636000EBFB27D702E5FA8D130C7F21022727D8F4
:10637000FEE1CC3DFAC7EE24AD111CEFD12DC51ABC
:1063800000F791CF0F052034EA07FB21D27FDD5EB5
:1063900020CCFAFE9CBFB9CA7F1508AF171D17F6AF
:1063A00011F207110F39B6040322BBEDE9E0E51045
:1063B000E8EEDF04232A5C2D7F10E511C93B22CAD9
:1063C0009B27F31EEE2D3466D8CF2550F501D1FA68
:1063D000BADED611CF5503FEE61CF5E71D9D390C3C
:1063E0008C0CF90FF9F42008E907EDE3E8E08117D8
:1063F00045F0CE46CA16EB2B2347B6ABE6AB2CD9FD
:1064000081E316C3F716DEB5211E21F5AD29FCD0B8
:106410002098BB2CF9D1F60630F9B9BCEB9A5C4C4C
:10642000C269482208D9C7816D292DE0EC09CD4603
:1064300055B6223D072D2D45E81C18010407D07FD5
:10644000C88FF44200F1CA25F8A62C07CB9F29007B
:106450003A0AE8B3DEE9CE18FFE4236A101716A75C
:1064600034D9BBED1B00D8D3E98DA14D002100DF4D
:10647000086BB6A9CA7FE7B1F00FEA2B92249C3FC4
:106480000FDCCC344646E5DFC34EA3EBFCCE420323
:10649000ECF033FADE81CDF4F581110FBBD5FDDFD1
:1064A000DEB14F23D9DBE3180B1BD616D2CDC0D1FA
:1064B000C709B20FBCDC16D1B2DB1031D52307F708
:1064C000DA34F5600ED2B9210C302EA4EC11CCEEEA
:1064D00008DEFE0DE04A7F0AA73A180EEB49451286
:1064E0001202C3FF16E0F881C69CA23C3320FAB624
:1064F000073DBF125416ECFD8813C6D0D4D1211627
:106500002C2E1BB2D3328A0CBA17D74E4481F81EF8
:106510007D154C62F1CA35F9425D4628B2EB25B3D0
:106520001F40F9FCDBA53777E806F4E4A5DF7FD050
:10653000251C71F4A2D2000A30165132D40F14ED8A
:1065400025B8257FCBF81FD1EF2FE8D4CBD61ADDA5
:10655000DCE5B6F30B1F123B050BE9DFA5354DFE5D
:106560000B0B025535B4BD0E09FFF9049BDF0C037C
:106570000009FE1A00449B814216C0C6F31232D3B2
:10658000FBF9E6DEF43F2F3DF3E8F1E6ECEDD21A3D
:10659000C7DB7FFBBB02D0B1EFE53A2207BF04CED9
:1065A000C10DE77F311628E620F04440340AC63C8E
:1065B000DA1E4F2DDCD2D327D7F0B923A90190C022
:1065C000407F41C90BD9E8DE26EC221045290E2276
:1065D000AFC9FAEAFF401167A5FADD4108E21F8A58
:1065E000191AA814D2E7257FFE0B052BD0F83D041D
:1065F00015A4EA1B302AEC6A33E9F085DA79A6F0B3
:106600009C1507B7DEBF103CF67F22C3FF9D0B0829
:1066100007935C3227F0FB5EE005B428F22BFB28E1
:10662000F20CDA1235D0280BBD12D6F5117F0E16FA
:10663000F504022BF195F2691CF83025EC2634DCC8
:10664000ED05F62AF31A7F3AC9FDE6690CF495BB0D
:106650001DD9CE33E8CE1E04AB167F1DC415990597
:10666000B50C1A1A2A51C60E0321FA1FCA3AAB04F6
:10667000202CE1092E49085D603932F1C14F518368
:10668000EBF7D3CB375AF8BD3DB5FA9FC47C8106F2
:106690009CC1A549FBF125D9468B3C4D900009F0E2
:1066A000DB074CAE5F06017FB3463EDBF2E1A59807
:1066B000FD43BB4829C792602B0CBDCFEB891FE778
:1066C0003006670E1B61230168C274351C3BB2158E
:1066D00013F92671D701E07F1A74C204D05B1FD072
:1066E00081F41E110420C6E647D2FDEC37C8FE1E19
:1066F00013F98920D4DA3514FAE59AF1CCDC238138
:10670000C3F4A8334F29F5DBF0E375C6DB011F9F07
:1067100003F409AEB39EDBF61613F1B181320EC855
:1067200010D431916842F46AF9393A191B1A98EC7D
:106730000E0208D7FB1987BE433C46FE1F022FEF0F
:10674000C828DFF3F3201E04052941300300F910A7
:106750007F06F9E8E552F511F8DE10D8E9F60B0FDF
:106760008102CEF108D9F3B2B817A9502B5AE0A391
:106770003D0C1BF13CE513F1DA33ECF7D5F07FFB70
:106780000943A911C7183D002F2FE508DD18CDE6F4
:1067900050C105C23418CE67CCF3E1E8FF7FE511A4
:1067A0002715D0B3FEF5F724FB0438492D66955E16
:1067B0001EE0D734DFF4D6EAD4F2D8C3EECEBBDA8B
:1067C000DED8E6133913182840691156DB53D7FE7B
:1067D000F86EB2811D1DFE180358D50312EECA14BF
:1067E000443624F87F3A421ED973E1D028CA07EC18
:1067F0002B3115220DF6C3F656244536DCF31BEB80
:10680000151458FF4D3E1BCAD2CF06D70C0E10DF11
:10681000390A172FE6BF81DE14EAF036ADCF04E661
:10682000811522D75BDD07A5EE36B3DE1109306096
:106830000CACC30A03B8DD1CBBA64131040D228297
:1068400005CFF3C051814FF4C46711DEE4D0B83CEA
:10685000341D2953D4EFF66909D3F6EC1F0C63F20B
:1068600012EAF718DF191D262C730FEEA9D732276D
:106870004CEE7FECCAA40C1EE1ABC9C4DDAC15869E
:106880007FD9D63813AAAE362D11171BF3E00FB8F7
:10689000C43BE70EDB5395C01CF90DD9C0EE5D215A
:1068A000AE143162495316C1FD0BE0D923FDF77FC9
:1068B000440609230883E1680F1EF301C3CA063D9D
:1068C00001C4C1E927D40918031204E1DDDA0E1E60
:1068D0007F0C2D19FC4132E7FCE5D6591E2A60FADF
:1068E00081E7EB07FB25CD03D62EDE0F13C14D64E8
:1068F000BCF6D007FEA0C56913043731D3AEBB5533
:10690000FF7EAE9ED01F5DE2F133292B3A6DEE077C
:106910007F9D1F1C64FA3643BD39D40529CAF5E2B0
:1069200081F04DD7DACC39DD060FD8E9DE07B7FFA5
:1069300046DEDCFDA92BBC56DF3FB8CA0211FCC9FC
:10694000ABF5DE2F0144E3402255D1F91D0223614E
:10695000F934810A3AB60DBCE526F5FDF7F129DBDD
:10696000C3C035E72FED1422F91BED0A232D7FD389
:10697000D9E419130A1004E705F43F101CFAF7F7DD
:1069800015F8001407C37FFB292CFB37D5003C1DED
:10699000FE2ABA21B22AF425081F2ABCDFE1FBF146
:1069A000FD22DBB8EBBBF9BA60F4152E1BD67F01D4
:1069B000201F3D52133EB51DE6E51518FCCB24FC07
:1069C000D3150A0B141B1534C204E5AB1BD9AC213B
:1069D00013E31508E77F4D08BDF98AE1D0F755E7C5
:1069E000C23CA97DD8CC98E305D9C90EEFD70FDDFD
:1069F000A3ED0159F842AB81C2B433BAEEC219F823
:106A0000E37F33DB63357834389F2DEAD7044719A9
:106A1000FE97B62660A67307EFEACF46DECBB4EC4E
:106A2000F24228E1D52021C6B7EA270F027F290EBE
:106A3000CE18FC38DFEAE0C9C5FE141A1221370669
:106A4000F5D5350545F6FD2AE01FB71320087F0070
:106A50000F08F6ED37D9BFF418262C0AA9F27FD11A
:106A60000C16CD44D201AF07CB381110B60EDC1492
:106A7000DD02C2CC27CC0F5F2B0BE4BD2011F3D875
:106A80000817C4CC17DE2E7F00F90852ED0411F56B
:106A90000E07F6F5CFF993BD015C47E11F2D0CE61B
:106AA0001BE3DAFDD3F18F08FFCE21F2C6EEEC0531
:106AB000F57F09052EB923EADB00EC2616F12C0F31
:106AC000E80FF413F71D8109A92654BF0316DB1440
:106AD000CEC40F0EE17A39F92B063BB8CCE7E111B1
:106AE00003CB2012FACD5D3E507FF4E2C8F21D22A6
:106AF00019DD2A14E91F1346F71D50F5C91B1B7F2A
:106B0000FDFD5E3EF509F42E09252FD201FF122668
:106B100005D90704FCF7080C02FCFAE99CF27F0592
:106B20004704AE50C5E4F7BE0336023BCB30E0016C
:106B3000023207B617D8DAEA250B0C7F2BC3212CBB
:106B4000FB11D0AAD4F9EBDA5230D80BF647B8F6DD
:106B50005C1D1F0214B9E8ECD00CDEBD1EF40C82E3
:106B6000091DA60CC481154815CC0D351D1FE6C6A0
:106B700032A3130A2A6D045636F0E70F017FBBC219
:106B80000B2CF414D2010BE2EC0A0EF21AF3B7F359
:106B90001AE11F187BE74620E73201B3087FFA2F7E
:106BA000E7D02B0B050100C906365CDC4159E9141E
:106BB0001EF0E512E8042B470D256EC6FDF347EAEB
:106BC00029F506DF5E8F832DB11A6600E107D82311
:106BD000F0B17FB814091B16F5D5D4E4D4C62A4900
:106BE000F336135DB7F728A75DD983814E33CA000A
:106BF000A1B60143E2A3446CD3A5F3C6F3D83CF994
:106C00008103FCD9C7A6FEDD77470F08221D16E1D8
:106C1000A6DBCF0A1099E9352BCE18FFC2049942A2
:106C2000BE003ADC1B8105ACE6D31BE9C4CD0631BE
:106C3000EBE10E40A3D302D9422EE0CE03F1EAB835
:106C400024CEE5F703C27FEEE7E435E9FAE2C55367
:106C5000B8E3E5F71C3013FD05DE04E8E3B7E5E92A
:106C600067387FFFDFA738C72505071D18FF420CCF
:106C7000411E43321256DC6EF60509C233112F1D38
:106C800008FBBAC5E1E75A24FEE41B491DFCE0F805
:106C900059E61FDDD8BB81F821AD812137EFD7E45C
:106CA000EE63E925F723FEF12EF632D7193AED16F9
:106CB000E9FFE01616D4A918120CEF7F00E9D0B353
:106CC0001D191CDC22D238BB72FD163EB5F541C73A
:106CD0002E2A13ACF04F262408890457970D5A1416
:106CE0002A21F3F511D915A081E2F4EB0C0FEFBEC8
:106CF000C29DEFE19E3D0CFBE9F8EFF27F3D091FDD
:106D00003030F6C8DD18F31414D1DFA0C1E034D45C
:106D10001FF859FAF80FDD5CCADCA56081F4723601
:106D20000B953A2312E30E19C406362CAA1CFB1845
:106D3000F138FCD84103163BFBDA3714063B6527D4
:106D4000D919EF64E0F32262D1F70EC9294B81FF14
:106D500024E1F830983641FCD6CEA732FDE9BFDAFF
:106D6000EF7FE230E35235D03CF31B03D53993E695
:106D7000CCF9EBFEDDF5E6D5F000F0187F1C132111
:106D800017EC7FF40AF60F050805FDFFF93C7F5468
:106D90000629190D4214497F4A183619F27FFADA8A
:106DA00067DFDB51F6285A1A407F3B03CA00FF0C0D
:106DB000FE08E20D037F0C008104E6B8D20192F9CF
:106DC000EF15F0197F2B0F6108FF1EB51B7F92F4A2
:106DD00038B8040E040C7F11021304115217EF7F10
:106DE000EC12F716F303F3317F340E3A2103030656
:106DF000107F1B12341B02FDF426492A287F320122
:106E00000C00007F0308070A7B137F68627503513B
:106E100010F71CF10416FAC881CA010E0408E00438
:106E2000F57FFC1D7F3B1B043D05F028007FF7F23A
:106E300016FA01E906FB0FFC1D7F230B6E081F05E8
:106E4000223A81381B1633F406F781E59D20A814F9
:106E500001A8F3538D7F671C68FCFCFD0181FBFAE0
:106E600007F8010D02030206047F06E7F1E4E07F64
:106E7000E8E5FAE62A18312C813B18161E05FC0CB1
:106E8000881581DC19EA7D0A7F8F2792D908E62AC6
:106E9000D13B23812303D00409A7FEA18F81FB8866
:106EA000FE057FF9FF3AF7F611F6517F48FADBF558
:106EB00003FA0AF119FA75477FEBEBE7FEB0DBCB7B
:106EC00027D0734F7F455B6677247F0F150C040E28
:106ED00004EFDBF1137F222D7F33D3D2D928DF2CAF
:106EE0000DA9FFEE81E7DBA0C7627F6BDD0AE11031
:106EF000020A0A7F16EEE4EDEF0CFA05020111FE1C
:106F000012F77F06EE0AE8277F3E08070F033706D1
:106F1000177F0B160B1203F505D781C805B6FA10BB
:106F2000F312D081C305D508137F20194830202BD8
:106F30002BC681BCC932C2231122F70DFC247F2647
:106F4000090505F929FB2C7F21F7DA0202F7001960
:106F50007C1A357F3FFD7F0C09C804F9F0F0DD8114
:106F6000D8A3CBA5B4878BF1B5FEE981E0F400FB93
:106F70000281EDA8FA99F60AFE0B210F017F171680
:106F800043209CEF898A5881B11BBE227F2E49D8AD
:106F900048130C19DC81D9F8F0F6FAF9FAF97FF9FF
:106FA000F69C03F5D8EFE315E4067F13EEFEEA2B1B
:106FB000B12A53814F22C822F400EB608151F0F7CF
:106FC000F3081F09B07FB105FD0A08D904FDE7F2F7
:106FD0000B7F181EFD22007FF90321067FC80641A2
:106FE000DCFA0EE203F7DC05147F16FE2B0AFF1213
:106FF000058E27811731150BBC00087F0D1B0E2154
:1070000003EC0AB781AA9FB6962613320A81051BA4
:107010000A22011302057F0112A11548F245C5FDA0
:10702000C67FCF7914B81F72247FDB04F1FD2CFFDB
:10703000087F0E0ED70B07F904EE81E7F8FCF8077E
:10704000DBF885B181E59DF2D40FC442E023C9810C
:10705000D75A0176048141F0CE001FE7201C81251C
:1070600022522C0F1D0D1F811D1E3C1DE70FE30436
:107070007F0A0E0B12143B221B7F1F07F01AFB7FA7
:10708000030065FEF327F4F09FEEBD81B0082C08E5
:10709000117F1317EA1509030C0ADA0B7FFB77043B
:1070A000D7F9BFE3BD81A089A927A205F40A091E6B
:1070B0000AFF7F0CC38EA75F464284B481F5BFEE02
:1070C00099C58109BC0E037F090C3A09F9FDF41C2E
:1070D0001917DE7F10EF11FDD52AFB35C40EE9E547
:1070E00013EAF1F623D1FBD6E8B6FF0F28E7F32128
:1070F00009020432CDF0F81DF150C5C41BD581E65C
:1071000035F2084526EBFC10FE0318F92738EBCEC4
:1071100020C8CE3C01C9DAD123F910F502D824EAFF
:10712000001AE9E613ED002CDC01FC0B2AF6062B15
:10713000E1EDE632FCD514D40D4F0910B1060A3B3F
:107140003AE4EBD41420F35A9D5CB7BE7E6FDAC4E8
:10715000F9CCF51226D53D06E47001D2FCE07FFCA7
:1071600003F44224FFED15F819042707063ECFC0AB
:107170004CE0F755193402E920FB42D01D0012FE05
:10718000051DD8FCF2341EF7013015144B19E840E8
:10719000EE0BE325521C0023F913DFE4D316D9FAD2
:1071A000E3F5262A0FED03DA09F31C49D222D311A5
:1071B00021352121FAB2E7810599F80C2FC2C925A2
:1071C00016DEC7E9055CEC37FF08FDFBDF09D9F2E5
:1071D000F522F6E32B13C452F70A0E4807B0FCF170
:1071E000F51400F9F5ECF9E8BBF70D2DDEC31F32FD
:1071F000F4F135FEF3C0FB32BE54C3D0D7FEA20972
:10720000E7A919EB60C8F0E6D67FE804FCC316CD09
:10721000252E18F0E0030A13DC8948FD080021D16F
:107220002CC4C6E3F908112521BDF4111240F5BDA7
:1072300034C305D60FF30FFC08028B15EB030FEEDA
:10724000F8E0121C0F05B4F802F219D4341DE8015D
:10725000E0E8E81CF5D71EC2D8D5253F0BE5180499
:107260002D2E2D190C062FFE5CD8D7F9F009EFD181
:1072700000042BF6E017B3B51CE459D3FB21B5C9C4
:10728000D5F52CE62D42380930B02B0C211F128188
:107290002E383425D2FA044A0010042207D0DBC766
:1072A0000A2EEF2CCD171812ED22E2D905D8F803DB
:1072B000DBF332DCBFE841F4EE1E12151C03F37F52
:1072C0002800F5F212BFD6E02BF935180F0A10D0BE
:1072D000F2E8E6BAC6E3053C103BC40920CEFEF353
:1072E000D7E8092DFCDDF002E9DBEBDC1C1CF9E939
:1072F0002A10E6241AE327FCE72B2EE6EAE2EF0643
:10730000DAF125FCF4112F00FE1D04BA051FE3106D
:10731000D6E0F114BF191010F081E30207E40FBFAB
:107320000EF957950BCC4F213D0E17CE0CF9EFAC53
:10733000D5D3CDF03508AE2AF47D05202CF409B163
:107340000C235E18C5FEF22028E1ACE91418DDF12B
:10735000051B1367DB3226E33604D3CE36E90B9EDA
:10736000EB09F643D1190ACBFC0CFD050A2CFB2FC7
:10737000E2021AFDF6B5B83DDD3009EDE2E30B316E
:107380001B0443E5F9623E1FA8D7FEF2592C2CEEF0
:10739000031801E10FD70005E93915023551C0FE88
:1073A000E4D419E7E6142332180333311C0F7FF4B9
:1073B000EB40CF0922E1125F1F0F0A1829FEBA29FC
:1073C00000C2D6DDC5BEBD072A0D2AEE321C220B37
:1073D00023EAF553E0D519ECF93708E91C1CFF1630
:1073E000F0293312B5A04DD1F8E2F1E1CE3D0022F3
:1073F00000E9FFEAEFEEBFAE9BDCFBFEEF0363C5E7
:10740000C61F8110312D3733D2F0FCFBFAF2F58D17
:10741000FE3A08D460EDDC30DC26FAFECBFDDA253E
:10742000DD08154FFBF3C1E21BDDFB09EBEAE4F2DB
:107430005F0763D3E292DFF12A0EDAC769F1CA1F50
:1074400008351E0AE0EFFF32C12605D1F3CCBB5B45
:1074500016BD24EA06D70614E5D0F93FDED6B32AD6
:10746000EEFBECB60AF9EFEFD627CBD4E9D145EE27
:10747000BAC413810806DF1A09DCB90FCF284F0DF3
:10748000D71EA6E4134635C0C8061036B9D106117A
:1074900025402C00E74FE23C04E91800DF81DDEADB
:1074A0004435F6DBCA592B5723B532C6FD03128784
:1074B0008D6622F9CDD3D64B54F238C872E409D484
:1074C000D5A5D714EDAF33D660BD36C2F6251FDF84
:1074D00017EACFDB255067F74F622D89CB51C7E004
:1074E0001ACE4136FD05EE2362E3EBD3370DBD988E
:1074F000CB24EF4E10B61BF9E9B359E9F3F2CE12E3
:10750000EC3C1443920281E9A5530F07D61E2B22AF
:107510001F05243BD8D63216DB3552060319FBF97A
:107520002CE30E063B18CF23202431DE56C701BFC3
:10753000DB2626DA0FBB17951D12FAE537F604F1A4
:10754000F91C52C207D2E136B3F5DA10DCECF915BA
:10755000DF0624E6C30DF8C88C9ADB70B9EDC92CA0
:1075600048D30F0EF8E3EC1F23ACC227E8FBD5EBA2
:10757000E80BF507A2ED0AF4089764BAD84B2BC8BC
:10758000F702EED20D9F3E280BDFC0397F0AD6CB23
:10759000FBD31D1615B220FE033626E2EFE20BEBFD
:1075A0003BE4ED1BF6FA3C22433E2CDA3FDCE0EEF6
:1075B0000A0BC013081454ED310E9DE63022FD7FF6
:1075C000FECFBCCD01D9EEC9CBB9BD11E03916DC77
:1075D00044D7EBFD0AF3EC0BEA253B2AFCAC131075
:1075E0002CCC040CF2DBDDFD2A15DDBCC123BBEA8B
:1075F0002B2D05359EBBF2C40DE413F4ED4954BDAB
:10760000FAF3D6F1F71F51C7B52FBC42150A18AFD0
:10761000080B285AAB4588EC3749EEB43DEC9DDFAA
:10762000EB25E0082AA298312630331608EAF056F6
:1076300027D38D22D8490DBFBA13C209FBE6BEF588
:10764000CDDCF8B706D0BF32CD24C6E881F109EB16
:10765000F49308E3EDF3D55FF6E5EA54F9675DEDE1
:1076600084B700E21BFD21E929E2C25D01DDFB0CCC
:10767000FB021A87FD0EE4DCCBE47FD0D129CBFCE2
:10768000F4E4BF0AD2DAE80AF7B069171122340B22
:10769000FECCDE2302E736F0EAA7FEF5C8CACF0427
:1076A0000609CFAB101ED5E2DBDE161EFDBC315045
:1076B000EEF2C0DB073002882C2CDC07BDE816F99F
:1076C000ADDC1E2105080EC539F61DE3FFF815F3E4
:1076D000C00922CD1B34F1F8D081F11DD2EEFFBAE2
:1076E000D1DF491C0EE704054E4DFC4CFF2451F53B
:1076F000D4E4DF20E041BF00C6D94AD414AB12392C
:1077000003BF0732E727F0341E260CEC173933325B
:10771000DE0E14036EF3E21ACBF0673ADF1E1E256D
:107720002D0827D9DF2FECFAEAFFAB0CEBF536DAA0
:107730004908D40A43010FD2C8C306E3D6E813129E
:1077400018EC0D1EF5EDE0ED921915E409428D0FD0
:107750004D1EF97A5AF54BEE053C1360F918DFFC23
:10776000EDC82E22EA1A2BF2F57FE54BE7DFA2CA1D
:10777000DFC0EA152C030A004D2FF3301F2B071131
:10778000D62A18F210DACAEE00C30E17FBC730FE75
:10779000FF4AE3E81B3ADC29CA1807F458BD39FA56
:1077A000C7F7A5FAA3E920BCC07FE02BC817431A8E
:1077B00022D8F0351EBD461CEB00252215EDF11E2A
:1077C00040E615D26AF6D7600B332A3C04D0A608EF
:1077D000C703B121D8EBDB2B00EE1F1FC1E6D3DCC2
:1077E000051BECC636C42245D73844DAE10C32C456
:1077F000E71DFE1910322F377F1BB9E9F4F1073B63
:10780000C9EE392AFC2C394BD3992D0E90B0520376
:107810000703A8D14BE7E7F31BC10C2315D8DE42C1
:10782000E902F3A8E004E4E6F1F9FAED2F272B5F73
:107830009DFC53EC7CC4AC29E2ABD60CD131303E7C
:107840001BD7EBEE111F02F125F8C006CC111BBFB0
:1078500021FFE7B73C3C31261352F31CE6FDCD81F6
:10786000FAD6CEFFE70AEA1FE2F6FC222108F3F679
:10787000EFCFCED3E611C70A47EBC7240BF0E0F0F9
:107880000FF4E5E2DCF6F905F4F2D4E2D201E814F3
:107890002E29112EF405EDB2FDFA1F00E6FB032A96
:1078A00010CFECF1F30A1DDD1203EF2EE2E8F50F25
:1078B0001A0632DEFC220F43CB08E1C1E2EEF1648E
:1078C000ED132821CF81E6D92122F210E12CC80046
:1078D00001EBFFF7D506EDF8099D08CE0E1EB1F8B5
:1078E000ABED15DFF101F80301B4F3D825B0FFE2E9
:1078F000F10423011C1D05FA0B0B302AE0131411AF
:10790000051FB4F1FEDBE521B300E82A07FE1B00EA
:10791000F9E21FEC18DF3DD023CD83B9A3F5E805CC
:10792000AD97D40D1552E6F2920FD8EBD2E521EACD
:1079300012D73B4E2BC72BC7FAEABBFB3EE2FB45F7
:107940004111FF1E39F903F7BA6E0ACDED4C310231
:10795000F7DCFA6A7BB1BA2A2CCEFBEDB17FF2528A
:10796000F727CBB737E11320EAE8B11EFCEF13E8A5
:107970005BD0B0FEA413DD1403AA51F6C605EC05D6
:107980001AE9BAD52FA6E012FF6C043EC9020A1A02
:1079900009B9FC1136450812B6A05445A6EF810E70
:1079A0000C18EE0E0516CEC82001E737D808E549B9
:1079B0002DFED209A3ECD5CDD90C341EDD200CEA66
:1079C00010C5EB2BD02E06F9FE071C0C1C18E7B2D5
:1079D000C62A19066711E225551ED1F5E2DCE9AB8E
:1079E0009A0A81C41F3CF340C6EE2F1408AD35221D
:1079F00022B81C437B02442621DFF43DB0B8F92CA9
:107A000024160AFD20DBA2D70923C7D7CD190D1DE7
:107A1000EDF0CBF1BA1896BB13B5DBE5262123F4C4
:107A2000E9E9282848583BDE39D7A808C0F1D9D75A
:107A3000F73CD1E1ED57E8F62D27A32A046434FF83
:107A400024112738F17F57E55F5BEF3CEEF0D8F665
:107A5000DC2FD52D3125B4C92DE3E1E5242DD43813
:107A60004A29040FF73503C424D5141B07F0B33F8C
:107A7000FAF139FF21CAF10B06F1270212EBF1DD11
:107A8000F420ED17EDCC2222B610F40700241641A5
:107A9000021F0FD7D50967C39C23D9D5FE5100F922
:107AA000DE273016D694F5B5091CDE41FB12CE1543
:107AB00003EAE6040EFAF2FE8108CEF0E6FBEA3DA8
:107AC0001AEB0CD5FD2202C4F535E42BFBED1D4E5F
:107AD000DD10C7D20C080522D0E92A3213CE0310DC
:107AE000F204DED7E8CAE9F2DFDC1C08E811303125
:107AF000ECD81FEFD4EB1BE0E246EC0AE7BC0B7FAF
:107B0000C9ED30C1B7BAF3ECE63A53FAEDEC86B8FA
:107B100027FAE6256D1FEF3D5333D923DEEE93BFE1
:107B2000E72712F3B91E161130FCB3D100FBD4DDE8
:107B3000F40109FB02E22841200D0CE50ECCAF2335
:107B4000250CF345003EE0DB2509D915FB25BE0DCC
:107B500004F44335D3C3141FCFFD4B204EE3602202
:107B600043B0363AEBF84C093FDFA2030D00A5DC29
:107B7000A3F74E0DE658AB3CC57FCFEB153456E06E
:107B8000C4103735EEFB35E02FCAE20DF8E7F104FB
:107B9000F219FED52F0136A804205BEEFEFFE8E6C1
:107BA0005B11042793CCCF39E315EBCC0735CFEA33
:107BB000F3041D062BC4238F35010E1035EBE104B1
:107BC000F330F2020204F11E1B0FE71C02D5FE0780
:107BD000F8FE7FEE0F1E1BFB01E0DBFEEFEB08065D
:107BE000DC28F3E8FAF809FB04CFE204C4F8F0213A
:107BF000E512F6021213F61207EBE40C13F0E9F0AB
:107C000014DC0520F2050FF4F2EFFBE3ECF7EEFED7
:107C1000F2042008FF050119FB352202E822D9F5FC
:107C200007EA09DC1E21E41AF2DFFAE92ECC07FF8D
:107C3000F1E37F112A3B192BF613CEF70FFA36E842
:107C4000E64B171DD00A0BD2F909F616CE243B07D6
:107C50002D0BFB21D3C9212DCAEFFEEFCACCE402C4
:107C600019E72816EB32F6FD213012F2F71FE51C5A
:107C7000D5FE220D1213051B2D95D6E2E822E23C1B
:107C8000DEF8FCDB1DE4B839A1EDEFE6D0A513DC8E
:107C900006AEE05F25F33602DECC5D1244E0EA0971
:107CA0000E2ADD2308CBF302B63ACEFECF0F3605FF
:107CB000F6CD3C31163701022BED09E1363D34F4A7
:107CC000FEE40A81211BFEF20DC9FE33D1300DFA0C
:107CD000143614163404B22F04CEE61A000216E14C
:107CE000DDFD3C0ECC2F7F2A023AC5080D112EE98E
:107CF000F1CEDAE9CCF0EF144C2C22F59EF8992263
:107D0000AF1FCE51E9323CEA242436AFEC101052BA
:107D10000C017FCAAAD812466B12072912E710E29B
:107D20001679F4E3250519221F2931FFFB37D07F8F
:107D30000BC60406EC0513C1EE1098FB93B2E603E4
:107D40000D32D6E7E429F2DDE03CE27FEAF47E3E44
:107D50003EF23FE9F42BE77304BE813C0E03E917C2
:107D600018D207DAF8FA587944D7F0D3D2DBE33BDC
:107D7000579E0ACC0F1DF20804EC0A18000114F8F3
:107D8000ECF1E204052A7FF507C5280CEA3DDE0682
:107D9000FEE9EA23FE1F9B4AC1F310F808F528C448
:107DA000CF23FBECE50D2C29B80B083F19D3CA6291
:107DB0007F12AF0DD9010DF2FEC2E55CDB04783F06
:107DC0007F0B2241A11AF7146CB302330BDB45B3CE
:107DD000F5EEC23BE8EEEAECD4DA06F1E9E5E43C84
:107DE000B3C236DFFDBC0AD001A8DE4D11E2A11BF3
:107DF000157FD0E24C261AC5FBECEDF0FF09D8FB4D
:107E0000E3212316F00E14420BA93606F8CB6FF1CE
:107E10007F01D2A4B9E7EC001A1F16F7C2FEF625BF
:107E20002C020F20FFADD52C1F1B4C2AF4D4EFD30E
:107E30007F9AD900E612DE41BF1CC2BE071C003685
:107E40001DF814D9282F4FDB4BF581C43FF2E6F81B
:107E5000D0A3BD16305F182EDFD62C2BFF32201496
:107E600012D3E51FF8E81648FF1C7FBC00DFB41AE8
:107E7000F6B5B804DAF12033BDFDFE1AC6101FD4E2
:107E80000FC9CE32CC60FC1A0E35A0E1F2C019F554
:107E90000DFE6F7FDCED1FE6F2F3F942015070C179
:107EA000127F1395ED04842CE792B7632476836EDA
:107EB000490E0BD365044D016959CC470806454A64
:107EC0003B2F4543110FD42FEBD2E0DCAB099DF5DE
:107ED000FFE4E981EAFD1101C9EFDD4E56FA1F10FA
:107EE000B81081121CEF082336344F23CA2228D23F
:107EF0003E9B811103080645FC0E154EFBAC55B3A5
:107F0000CA05097F65E64DEA81491BFB4076775A31
:107F1000CA55A449200983D7C2A97A633048CE2D17
:107F2000FEEBFC81DB7BC92A230C1C210744D021FA
:107F3000123907FDB52881CF992038E3F7331016A1
:107F40008138CDF7FD6551F118140975F14171E8DB
:107F5000C67FDAAC0429DC31360A20FC8142380BBA
:107F60000ED80DF4CA05522CD941EE0BE6CC78EBB5
:107F70000142CA7F29FE23EDB16BF2C621150C190F
:107F8000815F7117DBFE2BD51E1381F8DA502FECC1
:107F90006A49ED9841A629B255CBCDBB30EAF1DF55
:107FA0000B0E814492170A3C14173AB902E3ECE530
:107FB000342C707FF02C14CE67F5B0DF21B1D7A739
:107FC000DFADE581684FB3D20913A7EF1258FA81EC
:107FD000C683752C9E3ED51608D921FB5CC0CBEA22
:107FE0002BFF2B81A8F4EC3412E0C50D127F0E910B
:107FF00012D84C6CEC07D91B0AE06BC3255F707F6D
:1080000048C1B037DCE3D7CC39D72B1E1811AA1CD6
:1080100081C000BDF52C16EE3CCA13DBC56BD82F12
:1080200081E604E4E4E3A127A5D93BDF2FEA083584
:10803000FCAC7F282B193F55D7F91F64F0F71CF6CD
:108040000FE8F6B7010581F66737478129FB12F182
:108050004BAF75F052471FA729E76FFEA729DF3006
:1080600089AA327F14FBA86C188D07413B15F812C2
:1080700093AE81C9C0E6ED2BF017EF0F14D33C7F10
:10808000F4DC47779642CDB71A0C0F1657E481F10E
:1080900029D73FE5EAFCE5E1124BFA7F1624C3F04D
:1080A00027A605124FB857ACF8B84F4CA30CA50241
:1080B000306A171AF97F1AEFB0C8413A5F20E51508
:1080C000AB8CF281DB3DBDFDF11DFAF513B356CB50
:1080D0003DB87F6FDB11E3240404FC0E7F1AFAD64F
:1080E0000CF6E1E70304FBFA7F16047F080EDA0CB6
:1080F000010601F21BEFE2C4ECEF7FFA08ED1D6C04
:10810000A075168137048102175C1307200D04F84F
:10811000070CED07F37FEF0A0E122481304C0F5548
:10812000FA20F5F3BBF7127F16F181ECED70F6FC47
:10813000100DFE81F7F56C00F13DE9F909FA017FB8
:1081400005011801E22CDE816F838F688CE6FDD378
:10815000B2818E2FD501EFF3FDF77F14FB62060B82
:10816000E314315BEA35398105E607207F351AF1E2
:108170000EFDE437DEEC7FF8FD5711FFF74CCD1C08
:108180003C7F1E0B7F0704AA0BFB1C0114E4143474
:108190007F2FF7FFED247F1F1EA5140054F6142B2C
:1081A0002777607FD6F9E50101000A29060181F2EF
:1081B000B1C5B60C7F1E1E3F180DFE1DA97FACF881
:1081C00045FDEE7FFAFCFE0104FD02FE0408FFE11E
:1081D000EC207F2C177F25303E3C31673EFA7F0133
:1081E000F3F3FFFC09FF09150A047FFD0857FAF0B5
:1081F000F82EF77F57E6F1240AEAEC9B3A073B504A
:1082000024FA37D35DE9022EEC1A180E051E9F8161
:10821000FADF0CA5B2EBC3EFA8F2B72036E332FBCE
:10822000A636F19B662BE9FEEA31E45BD48F15FF9D
:1082300081F5D8481AA813D8C054732EEBAFED1DA2
:108240000ACABA38278D7F6FAC4FF49ADFDF06FA7F
:10825000DE656F6FBDF9BFCBBBF4EA0D44CB1D35B6
:10826000E814BBD528EE09D9B7172400BE88297FAA
:10827000DC0D1921242ED1FE3F22F49D1B08B20FE4
:108280009F08D531D308210975FF7FE8CB1A32E763
:10829000E92C2DF9CC0D5122E0E2122518F1450C04
:1082A00036D0F1DDE815B2B805A320EFFB7F005D05
:1082B00008810EFFEE321E20D10B381D17FB4977C7
:1082C0004DFCC4DFF4C64339F3F57FD500D931FD49
:1082D000F92C08BBC913D1DFED13F72944E6AB191C
:1082E000FE130139E4C81839DE7FC0D704D5EF0882
:1082F000001A425114B310CBEA1C811C3472F5D918
:108300002E342D8A3AB854FBDC3377670AB73E190E
:1083100019E7A79ACAF70DFD2A02D2F4FD1CE57FE2
:10832000F8541BBCF4CFF5372D1E1B07408FC51228
:10833000B106F106F50BEF2045EB1E023AC9EC142D
:1083400000EEE4E67F1122C220FAF7D7C82EE5FD41
:1083500005F963CF4065D4F420D362D94CB6DFD69B
:10836000E0DB2FD02D370EEBBA10FCF581250AC0CB
:10837000120B50EAD934DCD6FC17042CE6F7E9F1ED
:1083800047ECF5021836F70DE013D416163C0F81B2
:10839000FBE5D8BC08E62608F6DE34DDD0F827F089
:1083A00081F4B65DB439DBF341C0E0CEDA061AC918
:1083B000F414EA281E1C244BF602D5F76904383061
:1083C0007F3AF2E8F80205193B265C02E7EF333604
:1083D0001CF305ACDB003617160830A13CC8F019B9
:1083E00004C259EA4FC856C7217F68EFD53D264FD2
:1083F000F22125F0C201BAEE915CF4A8C32527F260
:10840000C07F741641CC1F070744F427EE0A73108F
:108410000C7F4BE60A20C6DAD20AE211CF2E598130
:10842000FB2F632E39FAD3D402D0F60EEFCF81FBA7
:10843000F49CDE22DEE84DEA2125F609AC07401265
:10844000C81BE57FFC2621F01F075829AA70681871
:1084500000ADDD85DFBE7F2AF7FC04BD1D08EA0004
:108460001C44F412ED1881170DB713170CEEE883B6
:1084700000042DD28126EE0CE57F079AAC2D122840
:10848000533E00319C1BD00A0C4ADC14C929631DE1
:10849000CC7F32443026F011B101422E13F932FB69
:1084A000D907487F1CFB2EE92DD37D300C2633FCE9
:1084B000367FD0F4D0EBF3F3811F69C3EACD59B115
:1084C00019C5A115E33B1628ECDE0E282044031243
:1084D000262ED62734B181EF04699E57E1B1FC0204
:1084E000497FD8EFC1E0E3CC25CE1748F9D27FE32E
:1084F00045B3FD3E23F14DC9C5ABC6CC81CF121D9E
:108500002218000BF1EBE0F068D2997FC924FF71CB
:10851000A0530D9C32D4C32521ED34FA4B36E0FF35
:1085200061D9D87FB1E95FF428E3022C3D027DFDDB
:10853000F17FDFF5C9F8E342DAE62825C5AE0CE0A5
:108540001FCDE1EC02FB81E6051CC7F546E3571F92
:10855000DB81ECFDCED1EBF001C9F60DF3D581FA4C
:10856000FA93E320D9DF3EE91FD413010DFA8130DD
:10857000469BEE0BE7152EE614C103D90CD981F208
:108580003284F419EA0A1CEA193B20B09BC7EC9C20
:108590008D7FE801A9E026F07ED71462399D81D550
:1085A000A1AA15CE02DA16D530D6F6EBFED036F4F7
:1085B000F177DDE18ED3FD7FEBFEB34FFDF3E313E7
:1085C000297FF8F5AFC208CE43ACF51F5A14090C49
:1085D000142C810AD0E00060E1D5DCEEE2EB8141B1
:1085E00026A41707F6E9160C74EDE1B110F7340C68
:1085F000310936487F1837ED54BA6C5328E05E13C2
:108600002A48EB7F82C12ADE0F812863F41D201FD8
:108610001C381119A9D4C1DF8170FD762051E9F40D
:10862000A14BCCAFE1E40E06F12AE752283AE1A0D3
:1086300009AD816E11FFB0260CEBF60BF6433C231F
:10864000C21FC4810DFD0ADB12267F191AB1FCF787
:10865000EAF1622BE2013ABA0B1F3C5BE9F246F009
:10866000CC81E82C1A3C69EC1DFB7FBF46E81C035B
:1086700039B774DFD05BAC09F3A51E5256F38132D3
:108680008CE8587E1C26E4FB457FA22C1335DFE6E0
:10869000CDF6F9FCD0E722F6C34CA9C008327F0220
:1086A000E126BADE19C4D9F0DB767F18309B36AFED
:1086B00043C4233A9BBA3807FD36474417C904F32D
:1086C0002810B75C810DB3CCE3E8D01D0DDB088D1D
:1086D0000AE1177FDD0CF1034E4D34FEE23081EFED
:1086E000EB6FF9E3030B90F9D97FDDFF870087D4A7
:1086F000FF232AE0D7E70A0CF6F7F7B3E12F7F163E
:10870000051638384E26092F0F193831ABE8EF5EC1
:10871000C733F1217FCF1CF8042DE70F48CE4C3F23
:10872000DF90631981C6BEE37F0D0F7ACBF156ED62
:10873000D7E55355511845DC369C340AE8E627182E
:108740000181294A2E145B5FEC29BF1523E9DBE781
:10875000D83F81275AE7E620037FF4F5E14641162A
:108760000C6300D2D5C999DD1563CB44D5C01C027A
:10877000EE20E47F5AD9D9DDC897011EE09FF0CCE6
:108780002F3CA47FF5F1B0DD0519ECE99FAD16276C
:1087900022EE7F371F10750260790D35932BD62A94
:1087A000007F28A325D4C0B1057F06FF3DECCBC3D5
:1087B000104ADFF42FD4D5F106CF3A36C21D81DF3F
:1087C0002F57FDFC3D3C350AD66507C202490F2DE7
:1087D00009E4617F58304CE104CC00C65C3FF50CE5
:1087E000D411EDA71DEC7F3343C9F022E022C5026E
:1087F000EA204A8123D33BED0B48D611E70AE70173
:1088000036A54C7F1FCA241DA81C1BFFF3F07F0553
:10881000F71C1415F548B33E0F30BBFA08557FCA54
:108820001C3CF5D75519009A7F1630C42FF3E9E3A5
:10883000FF0A4870FD10E49C1BC25F39EAF5F01B8B
:10884000AB5F7F35E72BD4CFEFE4393B24177F01B3
:10885000CA2E1EFBEFC234FC0AFC152622177F200D
:10886000CBF4315A2AF725C3DE1A47FC17167F448A
:108870003CFCB0D31A34A21ACAF30D2C10021A6EA3
:108880009206FC7FF2D5097D982B7FFCE8EA471A17
:10889000E4FD3226E5F8E53B7F4F120620E014AAFE
:1088A000F9C7E0FBE6D332557F09F5C9D20632EDB0
:1088B000F004B9D21706C2E534F4331BDDEF6214BD
:1088C0007F3BE819F9FDD16E7FF914061E04C2043E
:1088D000E7EFF2F7112306EB39CFEF530BE37FE11C
:1088E00055D2D2E231E15021383A7F09F3F2553BBB
:1088F000E43033ED2F4513DFD638CC1CFFE1C251F5
:1089000013D07F531302F0D40F01532303BC52EF53
:1089100013FF1A7F1DF31FCCE01618019B677F57CA
:10892000EEA20942701EFB072A55D7E7FE1343FD4E
:1089300008F4103EFF12208166ED5D2FF3EF3D44F9
:10894000B2C96E7F0C0AE1EB5D167F5AF6036675BD
:10895000FAC14D7E0634FABAF600180DE6E1FA4186
:108960004C7F0EF8B817E8F4E803240D16043734EA
:10897000B439E2DF812913F33628231BF0EE7208A5
:10898000F87F3102CDF5E622FF28F530E1E8071F38
:1089900056DF268125FCF5DE7FE5EEAC47F6991D16
:1089A000643E7436C6E4F94401F6BC7F36119CD7A8
:1089B000D881078EF92D2AC5B5E92B14086951CC49
:1089C0000D4B1E545B49819F386DD63FEC332C4FC5
:1089D0002024530BE87FA4027A077FC108FD2BEB0C
:1089E00007003A2C44D72CEAAFFD01CC0B51501EA6
:1089F000FCB07F3C3017DFF20B1B0D0C7F120D25F6
:108A00000E406A474B7C67167F28003ECB0E7F8660
:108A1000105AA2D122F6467F2CEB27F406E704FB7E
:108A2000C5F0EE81E5030A040D1C0CE281E0F5F6C9
:108A3000F6E881E5F80EF8D02CFF81531893400D2D
:108A4000F90DF6F77FF7FADCF70D670D1B7F24D6DB
:108A50008AD8F081E8021DF808100524C00A4C816C
:108A6000143BAF12CEC5D5C281BFF008EFFCE8F3CE
:108A7000D881C4D7B5D8F6BFF92A7F2CFD050108E7
:108A8000F107FF7F07F9ECFEEADDDEDAAED3C8813D
:108A9000B6E100E9CB81E2EEE8E6E7E1E7A381ADEC
:108AA000EDBEF92612E95F3D813C21B30A0D0B00B2
:108AB0007F0603F4FEF6F7FCFF813103E805EE10B4
:108AC000EA247F2DF51C00EDDDF67F7340DAA4CF9C
:108AD000F0E9DCC2FD7F7BE1CF1B3F1F7C577F238A
:108AE0003923FB50FE3D7F4AD959DF1833212D7FB2
:108AF000490E4D25F181EC0C1A0DFDF2FF94F6ABF9
:108B0000811988B20AB9FBFEFCFC7FFB0351FE030E
:108B10000702011DFBED81ED50DD4D78E07F50E750
:108B20005DF0EAED0F7F130A3E142F5032057FF8F7
:108B300006C901050A06327F2B175C0DFBF2FEF910
:108B4000C1FDEB81E81181100F980723E724FDD6C2
:108B5000FD097F0E01DDFFF514EA02B7FEFF7F007D
:108B60000035F7197F1D0738FFF830002A7F37FCE2
:108B70001D08EF7EF4FE81F2E527F4247F32316692
:108B8000370255FDF6F6FA1E7F1CF3CBF60CBDF14D
:108B9000EE06BE067381F3F8FD447F5CD9C4E0E3C2
:108BA00088DFA5819A10AEF9487F51F0F2E6C699A8
:108BB000CA25D8FE7F94E839CD01048C1BF37F0BC6
:108BC00008F418167522F3F1F5177F2B2E4D2EE9B8
:108BD00081EC07070AFCFBFE0F7F1500E4FDE32391
:108BE0001C812E43F41DE607ED06F59DF00C7F0E6B
:108BF000023705FE81FAF9E4FBF6EBF0F7CDFC2E27
:108C00007F28F2D0EEEEF3ED2E7F37F508FBFEB6AF
:108C1000F8267F2B03F307047FF30317061B522468
:108C2000C081C0FDD5FF17E0203B8142FAE007EC90
:108C3000CEDBE97FEA269529D3D9FA3C44EA01F94B
:108C40004225E9E1166840F9BDD0EC14CAFD3D109B
:108C5000159E1355F1FE1BDA81FC31EDDD06DB2597
:108C6000EE4A1AF008EECC33F21124A505FCFF29D8
:108C70007FAF18E737E22D31810A37133529227B80
:108C8000B0E71DC7E3D513D8F0BDC72CFE0A13DF2C
:108C9000E3CF181E0546DF00EBF72E02E60EE6E7EF
:108CA00016F4043515F10020FE47FCE404E583FAD0
:108CB000FFE2FBDE20FC0A1F431ACC20E1F11CE797
:108CC00020F3E37FF02CED1B23021AD7E0CB210821
:108CD000030F21D1FCCD111614EEF3FB110EF8EAAF
:108CE000ED074BDEEB4401CE10D9D20AE8F725F5AB
:108CF000ED0805F4D9F4E2FD24B50E9183300BE6BE
:108D000003F3063A2E37367F16CF26DDCBED900AD9
:108D100005CE2727C90A1541A42E00F6F92E5EFFBD
:108D2000D235D7F20125F3C7D0D60BCB2DDC1DCE23
:108D300023DEAEDE31FFF65BE881002CFBF5080494
:108D40000B01FA03F8F503FCF5F5EFFCFD002AFE34
:108D5000FD0FDAF3F9EFFC03E5EAF9FC03F907FE8E
:108D600008E300F8F803E8EA070002E8F9FDFEEE80
:108D7000FCFC21F8FE06EEFEC7FEFAB41830E30C48
:108D80000EB0E80A3E0F9ACA09DDFCFEEE11B6F3FA
:108D9000F41BD3FE0613F804FD0917ECE71C81AFA2
:108DA0001EEE22F7E0270AD506FE080127D5F92096
:108DB0005FF8F070F2000129E8E50A4F1AA10AE90C
:108DC000F31D81F51F08B2FFFFFD21FADFFE4F24DE
:108DD00023E31BDAFD0D1B8BC7D305DAF404F2EB9A
:108DE0000508F6F5FD03F611BC17E61428040AE49D
:108DF0000FFCF4140114E7EC02FBB7F644CB6E0A47
:108E00001B1D1217458CF6B71EF285150518F8F3D1
:108E1000F4A81709D67FFD0DBD372DF5B0D2F81394
:108E20002CF7F310B20AF24EE55816E21AE7E40600
:108E30002AE72806FCA72D13F077E184D2050D1F41
:108E40002D2CF8A26AF322FFBDEEEFE2CAED81EE0F
:108E5000EDE4B62106F9F407FB40F2E51436B8FD5F
:108E6000E314131316D348132CFBF99D18071F2482
:108E7000F1FCEF00D302D3FE81EF01FD2D0346F894
:108E8000A6F81302133301EF081715FFF71AFFD6E0
:108E9000D5D672E2FEFEE6FF07E42508F129EEF4DE
:108EA0000BFCF6FBF000F2F5FAF4F6EE2FF209CB2C
:108EB0001E0EF201DFE80FF425F50F4AC7815AFABA
:108EC00096EBBAB8DA0BACE5FF0FE21DF8F54A12E3
:108ED00011C10DBCCD1714F9E913BCF0EDD6C0FCDF
:108EE00016EA3429DCECD838EA1F020CE3D501FA83
:108EF000240DF90FE1EA0EF1D447FED0B77B0D0542
:108F0000D9C249B6F80E7FED1622A12B0FFFCDFD79
:108F1000F897141624450344E4F2F6FFFBF4E22E1E
:108F2000FDAE5CD410C5E9D31B122AE84507F1E871
:108F3000EACA1BC7C0273DFC1BFA10EB100010F754
:108F400024FEF9C00EF0FAF5F20B0EFA06EBEB0078
:108F500000C51181FEF3060406EFFA01FA0EFC07C4
:108F60000BFF11F3F8031EF8FF0001E51408010BD5
:108F7000FAFF0BFCF7EE0C1622F601E14309C5F7E8
:108F80008CEE0CD816CDDE837FCF1C18D706E1D22D
:108F9000D604D30D1B03C0FAF2BECFF40C24B41CCC
:108FA000ECCD0C0AE1F4EED9320BFE24D803F7D94C
:108FB000061F141FD8013304852403486509600384
:108FC00081023B13BE40D6C9381FF702F52348374C
:108FD00034B9DBC51BDC2A01EFDE3813B67DBBE2FA
:108FE00007ECF712E826F619DAD3FFF047C6140BA0
:108FF0000CFFEFE5D8EC1CDDF8E32CBC0B232CE4D4
:10900000E011E8F3D1CC15D7287F12D85E06BC0E4C
:109010000CEC20C8307807F8FACC0813FD3F022783
:10902000D9E631FF00DFC7DAFDF819E0E8E31014F4
:10903000074725F825F5FA0481FF1738A4F7B5ECA2
:10904000E924FD132A080D4424CAFDE7DAFC391788
:1090500015EE0AE6D9051721C6B1D6FD04E5F7AA33
:10906000E7E00007160907C1EAF9DD1DCCF115E4B8
:1090700045DE060B03160CA60347EDB9F6F5041BF7
:109080002B1CEAF03A05D0F3FAF28114E703B7F4A7
:10909000F3133A1F0424F6F207E7FBF101101AF369
:1090A000F519DCE80205E4FEE00B01F314F1F81217
:1090B000DA0301FC02E60E0E17D507B815200AFBED
:1090C000E4F7FF10F48111F325D7700017F7B90208
:1090D00004F4D204F617FEEDF3D50516F92DE80BCE
:1090E000E2D0082208F7FA0702FD0E00E5F0FFE2E1
:1090F000F710F810001214F4FDF80311FAFDFCF358
:109100000CFBF9FEED07FD1106F9FAF1FC05ED1E69
:109110001309EB03F5E9F6F907FCFAFFFCFBFBF892
:10912000FBF8FEEFFB1303FD14060A11FB020EFF12
:10913000F8F00FF809F809FDAA0D81262D1829D19C
:10914000C4E10FCFF4CD08DCFCD7C9E5F8DE27E594
:10915000E4D9FAE5FE15EA05F2F51FFAF411EFEC91
:1091600011FEF01505EBED11EDC924EC13E233FB14
:1091700007DD03E2A00007189B0818DCF720C7E80A
:1091800006EA81100A2F08160C0D37E60900DBF8F5
:10919000F8F7E9DF5CBEFC93B2DC18FCD602DF2BEB
:1091A0000FF706E5100C11F417E3E0FAEA1F0D00C3
:1091B000FD161609ED3EFECDADDBFDFD4E739FF8AD
:1091C0005B2E2C7244457F0A35D53DC01618FF1D15
:1091D0001D1D300015F824130E012F0FF80B380455
:1091E0002418CAA51F2A43F51DC30BDE19390B2607
:1091F000D0F2E9E2283FE808DD44FD111622F6FC32
:1092000024F3FBE4C22DA11058E2DCFFF0F21414A9
:109210000FFC7FEC39F2085FEEB26E37B404E6C89B
:109220005BF01A1203F4C7053AFB0E43291606FA3F
:10923000B0DEE6E6E7C8051CD781F52D1AFC0D095E
:10924000E4F1EC0BE50FF2EEBD01F3EB07052C0F9B
:109250000EFCFAE90EF41700FEE817FE180CF401F4
:109260000CE8030EFC01E5000FFE0B070A0000EB03
:10927000FA132D00FF06FD0229E2AAD11AF726E310
:10928000F9F206F700FD00EC19EF14D5D97FD1F4FF
:10929000F420F5FB02FCFCFA14F619E5ECFAF009EF
:1092A00007FC1E02E00F0E1A05F4D1FB110AC8FBE1
:1092B0001A0A10FC35EEE9E33A7F0EABDA09F1F356
:1092C000281F22F329E41B235EFCFF1CFE00ABF3E6
:1092D000F400071EE305DC08ED18D4FBD1F21FFAF9
:1092E000F320F8E8060922F3E4FFF7F0FBF8001991
:1092F0000CE6D0FAFEFCFDFA00FD04E608010610BB
:1093000000FB020704F6FEFAF600FA7FFF00E6FA19
:10931000FAF1FDDA0109FB01FC040001FA04FE0187
:1093200002FEFF0500F300FB010903FE09FB02003A
:10933000FA0007FE08FB0505B0FC1E194830DEE503
:109340000C813F3C262B3C170BDD12CCE00D18099D
:1093500006F4BAA89ED90C83E8D8DEDC27FAF620FA
:1093600042D7C30C0AF043C028EDF1481C4923FC46
:1093700044122A27FC17DE10ECFEFE1C27151037BE
:10938000EA160E1314FB24120EF6FAFF03FA342E1B
:10939000E7DA502BE5FD1119F5FF1F1D16FF01003F
:1093A000EA16EF06FDFA0F100306C4F008DBF2EE32
:1093B000FE4210143313E81C8150FE3DF8172FF9BC
:1093C00008D0BAC4F9EEF71D2136011BA3F13C0009
:1093D00003DC08D40833F7FED71A2AE5F9E5C4E51B
:1093E00047D42D011EE40114F418331624DDFE25A4
:1093F000C4C6F6D8010C0E353A1502BA3FA1620771
:109400002B0C2707E0ED4582DD26F212F70ABBEFB1
:10941000EDB91861F5F7FB011E221FDE1B0CDD7F85
:1094200015051918CD14DDEB02F91DE8E4EEE6EAA6
:10943000DC0D50AFF7FA13CCD7E50E270DEDE7E6BC
:10944000F8298EED1E13FA00ED082C01F3F927130D
:1094500016E4FDE643081081C1D913F3F50FFD05AD
:10946000F9FFF5EC15000C0FBB11E30427210400F4
:10947000FE0DFD0CFA19ECE1FBE601C113F85FFEED
:10948000C46629F4D7F6F4ED0B12DF0001F9C0F53C
:10949000F7E107D7E20DF4D7E6FE0918FF065A07F1
:1094A00002F91F0A1CF9D81D0001100EE97F00AC5B
:1094B000D805F9F5F8D806DE7FDA102827EC216BFD
:1094C000E2EC167B084AFABA2CD90B30B08E29167A
:1094D000154B050710060CFA12E71FD90801ED1FFE
:1094E000F8FF9D23CA0815030759250700F834F72C
:1094F000591114FFA2E1C79C1E107FC4E7EB0F288F
:109500000200DD50F56BCC2E362C71CAEA69C3021D
:10951000020BFEFBF5B9061216DBD9FF0021FAF8A3
:10952000E4EBCACFF1A132C72DE87B04E201DAFEF9
:10953000DD15FFF278FCEDCCCF8603EAF3FD0C02DB
:109540000D0DF70317F0F5FBF2FE0BFD01FFE5BA79
:10955000B5137FE7FFFED20709F9FB090A0201F9FB
:10956000FFE1FBFCFDFCD5E80503FAFBEDFD03F292
:10957000EF0413F2F5F6EDFB29E1EC0FF2DE0B112F
:10958000E9F5FE22E11F0BFB480E9A00FD0E11FDCE
:10959000FED07F0018DEF70D0311E6FA17E209117D
:1095A000002B0C07FDFD00F1100F0DFAC4EFFF1F9B
:1095B0001A2014F4131103E2FCF0FBD1F7A00D08FC
:1095C00008815D141CFA420002ECE7EDF601D1F5CA
:1095D000F61029D416FEF42E01F6C6FA0F26170946
:1095E000011EE4EEB308C9FF1FEBF9FFD5A2FB2370
:1095F00013EEE30C074718140F01F9EFFF7F2B045C
:10960000F42515FAECF5C80713FBEE04FA02EEF1A7
:10961000EFFB010AC7F9F54E0FF4EF0DF4FEF9F474
:109620000AF4F31020FEFAFF05000001ED22FFF31B
:10963000081CFFEAF5D502FC819FED353007E51BDC
:10964000E449F6E51BC312032DE1121B4B0035065E
:1096500006E1E3DFEDFA05F00200C022F7FFE4D4F3
:10966000F0D807CB1D01F6D9F401EEF1FF10EA079F
:10967000BA000316E2171B09E0F407071714EAF80B
:1096800014F70DF107EDFD08FEFF0FFF02F8F308D8
:10969000E9F80C07F8EEFB0004061A0AFBF60002D4
:1096A000F4FEEBFE0D170907FE02040709F5F9F6B3
:1096B000F6050205EF07F5F3E5060AE60B8110F85B
:1096C000F03BA4020BFBD71022F111FCEDFFE6F4F6
:1096D000F60018F35807F86EE5F106F5F40201D02C
:1096E000DF0EF302BD0FCC23C6FBD110F10A06D367
:1096F00015E5F127072E00D7F59BFD1C3D01CF0195
:10970000AAE7F5057FFAF6C330FCE7FE04111F0A4D
:1097100009DD02F0EB0E0F09DBB63010EC0FE0EACA
:10972000FB05EBF5EE08EAD3F4FBFB1110F10EEAB2
:10973000F00EE1C6E6EF08FFBCF0FAB331B38104E6
:10974000D30CFE070B06E2881DE723F9F20EB300E7
:10975000FE0BE9D1E8EA0811F6E4EF05FD0BB20BC8
:1097600022F10B2ED603F00A0806F823FA2104D2C0
:10977000C50B3126ECF30CDBBA00FDD1F0000E0C6A
:10978000DAF704451216F7021602E213F515D307AD
:10979000037C227F05E30D011A0307F80B04F7F79A
:1097A000FBEDF0300306EF1CFDF0FB01C70307FBE8
:1097B00014ECE5F1FB1CECD7DDC8F9EE31BD3B162E
:1097C0002106D3720CB1C1F24ACD09E7E60FF2F5DA
:1097D000F581066EE4E3FC0CE700E6EA0705FDE42C
:1097E0000BEBFB14F7070BD3CDE712F50A0C1AE9C4
:1097F0000CFC140B1EEFFE24A3F1EBBB33B51A10C7
:10980000F1F7DFF3810AD0EC107FC50FDFFBBBF46B
:10981000F9CD2DDB08F2F2A70CDA3FFA38B9FD27B3
:10982000F4E9F807C2E2D92F4337082705FD1215DE
:10983000EF230816F40AFE3254F2CCD1C8F6F7FA38
:109840007FB1FCE13FF808C1641650102C3637F0A8
:1098500079041A1A0A6EFDFF45DFF4DA9E3CFF42D6
:10986000D460F0C5603BEA01D3A4E28112321F0547
:109870004A8A5A1B0D4CDE27F3F314FAC15340FAFF
:1098800015FEF93BEFCA7F2206F7123505E5AAD38C
:109890003C160000D7A624E50BAE1D27BD00DBEC6F
:1098A000E50EEA1F620411810FC5E0F0F12BCF1124
:1098B00077DAEAF0DE1F590AC91936C1DE819E3C0B
:1098C000FC2CF22AF91173E7260D433AC764C6E26D
:1098D00007EF3AE4301350F00D398B7FDE5338FB3D
:1098E000C424FFE246B9569CB0FFDBD6F91100183C
:1098F00076D0FAC7C2F6A1EE4CFDEF9FDEBD7F0E1B
:10990000A708EF46CC15F8D59BD11FC7D0D7B9EE25
:1099100038D3281F51FD1BE5DE46ED391E12D0C994
:10992000C216579EB93803DDBE01EDB4283EE805E6
:109930007FA81609B9B92F0BD5782B518146D8BD10
:109940003311DD12A5CFEB8CFEC32BD22236C3EA36
:109950000D78F0F2F5E929D6E75B084CD74A37BE17
:109960000861ED7AC2D5CFC942D2549DC81447F7D9
:10997000A856CCD3EE7FF4DCE7F9E3F017E7EBF180
:10998000F02532E90600F022EBD521D6EFD781E2AF
:10999000D0D7F73FC9EF140627FABEEFF7BBED4764
:1099A00013D502C5C6289990ED3D13D1F546527FD7
:1099B00099E49BED17F1E6AD2C7F0E1122173AECDE
:1099C000E28133BA392FB4EFE8C334CC2CD01D1068
:1099D0000A0FC828A500304C21B58122092512BDE7
:1099E000D05CF80B0E480FCCDBE54509150BDFDF2B
:1099F0000CD1F70D2809CC1FDB83B240811FEED8B4
:109A0000C436F50C70DBDF94D3CED7BDFC08F94229
:109A10003FD31235CEF1F3133909E506DEDC0FA88A
:109A2000DD1F27EDD8FBCAFFE0D706D6E4E9F4EA4C
:109A3000C1F41DF2F07F450D01F8F4FF1522E61583
:109A4000EEF012F91A7FD517D325EF19BB0DFB17CE
:109A5000EFCD081C37EB1928F4DBA190941714C93B
:109A6000BFF0FB08F5A408A60FF44B56AB7F1AFC19
:109A70001CCBE8030BE52AF8E6E935DD0624E68190
:109A8000FE13063DEBF60515D82AC61D0F2F2D0E29
:109A90007AF60EB054D50FF418E3B9F23B0A10DD94
:109AA000F04B11B2EEFFAF5043287FFE0A3DFB02A0
:109AB000EDC1090C15085137EFCBEC9C611BF99FE8
:109AC000491FFE34D6B10B7FD560C23737CA570D58
:109AD000135026A1249D04EEBFC65BD00842ED566C
:109AE0002061EE2DA11B29390019183381FBA4D95F
:109AF000352DD8CF2A4B70ECAAEDDFF62FBED681DC
:109B000012CD1B285BBDD92DC416F7F85F3A32F988
:109B10005031092AEC0F13DFE8CF4918E4601CD25A
:109B2000E93BFF483B00637F07D1342534BDE4ADFA
:109B30001E2631FEF6F879FEF1C735F68533E8FDCD
:109B4000F3073FE3550A01FC0753AD1119D2690928
:109B5000171CF1E0041581DEE5E1AF3ADF56DAD1FA
:109B6000E4E7CB7C040EBCE8FDF4F0DC20B6BBC11E
:109B700023F41D11FA377F0CEE9BC0DBBE1AEDD229
:109B8000F2557FC73344EDD42913DDC907ECFF56E6
:109B9000F79AFCD3DF0AE63B32CBE6F881EF1BC62F
:109BA000396C25F1261603530B07DBF1C552AEEFD6
:109BB0003F419312FCF1E4E0EB2D2CC609F010CDEF
:109BC000FEF612010BCE1B3ECF0CE42415277F07B7
:109BD00019C910E60EF406B40C7FFF2BD11014390E
:109BE000FBF7FDF8E5212DFED4DCECE50E18FB318A
:109BF0004301ECA53C275B1161FCF04C47655C031D
:109C0000BD9B2E8134EED9D8C7C1E8FCDBA6461631
:109C10004CF6DCD1E2FE1A05060EF316F5D62CD072
:109C20002CB86B7D23E026D4908129280E03217364
:109C3000EFD2182EF3202C3D3E21D74ECD261BE22D
:109C4000B58127B32C15D3FDAE0BCFE2471B4D5E7C
:109C50000CCFC00FEBB7DF0D5C6E8122C01FC9DADD
:109C6000001CCF08A2E10D0C1536F9EDCCD3A829C4
:109C7000052D98170E9B36FA304DD61271F7302B02
:109C8000E24FEEF801E86B3FD4CBEC0F0C25352307
:109C9000FD0305E3E71B81E1F3180B2A2F2825D7E5
:109CA000EA1D7FDA3FE55486E50992F21BA16E4D6D
:109CB00052D80FAC9AFEB822FD698EA2F0F6083594
:109CC000AAFF7F5CE870DC10E2C91A9D64B6981A9E
:109CD000FED92D792DBB48E5FC25FA101E4BCCF2A0
:109CE0000CC9FB0B347FD1E4AAE40640A60AFBF9B9
:109CF0000AF5FC3B35F11F496A2281E0C7FCF22CD2
:109D00000024FFF4A6F54FEC9BFD06DC6CA302CB10
:109D1000DEEA10166BE2E8DE7FCE34C30B1BBD46D5
:109D200001581A24B526DEE4D108B21AAA4EE4423C
:109D30000104C93A43E64936FD101DF6D7E108F69D
:109D4000173E35DA303510622CCA2DF6F4E02A13AE
:109D50000BEC203C7BBA7FAD6522E73129515AFDDF
:109D6000C498188140E1E3F3CFBAE6F3E8962903FB
:109D70005EEAE9CECD2A13FD170FF3341A5EE40232
:109D80000AFD131DD6FF447F26670A320FB60F3037
:109D9000500DFD072216E02D6B12270E343C0416E1
:109DA000E77F1BFABFFCFBCD09FA13EDCC0A3B475A
:109DB000FD57020E4E5D3F26DAEC1E14151105BE4E
:109DC000D6E3322A29072A1F2E18FC1AE6E9F4A046
:109DD000321F10FD001B7FF51D7FE601C6D2F9166C
:109DE000BA952D340C5D502B0829ED3153EDFADE78
:109DF000B9F519E420FD1CFC3CDA3428D54B813937
:109E000049F6E222F212C100AADDE63E5EEE04E56A
:109E1000C7170AF11664190A8127665A91F440C5DA
:109E2000F28517D8301927259BDD1BC302E8009265
:109E30001C8765254D64A961EFCF14B61A31E1FB8B
:109E4000F808F6093E50BA1FD7FAF0528136F4FBF3
:109E5000F7EFFB120A032B33FF5FEE36D27FF4F3EA
:109E6000CF100526011B2DB804A6E0B80C360FCD87
:109E70000AEFF016B81D320CF9DEF61DF3E10FD62D
:109E8000FAB4211C0F7F2119D8E823F50A24F50024
:109E900022F82F19C1311DBE0502F9E1A26E327FF1
:109EA0000F50F43470B5DFCF02A32FD62EFAD96449
:109EB0007937EFF07ADCDC561235B3E522C2542D47
:109EC000BB01F30513032E100AD6ECAEF1D4DC0E61
:109ED0007FD8DC043000D8B6DA248EB70422D7014C
:109EE000183CFA2FDBECBBE7081CDC9E1C0C2C1387
:109EF0002FEC810D2CAB294F120283F64CE35EF45C
:109F0000F7464C40D935C504CCB161B97FDFB0FB11
:109F10004DCF15D735D7D956FC19DE4BF72229ED91
:109F2000BB7F1FCC4AFD6B061FCDEEDDB0B06915BF
:109F30003DE9D9EF79B220D6F3D0EC5AFC3F370B8C
:109F4000932625235BB47F0620E0F9141CF7C1C1DA
:109F50002CE80A3AE2CDE62D7A39A254B06B139E72
:109F6000D2DCFF1762B9E7FBEA0998C05C11587FA1
:109F7000DF0BC641CCB6C91800358FE3135FB50AB5
:109F8000DC53204D40C9726211B3DCD8F081C9FFA7
:109F9000FC4E4A7902EC205B540FFB44F505EE3A87
:109FA000A6B1BA2A43FFE9814E00EDF5EDFF202B63
:109FB000FE2BB534F28FAF2FD9F8570A17F2F2F60D
:109FC000F10AE806F9F536D3D1AE01F1D901E8FA84
:109FD00036B1E3D87FEBC046B52B0E73FE45EF19C3
:109FE000E830D71110E27F63E0100F25CE4B36E149
:109FF000B525C6CFE9DBA11127D5EBB081B4D52DAE
:10A00000C72ADA450502AFD731E62BD7FDF609118D
:10A01000ACC7186D154611DE43F3DAD71D040C1ECC
:10A02000DCDC25EE0D56BC138112E821F8AEBDEA4A
:10A030003DE401FE3C4B293703A42D00F9FBFE044F
:10A040001EFAFDFF08FEF7FD03F6FD005F010000AC
:10A050000381FBE00200FEFDFCFF7DC1FF04FB016C
:10A06000F800FE0306F70112F70BFD21FC4706017D
:10A0700008061F00FEF4090208F70D0007FCE6FDC4
:10A080000402FC030F0004EBFC81F9FD04052BE93D
:10A090000200FEF5C8010004F935020406BCD00137
:10A0A00013EC0718EF8CF2D7003AC8003208E80921
:10A0B000FA92050501000D0EECF881EA05F40D0A8F
:10A0C0005F00F99ED313F72CFAFB121503C408FFA7
:10A0D000FC032206FFBEFC08FEFEC300FB00DCFB07
:10A0E000FF03FDFFF800F7FEF61C021402F9130946
:10A0F000010005B98102F8054BE21A4AB429F3EBD5
:10A1000035A4C412221ABB110002EB00D8033FD4BD
:10A1100081206CFCED003C25FD081E26A9DFF8F728
:10A120002300FE06F7E1FEAF18050F320C1AFB0202
:10A130007F01140F150F0FF30A21FA00040625FE04
:10A140003127032C2800EB330D1E2C1303FF121CA8
:10A15000D50006060D1D08DE02987700FBFBFCFE0D
:10A1600010FD01000F02FFFC00FC01007200FF0265
:10A17000055AFCB7FF0006000207AC810206000189
:10A18000FF0001FF04F6F6FE0201FFEE04EA0FFAFB
:10A19000FFFE20120000F2FC0DF5FD00030DEFF0B4
:10A1A000EC0813002A00FF15F0250502FFFF588177
:10A1B000FD009C0B160501FDF4338800FBFB26080F
:10A1C0000600F1F9D714FDE9023BF8002B0056FF19
:10A1D000FD16FB010200F519E8EC1F81070AF701E3
:10A1E0000800F50BEE08221CF6F4090701FE8E04A8
:10A1F000F0012AE605FF03200424FC00FA08B1F769
:10A200000513FAFCEB00F8F17F05110C07F7D9DB19
:10A21000F300F4F501FE0E12F411061AD5ED26290D
:10A220000BE96B38FB08CB263726EE000A3081CBD2
:10A23000AC0743F3AB00F80D281E000EDFEAE0F395
:10A24000ED0001F1E505F1EC0C0A28270BFDFD1EE0
:10A250007F013CF3F7F006DC4158A7000A2AFB0215
:10A260002B091025040004FB3734042300D40F0904
:10A27000020015081B2B14FCFE31EC01FE0000024D
:10A280000E0104020DFEFEFFFF060000F500F701BF
:10A2900004F6FD8100000008FF040B09010005041D
:10A2A000FC00000102EE03FDFDFBFD0DFF380A0975
:10A2B000030B0A0CF60BFAFEFAE80A00FC0FF10198
:10A2C000F3F70701EE000035EA16F8F9010365819E
:10A2D0000000D6FCF10302130C862EF901070426B8
:10A2E0009919D8E0D41C4400F6CC1100B0215D07C8
:10A2F0001181E9D13F00F70720BD8E5302F2E2E25F
:10A300000300FA100C6D1503F7E8170C02EC27F6A2
:10A31000AB0852F4021B130B027FC400FDE689C692
:10A32000000DF7F09E00F32ABC010806FDD3F3EF01
:10A33000F500ECFEDEFC3932F90DEA0FD6FAEA3A06
:10A3400010F5F22E8105F7130C0C0D00092419DC11
:10A35000BD031FE2F000080FEAFB07EDDE01E7FA9C
:10A360000200F8F7EE6838EE0A151205071DFE32F6
:10A370007FFF0504F60E07E7F775A70019F82FF71A
:10A380004021102AF900FC01FE242B1007E91B1DB7
:10A39000FA0002112765DAF3F67FF401FC02010DE1
:10A3A000FFFA32190A1A0B087F15FE05FF02E704AF
:10A3B000F97FF60F16070FA010F27FF4D281D8E1D3
:10A3C000D8D501B2F704AD0E0EEC09F47FE9277F72
:10A3D0005800D00D0215F1EF7FEF13B00FF72FF8F3
:10A3E000157F191BFB0FCFB4CAFFF4F0F1D4EF4275
:10A3F0007F31E788DFF07FEBFFC2FD05F6110E220B
:10A40000EB323981817792B74EC6C841D67F086A50
:10A4100029002B19181B1408213A7F43265E2308B4
:10A420003BFC0102F7F47FE7197F3DCC86C734354A
:10A430003DDD7FD9237717339A36367F4346684907
:10A44000022009097F0605DF07F405F7EC2BF53933
:10A450007F161C500A21531E0B3805EA81E9172884
:10A4600011757A7F1F2E0C00F9FF11D9F27FA4DB42
:10A47000DFA7E07A7F710DED0B01F6FFF74BF6AC2D
:10A4800081B6FF7F00F6E8FDFDF9FC197F143FF36C
:10A49000392D1033F5F8F277297F0C1F199859BF21
:10A4A0008154A39812BC81483FC4471BAD11323080
:10A4B0000F2F3CFA3F457F58247F38FDB6F3E7F075
:10A4C000E6F8F0FB0812FE057FF8044707257F1B1E
:10A4D000F4AEFC22EC1474877F2BE827D784CB8161
:10A4E000BB91F8E6053C7F2B1B5904A78BA38B81FE
:10A4F000834B7F5A050210000A00127F12E296EC8D
:10A5000077B0390E63F37FB12C3A46811B51B837CF
:10A510000DAB0D71FAF77FFB0772EB0CDE11F3ED5B
:10A52000F3CD81D8FDDC0400C80A8FBB811D7F41BB
:10A530004B286412723BF287FC117F050C3206FD3A
:10A5400024FD0F3FF2007FA0F58104004FF61D5C53
:10A5500015267F371F4118FA2105007FF60CD40914
:10A5600015940AFB31FA1D3C1ADC81DB091F10EE41
:10A57000C6E51A7F21EB78DC437F2DFE48009581EC
:10A580009614341607FD0B1D81F5C57732B77F0889
:10A59000310A2D4B7F4CA9BDB2F2DAE9EFD5E8457F
:10A5A0007F540A0D04F304F50C7F0F1D9A213ADE47
:10A5B0004166815AFC278121E2ACFB349706E80F03
:10A5C0001F8112554842F67FF106F8040228FD0D5E
:10A5D000940EF02DF91C7F02B73E81FD39FB16F178
:10A5E00021DE17D7F9FA4B44EAF0F2E0F8375DDBE9
:10A5F000D3C10FF5FEE6EBEE2740EA02A3F0048993
:10A6000010EBEDF0F3100B0122E60BD0D20DC7EAF0
:10A61000E040F5D1EEC40DEAE72001DC7FDF31FC3C
:10A62000F9F835CFDB0C24F80EEDE4E502112ED657
:10A63000B9FCF1E30ECBB9F53821CE00C4FA02160D
:10A64000E99BF32C1B0FE2FDF6E5F4F613D5C6EDFE
:10A65000DF1E173DFB0220E0C61D10D9D1CFF51B30
:10A66000CF1EF3F6FE10F0FC1AEF1046CEFDBF1B16
:10A67000E4FD1FF529F646EA0EB72A4B4E0FDC0A19
:10A680008BC4EAEE4110D9B2AD425503D47FFF2806
:10A6900005E2CE13F60DF778DA0E31081F401842A6
:10A6A0000D1DE13A7CD6510BBD000DE23F2D253248
:10A6B0000E2B07E90CDB13043919F93A8124CB3D41
:10A6C000E803101ACA1AC6F30BD5F8FE122D110BA7
:10A6D000E83A01AED1370CB83D1681F61337DC1FCE
:10A6E00035ED02E3D430D03A5D103545170E2BFB23
:10A6F000F62122F1F429622B0FFA44D33114FED44F
:10A70000D733140BFBE8040BD83FC63F2AF0244292
:10A710001820D59CF706FA3FC729F70FA322E80CAB
:10A720001206F20A6916FD0845EDF3C22B2820F93E
:10A7300058D792DC7FB7EEFF214DFB3330E038482D
:10A740003E0CDD262A299031BC261CDDF54829D493
:10A75000110607A1DE313FF1DF292CDBFAFC03B53E
:10A76000FE3813EFFB0026E118124DDA0E355EEDD0
:10A77000D4E652F6FBF11EEF2716F52BADFD79213D
:10A780000C18ED35061C7FF012DCF2EBDBC1A5FFE7
:10A79000ED1F0417E5F5FFEFF21FD307FB0A24D8DE
:10A7A000FED9E1D34DF54C75F9FBEEF5F017D68ADD
:10A7B00023E5F3F31B52E2D20E13DA6D320DE2BE43
:10A7C0007F32F5AD29D8091208FABAFEC5F814DEB1
:10A7D00014D9B7179100FDD9DF281D182D0524DEE7
:10A7E000CFD52AF4AEA80DF1E0EFBDC4BA450CE90F
:10A7F0001EDAC901B9C0F85622B036D15A24A9EAE6
:10A80000E0F67AD7FB2684B507142F4025EECD1449
:10A810001E370C0081E5573B04B600258126031343
:10A820001214E9550D44D11EDAF122DA32A4B02F08
:10A83000E3CC2B11D6F56ADEA709F809383C0417DA
:10A840000254F02DF1B3EC2BF2F2BFDFE30007224C
:10A85000FC932DF8C10CEC001E12DAE20BF2E0338F
:10A86000ED08FFCB01C57F1DDF210B1F064548F119
:10A87000EAB141086517EB0BDF1EDA77F2EDC8EE9F
:10A88000E9B1E50417E0EE06EBF7D2E1FDD7680D7C
:10A89000D92E04164CD7FCDCE5231CF46AF8F9DA4F
:10A8A000CF1F08097F580FF1150053D2232C051E26
:10A8B000C3BC3816F190E04ED5E5E21A9CF80FDDE6
:10A8C00005F11717FAE3EF27F82012DCEBB6C1E227
:10A8D000F3C8D704FFCCF4CFD7EC3D582A1BD8BA25
:10A8E00031980469B0C471DB38F93DDE4EFD0A6A67
:10A8F0000449521F2FBA241F0701813E36F60A3140
:10A90000FC16D3F9EBF318D7ED13FC90F9BBF20B5F
:10A91000F7405F08D765BF00415108BB3BDDBF472B
:10A9200031A557E72CF111F76B1F02D20B4B60C317
:10A93000D9094AE8E43C06C2EB4DC7EA9181B0EC84
:10A94000302CE4FBF8E1CEDF0CAD1110E70B1D2934
:10A95000D2181945F9CDF9C013E1E735C6420EE624
:10A96000C10E17F509F0DAE20917F6C94BF5B9116E
:10A97000B8692CE2D21410F6E1DB98C0DA1A19D2C9
:10A98000C4E6E4F61D21FAE21CE2F2E5CF14FC3045
:10A990004C8B4705137FF0F1DB0318D4FCB4F80BA4
:10A9A0004AEFF20337D807C60DFE096D81210CEA84
:10A9B0001168DFFD543CF51107B8E136C93217BA0A
:10A9C0002F04ADDD3DDF0EF2CD21EA6FF040DDF367
:10A9D0005124200C085FF6EF3440293134E8EDA70C
:10A9E000C21BCF23C3AE59CDE0CAE716E8512215EA
:10A9F00034DE26BA1C1A32CD48E6FE21056F19EA6C
:10AA0000FD3004DAF703E50D81700AD0232E47F5F7
:10AA1000B66F31F5D099514CCA13F1E5C2DDFEB9DC
:10AA20001AD22720BAD3F4E32DDCF212FEEAEAECC4
:10AA300070FBC029EAB7D3E0F1D4CC7FEDEC1ACC9F
:10AA4000371178BD241E33121D3C091337035EAE47
:10AA500007FDD40A120B001A04E839E20FBF17D21F
:10AA6000A0C534F8A30DE3F724F1AD6DACF0E4E933
:10AA7000C4EFDB27BF7FE323BCE61FC73CD1012D1A
:10AA800042F0E51F0AB5E822E15534AA1D32F90764
:10AA900008E9E3361218F235DEF822D500D9FADBE0
:10AAA000FDF0D7F0D121FEF8BED737C447E40FDC64
:10AAB000D433E02314250833E5D905332D1019D7F5
:10AAC0005A1C19814B21C5BDFC0A2CDA443A0F07E8
:10AAD00021D91453F20E23F6F0252ACA23DE361BA1
:10AAE000F1284C0BB52020CEA211251BEB2B43EEF9
:10AAF0001BF8A0F064CB07F723F6E15C2744B50E02
:10AB00001B348D00090AE6FD7FE910C6EEF323E24F
:10AB10001451EF320AECF1E5DEC495FB001B06068A
:10AB2000BF660FDED4FB0A1EB5EADDFFF9EAE0BA24
:10AB3000E81E1F25D303283FE7E11919027F24B43B
:10AB4000194FE53623C7F3FCC61C34372506DF0E44
:10AB500037E4DD4E313215D00DD6F6227FD5F2E73F
:10AB6000F4F74800F4DA190EFB031606D00D2AE7B5
:10AB700008F5F61023D3DDF33DEA1E12F400F81FAA
:10AB800016D8FE3EEA38E4F3FAF4F734F3FEFE0595
:10AB9000E820B008F0210B0A2AF012D6B7E1D40859
:10ABA0000B1FF60BFFC6D0E906F149EE10CCE7F615
:10ABB00010F6110B30E70748CD0F023BF1DCCF0652
:10ABC0002537F029EA15FD0B17F41E317F172F13D7
:10ABD000F9ED0D25BBC1093261D17F4BCD0A2C5453
:10ABE000DC0872366C610FE9D73D2F0733BFDC4FAD
:10ABF000C1F62D2400CB16D4F6E5C7F547F906D1EA
:10AC0000DE21E1D8E0E0EB0ACDE4D4EAF413C8E9B0
:10AC100015F7F7D0F00DC4E5D80E09A2FABA1BB9A2
:10AC200081630D02B3FEF2FEE1F2E3D6F41A1704DB
:10AC300008D60472C2424ECACE1AE9ED2512C0FFF0
:10AC40000A6D3D291213CB0408173FD8B3D2292728
:10AC5000C4C64C1BF60F5D07C4DC1E1CF21906149B
:10AC600013B2FF09F0D5070A040708E0FDCAE3089C
:10AC7000F905E411BD227627E4C70DEFF0E0F30DEE
:10AC8000DF7F100E0E06E2FF0D31E3E1BF54D8DD89
:10AC9000D3DFE6201406FE462B27FFC0388ED99955
:10ACA000F1B581FA0CF43A91FEE10522BE3A562F35
:10ACB000C4C22D5CC59BF66F11FE3544D603FBDD87
:10ACC000D5EE0FD4211E37D32CEAF1CC1917B7C912
:10ACD0009B7AE471352325F2C51AB7D2C9C07FE447
:10ACE000F710EFA735F3FD0607EEE4BEC8DDE2F38B
:10ACF0003B00B611D6EC722AFFD2061FE7CD51D128
:10AD000085E91B1111E8C6E025E7A54634F2FC47AA
:10AD10001F0EEECA36DD1104CCF3E315E51E15E077
:10AD2000167DD5FBDFCEE046FEC700E709DE184200
:10AD30001701E0F4223F0E0BDBC4FFFB1E06190EC9
:10AD4000C7E7F0739E16F76A22E3DE15261F17F099
:10AD500006DD20197F1622DC0DF6306504CCF3EBFE
:10AD6000131E4220B69FFB46151FF34908C131064A
:10AD7000E98808F91F1BE31810E8B6C4DA2EFCFEB8
:10AD800010E0EC03D41203F628EB81CCE7F0246149
:10AD9000B00C1EF6B7DED4143A22E93CDEE8D683C6
:10ADA000E1F945DB49BD0BF2CDDFE7F6E21A0D18FC
:10ADB000C8F31100F18C28D45E1DD4C816059FCBB2
:10ADC000A6ECEAA02439C9E5F9EDFFCFBBEE398145
:10ADD000F801F6DB460CF3C70B0B01F2200208105A
:10ADE0000103E31F250BF3B8CBF71BECF2F7B2D747
:10ADF0007FCEF6D4F1CE5312132EE248031403098A
:10AE0000DD1C100000F9F114C5E1DFCA04F6C20828
:10AE10007FF6F5F3FEE726EE121218FD0543021841
:10AE2000D8CDD65A5D07E782C800B3BC7BFF4A0F76
:10AE30007F9F8F1823DECC1DF7EDDF0AF2F807089D
:10AE40000DF3FE0031FF29D011C0BDE0D6130B1069
:10AE500081F01CFAF4EDEA2143C7B947FDF61E3C28
:10AE60004E550DF5E92A38DAB5DCB3F4D50C2308D4
:10AE70002212E3CC81E3618391F4ED1C06F02EF104
:10AE80001E3910E57F0A2018E50F251806D415E7AE
:10AE90007EFA0DAAEB0F19010F15E01658A6D9A3DB
:10AEA000E61CE810813B1E391F0BD2EAD5F83F178C
:10AEB000AA30DC0DD903B0BEC5D637F4F3C2C7EA59
:10AEC000C0F91205170A8167CC401DE06639FCEB1A
:10AED000CECB22082F1E52F306E181041EF5394025
:10AEE000885665E2C3533B5A2FF2DCB7DECCE3F859
:10AEF000870B03172EF10E2D02D0E0E0FEDD14F3D8
:10AF0000FD0210F46AF11CC8DDD881E2DE1E48356E
:10AF100058FEEF0D132DA69EE2E06110E9DC15DF6F
:10AF200024300FCE305934D4B4B21A12C21224D302
:10AF30002BE7D9F44BE77FBDD62C812765ABF929E8
:10AF4000DB2F4202BBDB4B32EA054AFFA6BEA3D988
:10AF5000481501DBE465F005A6E0FA300BD231DFDD
:10AF6000ED0237FE7F1C2AFC36E8EDE8F6E53A51A3
:10AF70005007FA01D1DCA91ECDEF0753A3F97FC416
:10AF8000CF13DD62C5D2AEA121C259B5100B4FCF90
:10AF9000472611C20C3622D837E9CAE79681DB97DB
:10AFA000D40E0339CF3E1B090B2BFFEE07D527FB31
:10AFB000F6DEF0EB23F0C403ED30D41317030729BA
:10AFC000BF0E10CDF42B0CF90A2E01AC16F6D20EE2
:10AFD0007FBBEB1C0D1C3DDD81D2F730D3EBE9B01C
:10AFE00021AF272B773731FA6D2C1E360DC00F1A83
:10AFF000613E32CBEFF8F90FF7D14E09DEBB0B7F84
:10B000001BED0921FF680921FC07DFC234EC00F5C4
:10B0100014D12706F16602FF65F5A22ECD2A811014
:10B02000E52F1DBEB12CE16595CC011331BFDBB717
:10B03000A5F635EF2F1FFCBF5C09A87FE44F303722
:10B040000FB1065106FADC15CDFEB0D1FBBD29F8D3
:10B050000413A5F353CA843FDB15BAAE10B01EE645
:10B06000070520BAD4F11036FDCC7FC40900DFE714
:10B0700037C0073EFE1934B74204E1B428D17F033C
:10B08000D520B7FAF7D2FF2218E8FCE6A70613C6C8
:10B0900036BB083907DE2FF5297FD9F6EB042BFAEA
:10B0A00022A240F30B4E01190EF30D0F18E42FEC02
:10B0B000BB11FA24E00A1E25BA812CCFCE15F71257
:10B0C0001974FC0CACEA4115D30A1A24DBFBA12548
:10B0D000B50926F303210BFBC046D4EEEDDB3702A6
:10B0E000D8CC05EC0E06E6A8AE26F5E0F03281F1EC
:10B0F0007EE626B7A756E14EB847AC05562FD4EFEB
:10B100002C084A03015C18CA0D192F3947F3EC6A61
:10B110007F35E1B538E1B9564E7F5534F210F1E490
:10B12000D02442EBC0315EE3D19DE9B1E3CBCCA7A3
:10B1300004C3F7387B02F37AF22AA6A3FF14E0EEE9
:10B14000FE4F33CFDCCE454405F7E881DCE04E27E7
:10B15000F711F731FDDD5A0345E4F7F71911E43A29
:10B16000D13B100BECF8EAEBEB0CEEC0E7E03C0156
:10B170000005F0C9EF7F7BDDEDFA9A2EEFD801953F
:10B18000FFF83B7E0A0C9970E90917004C34B04176
:10B190004837FA2C45127F4E18F381FCE61802203E
:10B1A000D3171027D32808EFD613F7F51415D4E7D3
:10B1B000EEEAE80FD00F27101A1B0701FD2D0B3AFE
:10B1C000E0D04FC6FAD3D958D423D9F815217F1D22
:10B1D000ACB5D4002F3ADEC5DA05E6C818FF7FF11A
:10B1E000CCFF1DFE18D809184D2923DDC10BE60D33
:10B1F0001FF0E5F00CEF03F421EEC936E5D315237B
:10B20000DE012EBDFB041CD9C930BDCDF5ACD43850
:10B210007AA4E6D5000D7F12ED15D8FEF117F09C4B
:10B22000E1FEECCAE42BDCF14C81C6F5270BC0092A
:10B2300020D81ADCF3DF2F143AEDD474DB3F7F44BF
:10B2400028E9E6044AF1C101C7F8B7AE3AE10C3F7C
:10B250007BD48DCD3003F1297FCE21ED1C16D52373
:10B26000F5F60D29C5080CD606DFD0E20076EBF81E
:10B270004006C90EF918733BE00F1308CA1673DEB7
:10B28000DE111C13218133E51EC6509A42E8FF11DE
:10B29000165612D4CA0820F2D7ED0E05483329B24B
:10B2A00045ACEEDFC9343E39F777543424293FFBEF
:10B2B0007FF90005F10E723D0229DDBED457E9FD8C
:10B2C000E40CF0F7300CE237E07FFD901C06E9C992
:10B2D000FC6BE0E42EF6D3191BF323AC2C411828A9
:10B2E00001D839FCFCFB6A56FA32051A2B5067204C
:10B2F0007DF702BB30C881F55E19A6E232C2645404
:10B300008F11B012BB143CC281B6FBE31AA7E4B89C
:10B31000F7A4156028DE26DBE115F27FF54601D79C
:10B32000DB1B0B1B14C03CEE49E611CF2AF2FADE00
:10B33000F845E9F2C61A2F0014FFCEF82D1003E8E5
:10B34000463AFDF40726DEBC00FD19221118083A22
:10B350007FE2E5AB2501017E8ED7D9D4F875D2E620
:10B36000A9B9DE12EFF4FBFB2681DBE57531E011B4
:10B370003D840BF827CA6D0ECAE912180AF74EBCB5
:10B380001BE21B46D5B341E770E409AA60241615F9
:10B390001A7FF3D3D40EECBE9E030E0352B8ECFC1E
:10B3A000D50F34B3D8460A21F0F77FCAE2239F11A4
:10B3B00018D1D8FFAEC23136FBC6D21DFCC025F76E
:10B3C0000697DE1421246046DF1AF73D25EB81A69F
:10B3D00071D0FBF819B3270F0B0C2ECD151F1EB023
:10B3E000101F0A5CC7E1D464E17FEC2A31C8310642
:10B3F00018F1E1B6EDF7340DB9C7A0FB50810AF59D
:10B40000EB356916072606206A560D0A06BF252D5C
:10B4100003F0FFD115F5D10FD831E213F2C57FA7A4
:10B42000BFD5DD037D113711EF171BE902A099F499
:10B4300076E41C00D9D907D20EFD0BE12163C504C7
:10B4400007F2FF070B7FBB2FC1FEED2D942618FAE4
:10B45000C30FE0141421140E3AC6FFFB0BE904B22B
:10B46000EEFBBA15F639A80CBC06FEECEFE6F8A325
:10B47000F97FDBE7FE9FF35616D01B33B7DBEF25D2
:10B4800015CD0407CCD413FBFF1FEFFB94DF1B4744
:10B490007FFE000FFCFB2509D8D544F703EEF0FA38
:10B4A000BDC8311E3F62D8E51DFCB918812BF938A3
:10B4B000F704DA03C6EDF52E811B2650D3171CF7CF
:10B4C0000EF5CD291D062017C813FB21F1162BB848
:10B4D000EE192ACCD34B701EECE3E9FABD7FECFDEC
:10B4E000541022074CDA222B3C3C011F10F66C0250
:10B4F00002F92DEB3D5BE1BC7FC4F2A2F1C25B3DE2
:10B50000C5F71D14D50BD087070CEDFC0AC9DAFD71
:10B5100026E610E634EF6231083AEC003005F4B666
:10B5200000C146DFF0C229C2E3F581C7CD08BFEFF5
:10B5300065F33703C42CAD28EE1BE260810D17596B
:10B54000BD0B1610F3083BF622C339A61D57102673
:10B5500059C1E4DA1129DB117A048131B42F4B2867
:10B56000BD1600F39A2118F90D199DBD20DE130FA9
:10B570000858340A259FCEF345E32EB1B1DCE4D858
:10B58000310C0DCB49E71E60110BF3DDFFF5D2F74F
:10B59000017FD682E210FC0109EE24B728BA3E25CD
:10B5A000FE311925F00D020CE8E106B7E5117F57D1
:10B5B00044FC131FF807BED72722CA2D27DE1AFC2A
:10B5C000E2DDEAE3FD05646AF1E000281913EBFD12
:10B5D0001BED00E508E281D53C0BFA081529111492
:10B5E000097FD7DC588172031ACCCE040ABE48C446
:10B5F000E9CF160AFFEEF139BD1730DE7A7FEDB2E2
:10B60000E6101718D22FBF1DC4140F100ADA2E042B
:10B610004BB9D8A5BB1304128B814BAA670BFE1F35
:10B62000F004DECD45C623F1371FF406A90CC5BCD6
:10B6300097381D09B8EB2930ECF3E831DF2F81246E
:10B640002B1F2C15202127E6E91407F36CEE124B73
:10B65000E521ED062B0BEB0E5ECF549E7FF0F53F00
:10B6600002EB423DD3F51E2A2E63C6354372AA0D66
:10B670000C33F4D601EE0802F02BF9F623FD8C0D05
:10B68000D215ACE6FB7708209D08F512C00F05E047
:10B69000D781ED11FB1A001A058119253B07060118
:10B6A000C3FA060C022623140ED03C21F90DBD0B63
:10B6B0000E5E45CF131104292B520F58E5F5020EEB
:10B6C000E50C0B42482330E308E3FFDF1619E2F6EE
:10B6D0007F9A06CB01F74E0FE2030764374439FA2D
:10B6E000F75321FB03E91DF7F7E8CAFEF1313312E6
:10B6F0002381B6DDCB0E053FDAF0F7303D2EAB6887
:10B7000001C523173C9AFA39F261C93637736D1FA8
:10B710007FE0E3252C2904DC3111E7F517153713F9
:10B72000E50C2AE44043EDBA1DB6411C81F5FACB85
:10B73000E412F213EA03E10E0D1AF1D3F7D97FEF09
:10B74000E213073034F52907E00DDF0623FF0C353F
:10B750003F06080B2104D6FAF507E7F700E701EAF0
:10B7600019813727EFFB14F2E3E404E7D8FD450124
:10B77000B8F2EF40FC0B0025017F08ED03E017E273
:10B78000BB9BFADAD2ABFFB81752490F212AF0FD62
:10B79000E6FCBE180B3E54D87FF00C170805F8F6EF
:10B7A000022113E3FA16F4E52008E111FCEB0AFE8E
:10B7B000E2100EE0F61E2D180AF00CE9212C290EDD
:10B7C000114DF8CEA6DC280F97CA04F7F63C3127B6
:10B7D000FE2D19E3EEDB81E5707BDA3DE239E7DB34
:10B7E000E07FE556F4FF53042F0BBFA1FEE82A8C3F
:10B7F000DD2D163C1133944E0D17FAB210F20D0ADE
:10B800001901D80E550B0131F1420DF1F20921EE6B
:10B810000B7FC209D8E7140CAD373528FF3201027F
:10B82000ECFF05F87FB3465D04D31E0E160803181F
:10B830002DEFECE0DFF3FBDB0AE1E011E10D167622
:10B840001424B3240E2001FEF5014229F834DF4C04
:10B85000F6332ED4ADD77FC7520DE47FB92E0A2E12
:10B86000ADE81540C966E204FD41BEE7CAEEB4E2A8
:10B8700003271AE95AADE3EFFE45FA1207120DFB52
:10B88000DFFAD4D77F38263F04E5040DEEDBD10084
:10B89000F6091125E7F7F8EE334C090417F53927B7
:10B8A00002CC15E8E33706B7C8DE081C7F3D21FF50
:10B8B00059D7F0E700F0FEF1095EFECCBAF30D0EA9
:10B8C000EE811BF2E40BB1162C1FF4181B051ADCD9
:10B8D000E4DBA215E3C6FFF6E6260E11082037C406
:10B8E000E1FAE106702C05E84A200BD5C304EAE32F
:10B8F0007F3314E4E4FBFA01425855EDF4D9F30523
:10B9000018C520012CE6F56E20B6BC03C7BB7CD75A
:10B91000C2C405542429EA7F3E781207BFF1DA3207
:10B9200044651CCE6A0CD9AA6393EAD8DCC87F10A0
:10B93000C51D0732B5C4A8FCDDE926DE01E546F4E5
:10B940001E9C37042A7F3BE8D857491C84B2CE6935
:10B95000240B142001022B063670E35D0FB0713FFB
:10B960000F956602EB810A1842FAE00E40052C376B
:10B970000D0BC542D6E064F6FABF140FFF10D8F4E1
:10B98000F5020AC8FAEEFA121818C60926F8E0F607
:10B990007FBADED303F32BD30C7FE9E8230630BF55
:10B9A000FC29E3401E02010723D3FD100DCE1EB576
:10B9B000E500F61CF8010B0E6F2C17201F19080963
:10B9C000DEF6041ACC041E1802C5F1F41BC6C881A9
:10B9D000133C1FF46A1707081C7F18F8E8E605EA0D
:10B9E0002EE40EBAED0D021D29D6D2002FFCECD4A8
:10B9F000EEE8F40AD4E4FA17E07F0300CAE2312447
:10BA0000FCC10CF13E1B072D1548F40F3530F6FD37
:10BA10001EAFE7D2D40CEC401B0FEDCB13F17F042B
:10BA2000FC02E42C2D1912DAD5FE26E70BE9F312FD
:10BA300009F002E823FF0BE404EFF436E8DA7FE0D4
:10BA4000B202261D331B16D40CFFF20EBDE6D9360A
:10BA500047EEE5F0251F2909DD19BEC96E7F45F1C6
:10BA6000DD071B1C5541E01AB55DC63A8DC1211694
:10BA7000619ACB2AD7D8EFE8609FFDF3FBF7D99402
:10BA8000204725415F35F43FD489340B7F004903BB
:10BA9000FDD011FAE51844536111642F5763F02566
:10BAA000252DF4EA060E5931BA17D4F3DBCA243631
:10BAB00025BFE2CF7F45C318381418431620423201
:10BAC00002AB0D81EEF20C145849284902D5CD2C59
:10BAD000EB441CF3E22E41B10271EBDCCC26EF0B00
:10BAE000A3F0F4D618C6EC37BA7F0CFF4AC34C1C3F
:10BAF000FF26BA433D12061411FD0205094251E921
:10BB0000B9D50840E4CEFA04E22BE0172AF5CA239F
:10BB10007FA7EDC912013FBCF112FE293402E50FE7
:10BB200007DEC6FD7F06390FC4D7EB322C0FBDDD13
:10BB3000430EDDFF21FF3FF82C19C1100D2A116FB4
:10BB4000DE7FD4003137BFF5F426FAED280C233C14
:10BB50002F15BEEACC8C2AA8EBD1D532F211E2E740
:10BB6000E8EE061845EBDEE8F70AE9D504EB00E15C
:10BB70007FFCF6E508F636001626C902E203051634
:10BB8000F74B217F2830E40A33EBD2EC091CDECEE0
:10BB9000DCF1E53E14EBD3091F6E22CEEC05071550
:10BBA000F3F11053FB2AE3C25010F31127F4D80B22
:10BBB000C9811DE8EC0066DAFAAD1707B92A0ADA7E
:10BBC000FE367FEB43FECAEC4B1AE017F9E8D1567C
:10BBD000F3F903FF13D3B90307220C1C7F2B0E4D7F
:10BBE00017187F2A08E200FCE0FB540A5B7F1475FB
:10BBF0006714702D6D2D4C4C40317F270F52BA0CBD
:10BC00007F91055DA3FB18F6ED7FFA0DCA03384B53
:10BC100038667F66012FF9046109FD7F08F947093D
:10BC2000DAC8DE81C49AD3BBBE02A6010881041320
:10BC3000A913A74FFC81670AAE3B17207B4E457BBB
:10BC400060247F38F1DCFC627F5FE0BCE407E60142
:10BC5000DDA5D82E7F3901F8FFFEF800F50B7FFD3A
:10BC600081E7DF9BCD21BD22FBF3FBDF81CC0B3BCA
:10BC700012F8FFF90F7F1D17DB12117F29091E0C27
:10BC8000F7F1F07F12786F1B7F54075D10930E075A
:10BC900081FBFFDD04147F1EF2C8F2F8CEF2A13260
:10BCA000A2B031B3813685229B242987291C811EAD
:10BCB0000330D22259810912EB040B0AE981DB041B
:10BCC00013097F34C37C37CE5A51C7007409067FED
:10BCD00001FF40FFFBDEF607150E067F22FB07FF84
:10BCE000BE81BBE7B1E0FABD56E5AD7F10C33E446F
:10BCF0001A4C6ECF7F412845CA81B9D991D304200F
:10BD0000FDBB5ABFAF30AFAC818DE6CDE8F181E528
:10BD1000F4D3DB3DF8CB76008135FCC3F412F7F3A6
:10BD2000BEEE507F5901CFFCD281D5E49BD5045A99
:10BD300009077F03FB3CFB11212E635B7F0F0B2563
:10BD4000F9F0EF4B7F5CEAD6E5DEF1DA82C181FAE9
:10BD5000FFFBDAD6DBF520FE6F7F7DFF7F07FAC29F
:10BD6000F403FFFDEFBAE1D381C40DCDF7FBC4F1BD
:10BD7000F2D7EDE781DEFD81F705460CFA22FB0BD9
:10BD80002109F0B3E7177F230F6C147A6B7F021140
:10BD9000F1FEB4F2F0BFEDD581D7146B20E783E15B
:10BDA000CF81B4277F37160414DDE7E6517F65099C
:10BDB000C319596570AE81B4B9AEC9E99CEB3B7F3C
:10BDC0003CF39BECECF4030EC50319F923CF7FD7AA
:10BDD000F6CBF5277F34F7DBF4FB04FD1E1B224571
:10BDE0007F5B4AABDE7C81D94FBEEAF8C7EDBF8DE1
:10BDF000D1CF81BCD06618235B53FC7F26FD54FC59
:10BE0000F17FECF943F7FA06F9DFDED9207F2D0543
:10BE1000E904E8B4E6B881A9F60813F2050425039D
:10BE2000030F0A16D87F1007EAFB3210FEF1160C3A
:10BE30000BC50DFC06060805750814FCEBF902019C
:10BE4000F3EB3809F4D91AC2DE051FD31526B2F276
:10BE5000E5EE00000814F829BEEAD908E908D80E72
:10BE6000F97F2504CEE6CE18D117E7ECBAE9F0C287
:10BE70000BFFE2F30B2BBB1AE8142CEF011F27DD9D
:10BE80000403D9F914F733FB50F00900002E15FF15
:10BE900007FB11510125D809EEFADF18FAFD030856
:10BEA000F9F6F716E3041AF8EF11EAFB08FFE8E3E6
:10BEB000FC1F011DF2AEF6E908F8FC01F905F77F59
:10BEC000E3E3EFE9F603F5E8DC142804B21AF42DF5
:10BED0000518F8441220FA3A812BBBDB07E0FDDF9E
:10BEE0000BDEFA1BDC18113EDEECEFEEF503080E5C
:10BEF000F508CDE6E223CDFFFBC93E05F9F01AFDBA
:10BF00001B1004F709DBE9FC0BE2FC110CBAF4D9B5
:10BF1000F1FDF417E229B3FA81F80C06D9E1FCF639
:10BF200001260D100407E1471AF2E323D4DED1BA4B
:10BF30000B1D00F4F048F826EFE6FA03F0F40FECDE
:10BF4000EFFFE8EC26F4EC06D6D5110F0F7011F5D3
:10BF5000094F1E3C0DF5EE0923E5EE15F8DE0CF752
:10BF6000E8DCE0CCD8C1EF17E121A4CBF3ACE30CC3
:10BF7000E645F1EEDA0E07E981F4050E98D3D9E132
:10BF80002ADA3F37F2A6C40B151EA7EC10F73CFCCB
:10BF900000C3F8F0FDF6E128F9F5F207FEF8E4FE3B
:10BFA0000CFBFC0000037F0BF7F8F805EBF706FA33
:10BFB000FFFBF8020007FB07D40711040A37FEF362
:10BFC000FEE707FFFEFFFEFC0905E53B0E0EDFF96D
:10BFD000FF0100EEF804F4F9F9BADDD5E17AE4C81E
:10BFE000200439EFA6DD0E10E140E111EDFACD0E8F
:10BFF0002CF5E72DC013B7E119FAE5FD0D035BF74A
:10C000001BECEAEBCAFF7FF5FF24FDF91ED308D72E
:10C010000D0630E70CD726EAF5FFFA08A80D0EE367
:10C02000000D3401FEF51502FC0205EF00F7FCFDE2
:10C03000FEFDF7F4090208E2FDFE0681F80DF3FAB1
:10C0400002F000FFFD0908FD04F501F8F8FB010707
:10C05000FDF9B50C0AFD06F5FECCB91B499CD0B420
:10C06000B705EAEF3B04151A0918238116D505CC4C
:10C07000031206261F287F01EB353701E812B81599
:10C08000D5EDF5CB52F1EA182D3F07DDE1AF1AF9F6
:10C0900004A5CFED19F206D3D19689D7F6A4102FB7
:10C0A000FEF2F837CF7F965A1C00831E2C2A91EAA5
:10C0B0000C32CF3912EAE7E110E523F41663ED1BE9
:10C0C00054E2A2C4FAFA69B629FB3B2D44FF2F358E
:10C0D00059DE100F81C69D5706EFEE1181EA16F268
:10C0E000F3072F1104012C27DAFAE33811F44D324B
:10C0F000E80F02F3F508F1FE1506F955050CE30803
:10C1000001ED190FFC0C09123EF521FF0000FEE3C2
:10C1100006DF0B051DEDE3F00922F0D00BEC0A0859
:10C12000D9F2CADEE60E1B11000008EECE0AE0AD21
:10C130002D0CFDF10B078127F7E80AD10A04CB0A81
:10C14000140EFBE3EBEBF8F00322FD05FCEAF70D20
:10C150001503E007DEEFF72ECB37E20CFEE00021FF
:10C16000FAA7F10B03BCEC0EDAD1EEED01E6F50B0C
:10C17000EE0FC724FAB1DD8A23D5E00100DF3506D2
:10C18000DD06D418F6D93BD538C3EFF23603630188
:10C19000D831017FCA20CD01BCC31030231CC5C4D7
:10C1A000BFB6C6C1A93D12089E2EDDA7B8DEFB2290
:10C1B000D1DB2F08C24E3ECD1A4EF70551EF04D009
:10C1C000AEEED9C9F8F0EA3BCD3FD222EEF0C2E89C
:10C1D000D681DE0828EB58DAE803F4EE23F0F4C148
:10C1E00001DE2FFB03FEFAFF0606F2F0F6F1F5E1A1
:10C1F00081F7550AFA110BFFFB1D0DE5FBF5ED0765
:10C20000F8F6F6F101F900031218F500FC0808F839
:10C2100006FB38FAE411F903B8FBE522F1FEFDC58F
:10C220001C0EFAD1D0DA151BEADC09E6E5FBFE06A6
:10C23000031206E00FB700F0FED5D70CFAFBDF04BF
:10C24000130204E21AFF13DF0BD7F61DE4FEF20619
:10C25000F718040B357F171C8103D3100F903CDEB9
:10C26000FADE3705E80EFB10E3FFD0D11A090A0108
:10C270001C59A7050B5DD30806EB1403000337FC1C
:10C28000F61721EF30C9030B158E3A3CF382EDF21D
:10C2900002E30107C51EC0D3DB21F0EFC1FF2F5D14
:10C2A0001A4F390CF530DBF6E0E4102C93500815EA
:10C2B0001E21EBF52EC4821501EBDFF6F6FC2E15E0
:10C2C0008133DD38BEFDBDF722FFE1DD1705B8681B
:10C2D000C9273443D6E0831281CE5449BCED130202
:10C2E0000E97B8DC1C202FEB270D1804290A051621
:10C2F000D1E90BDC0A35DFCE01222202FA28E61E44
:10C300002E27CCE4FC23DEEF09FD0014F2EF02043B
:10C3100012E815F92BD72A07CA21FAE709005305B5
:10C32000F832150EDE05EE1AF5D806281DC8260AC5
:10C3300019E304161F090F0A7F080AFA4A3BE9F5B8
:10C34000F0F8EC14F134F6F8FE573E4E07ED82FD9E
:10C350000E1C081AEB0BF463F2F21AFC070018F932
:10C3600001160B199FDD0D32FBFF1100205F16FF38
:10C370000A1F14003701111CF30714005AFBE5F7DC
:10C38000EC1581D30439D2D8FBE003910FFBE0F325
:10C3900032E6FDFD06F101FB22C9F70F0FEBFC11A0
:10C3A000FA0806D524D427FB1CF80F10F2021AFA5B
:10C3B000F8F10A04EB010612D8EF060426F5F21292
:10C3C000317387E7063104FEFED806811EE5E0FEE4
:10C3D000091FF5141D02FCD735DA69FFCAEDEEFB23
:10C3E000FBCFDBB424142AF481F806F912FD0324F0
:10C3F000E1D7EEE8F148E6F8F404FEFF1002AE944F
:10C400003128FA043605E1FF4C04BF074FDFEEE99F
:10C41000EFEF14B000E50AD6E1E00006F6F700F50C
:10C42000FDE20208E5F60F0CBCED14F80A0B03055B
:10C43000FFC7F6F6EA01EB0326F4240127F21E04F7
:10C44000B30A0D8112EB4923F9EDA31EEF040EE4AC
:10C4500023FB02FC08101DFCF6220A7FD00609BD52
:10C460002D0CCB8E9AF0FE13361FDFE1F63A052035
:10C47000E32448EA182E0DEA201AC812FD0A15E630
:10C48000E4F027FB37FE4BE2E73006ED25ED05D162
:10C49000142F101243ECF162B92DEB0305E76BFA90
:10C4A000F32910DD07E6F109C9F9B207329715152E
:10C4B000116303E9F80C04FDB1170F0570D7000FE5
:10C4C000B114A238F2C70E81F7C7B264FE042C0A79
:10C4D000CC1D0108ED07C500C6F4F11513DA7F0A7B
:10C4E000CA1A1A08C05A08F4AAE1E9F10891200A08
:10C4F00013F806153E0D1C1BDA1214FC18F0E0F6BA
:10C50000F32D08110BE720D9F5F3F21601F6C1E976
:10C51000F01EFFF804F4EE361604FA01EF00F2F311
:10C52000F1FB0606EFF925E90107FCE61FFF000213
:10C53000051403F0F416FC091AF97F01F00AE8016A
:10C54000F6EC15F867FAF30809ED0202DFF7F8FDDB
:10C55000F7EF09350612F40EE6E0CA05C611F0DE63
:10C560000113FCE49FED1031DDFEE77F0DF3702F2A
:10C5700005E30BD3F81ED3D1FA21FF023BFF2210B3
:10C580001EBA66DCF74916D0F1F5FC0043AEF6BEE4
:10C5900008DA230D11ED0508ECC7030F15F1131B85
:10C5A000F30B06FEE62A221026F8D000278103FDB1
:10C5B000022EF219FCF70F38FDFBF204CAF1ED0F61
:10C5C0004C06ED28D110363909E68FDA1BD03741F9
:10C5D0001E12F6E2D511B574BD74B1D21E0D2B1B1F
:10C5E000074C28F8FFBF62100AF313DC28813EF6DF
:10C5F00020E918103F1E2741412404084B11C8FAB6
:10C60000F706B21310552F49DDF6D42BF9E8DAEA14
:10C610004B48FE2FDADEEB47D7FDF507D6D615C01F
:10C62000FB013CE005F11E07FF06091912F4FB9F10
:10C63000811784FE07090B07DEF519EAF4FEDBEC2F
:10C64000F8F606D407FBE7F004F7EE02EF07F9F778
:10C65000FEEA1FFCDD290E0B16D60A150AD17F163D
:10C66000E9F706FCC5291AF0D3E2D3FAFAE8050582
:10C6700009EEE80B2DE70CFD09FCF5FAC815EF04EF
:10C68000BC0E06AC10FB2515F3DBFCFF04FEE7FE39
:10C69000590400FEFEF1BB4EC5E6E1E801E148FBAE
:10C6A000082F0D10E4E5FB0ADCED0AF815F81C274D
:10C6B0000E1F22250E17103434130C04A6F1E5F8D2
:10C6C0002CE8A007E50FE4C800D41AE026D80F161E
:10C6D000332B057F18EA1EEA0301F31002EE4D1119
:10C6E000F6FEFDF514D9DBF8EF04DCF809F0FAF4F6
:10C6F000000FF50501F7FDF9D4FAFBFEC47FF0FA4F
:10C70000F709FE040202FE2F0FF6DC0AF90A1009EF
:10C71000FF1B0304F8FFECFACCD6DD2400F2340949
:10C720000DFEFBFC04EE122E0AF0FCF2F103E0E633
:10C73000FA06F2F71FCCEF0100E88103F709FE22A9
:10C740001B09E6FDF2FCFBEFE60B0006202201FFD1
:10C75000080E02FEF9260A19E940EB110BFE7F13C1
:10C76000FB0E06F4D42328F7D4DCE8FB000EFC0013
:10C770000742091BD11411FC040DF701EE0606FE59
:10C780001AF5ECE210FECFBC0B0A1C0013FD10F8EA
:10C79000F6F8FBED030109DDD6C40F2E28D3681887
:10C7A000BF4C1BFAD87FC2F906DEB4EBF2EB03F9FB
:10C7B00009A61312FFD91B11F30B19FCE32BE5D1CA
:10C7C000962008D12023FC07DE8AD7001C1515E52A
:10C7D0000627F1423AE9A16FF081BBE5FDEDDCDA15
:10C7E0001E37011BEDB1C851E9D119DE4012E0330B
:10C7F000130A22F311311D141F03381FF601350DE2
:10C80000A9529524D010C3E20FC002962C52C9F849
:10C81000297DF57A08F5402BDF14EB1C110A14185A
:10C82000F13A02FB1AD20B08F9FAFD150DF30917BC
:10C8300005F514DAF7141E0208F60903E8DBEA0826
:10C84000027F05FDF2BD09FB07E9D53516EECF1ACB
:10C850000422EFF7EFF2FF1FF4120E0E02FBED02BF
:10C860000F0B02F6E8AE21EFF90211FB107F07096A
:10C8700003F9070DF71109040F000EFEB2D90208E3
:10C880000AF12406F617DE220A4BE3E21BEE01FD55
:10C8900026D403DFFE04FFAAC6FD04C6FF070A3143
:10C8A000E5100DFAEAF7F0E4F425080CBE0411FADD
:10C8B000FF1C042900FAF2E810107FFA021013623C
:10C8C000ED13F3171AF10FFAA011050422F6E60191
:10C8D000F6F4053F2185DB16DDB7E82C02E41AEA01
:10C8E000F8FB2B87E6032B1BD0FAF813F7F8F78138
:10C8F0001107D5DC08F0D5E2EAC70424012101FDC7
:10C90000F2F633E3001DFCF0FAEE09EFD9CDE2FCBC
:10C910001CE7F5F60B260927BD0A570F06AFE6EB15
:10C92000167F2CD2140F03FDF5F7F3F4D61D08F093
:10C930001B170939FBE4F86F1CD13404F216DC1321
:10C940000434E208EC0A0E042B000EF5F6E114FEA6
:10C950000B0E04EA2B01F107FE84ECB2231B05DD6C
:10C96000F6D02405F6F728DF224D81F1D30AEE3404
:10C970001DFCE34C9225F80DF205E4FD060344048A
:10C98000E33B0539AAD520199913E3F622B3FD2C10
:10C99000F8DAF6D5AEB8F73DBF3ADA231BFDF41648
:10C9A000031C0AF4E5E6E8F524F835EEF06201F739
:10C9B000056B01F7E2F616E70B030DFF0B0FD3EE45
:10C9C000C90E21810206D717F202C3FF25FEFF011F
:10C9D0003A1BF507080ACA1AD624F60E03F93B04D7
:10C9E00017280D01F4A227FEE6F0160E1307060421
:10C9F00007F607EBF0F1000B1E03FCF79211F709A5
:10CA000022EDE9F2060F0923ED06B3071213810C9C
:10CA1000092A0505F0FD1000092F81DC5FD917E315
:10CA2000DA0F1DEBDB103B1EF4ED05920B27EEF544
:10CA3000FFFE07F738ED3C0E01180F0E03E5EA0C78
:10CA40000607F8D5ED0D1AD3F52CE71B03F0FF0C04
:10CA5000110DC50012D8FE30F6F50DD606FAEDDD43
:10CA600005C6FD03CA141103810AF506FA0BE1EAB3
:10CA7000FD9EECF60D19FCF347000203071619F0B2
:10CA80005F01D199F3DEECC7F7EC091700F21BEF59
:10CA900075F3FD0AF81500F4F2F0351DC7F4161A07
:10CAA000EC24082BFA00301ADEEED7710AED7F4E27
:10CAB0001BF6FFF8ECF9E6F4111AEFF00CFC0B1181
:10CAC000EED9221DF601090F2FFA1AF90206F9DF35
:10CAD000FFD7443001FEDEEBEDFF13F48106FE2D9F
:10CAE000FA1ECB10F802090C0F010612F113000117
:10CAF000350CEDEFFCEAF2FD02E6F73E10092A03E1
:10CB00000906030AFFFD15FBFE0002FF10F504F104
:10CB10000106A2FC00F4030AD4EBE6DDFA0C0E3B9E
:10CB2000071C0E20A8F1432AC6E808FC06ECB3CD8A
:10CB300011A5E3C8C7F6C80D24BB0CF024337F044D
:10CB4000722CDEE5F538289418B80E0BFEFEF0CEF8
:10CB50004D1110110719E9F1FBE9FD1A1AD832FC41
:10CB6000F91681190B09433ACBF0C65012F45E381E
:10CB7000311425E7DA18F601190EF7910512E30CC6
:10CB8000FBEB1A0C080A091356001FFB02FA04D427
:10CB90000ADE690811F8DBFCF44119C104EB8FF8D7
:10CBA00010D7F400F21DD2D3F631F0F10EFA0600E0
:10CBB0000907F9E0D37F1BE7030C0C0019DEF9B479
:10CBC000E7F6161012DA12183427FAD7E7D10B0F4E
:10CBD0001E12062EE6A5E118C4F810F4EEEAF812CB
:10CBE000FE7210FDE607FD10F7F5F2C2D106D2D6AF
:10CBF000102DF7E60229ED7F0CF6310C0202F9EB5D
:10CC0000140ACF0D0219F41FFDFFE60613F1F2100E
:10CC10000EF30BE323FAE617ACFA7F54D88603F63B
:10CC2000044B1C1201EEF602FC0DF217EDEF0E1D87
:10CC30001F09F601F1F4E4460E171702DB5504193B
:10CC40001308EAFD180BF50629F4E409F8FB1805AA
:10CC500010EA30F10CF6FDFEF6070F0BF6110CFB97
:10CC6000F901FD05C4100A048101EA0702F0F2FD92
:10CC700000F005F5FBF6F0E9E7F40BFFFF1012F208
:10CC8000380D081501040EA2FBEC040F09FCF0CAD4
:10CC9000EC0505FA110508013CF983986E3639FD5B
:10CCA000E85B7F49E0D72EF01EF3DE05DA0807D0F7
:10CCB0004A13EB2BFBCB112011EDC0FC10FF0EC46F
:10CCC000C7E3202408E31B19D8240DE81B24121401
:10CCD000DC1EDA13CD2ECF1AE0FB040E59F90DF746
:10CCE00000FDD3FFFDF820FCF6000CE604F1F6F59C
:10CCF00012011AFD0EFBE1DEEF06067FF30DF6FCD6
:10CD0000F6F802F5000801FAFFF6FDFFF5F502FD61
:10CD1000FDEF4405000B01FDD8E8A7DA181F3BEE34
:10CD2000191E1A02FCFBFFFD0307B662F9FAEA813D
:10CD30000EDAFDD1CDC507CE06E61507F50FD1F603
:10CD400012D505250C01ECFDFF960A06043F0804E8
:10CD5000F5EDED222D08FFF0F81DF8000CE51EFAA8
:10CD600006E61205E831130D23FA5AF0F32BF3FC13
:10CD70000302F2F2E0F9F915EEEB1606CAE1F31838
:10CD80006C23E18BEC0A1B0CFBF3EA0EFFED1F1783
:10CD9000232CFDFC07F18143D74EFF1F0901FB0047
:10CDA000E41E02FCBAB40BF2D8F881F932080E0581
:10CDB0000877001D92151A0CF307010238E5E90304
:10CDC000A906F24902FEA9E0113299C70F03221801
:10CDD0000A10F9EDD2F902437FF9C0FC1C2C34F79C
:10CDE000E3CD02E308F8E0A9EB2A28D63B19494F26
:10CDF00007D2010F00C218C7052704091008ED0E5D
:10CE00000FEC1B07E8101AF24732F2F30382FA29FB
:10CE1000FA9AE3B108F80AFBC3BEB73908F926E865
:10CE20001C091D0A1009C27F0312E7EBF201FE2262
:10CE30001417CBD3F202DEF4EFF11704FA0EEB2154
:10CE4000E0EDF308D3F912EDF11B08EDF3CF0E0975
:10CE5000EAD3FF55C518000FDB0EF9F1E9E8F9C474
:10CE6000F41181EF0EF006FF0003F4FF0DEE03C492
:10CE70004DFBC20E090CB90CF20F1934F2F2D7FFB8
:10CE8000F8EBFEE6FFE8F9011104F3FEFA1A0BF6DF
:10CE9000FDFD9CE704FFFE0795D1D82DEE1322017E
:10CEA000EE7FFF1302021AF2FE00CCF8FDEFF7044A
:10CEB00005C108DAE8EB01CB0F191BF91608F0F8E9
:10CEC000FBF2FCED31FF33B337021B01356210DB9F
:10CED00019EB0A4CE1C9DEE0D027F9080D1DADD9E8
:10CEE000EB4DF8D781CF1CDFC5F9ED192AF92F24B6
:10CEF00012272BFB33F73CF70722B900FF21CC1B8D
:10CF0000D6AF289EE53276E5E3D72117A8F90D19AB
:10CF10002EEDE7CB1F7D1F2AD737D9F119BE231677
:10CF2000F9133506ED5E0FE725D533F78934F30A9B
:10CF30001B5EECF95B0C060DDF01FFFBB7029A10DC
:10CF4000F9FAF7ABF4D481FC0E0A02EA1FF41E2BA7
:10CF50003BEA0C18E5CC8D6CEEFC04FA361F0C0C89
:10CF6000FC16DBF2F50815021401F811E313FCFAC4
:10CF7000A30E18FBFAE8F9FF0AF103C60B062AFD17
:10CF80000807FA0803040601F4F0010504FAF8059D
:10CF9000FF057F07D507FD0E1FCB0C0300D147DF30
:10CFA000D51414F7D27F221014FFD8E4F6252F26CB
:10CFB0000E151D0D201620F5972202003112EDF8F6
:10CFC0000FC51CFE0990E9BCC2FC55B226D011B5B4
:10CFD000EB0A01E83AECB233B7268ED0F10ED3E07B
:10CFE000F31A252AEE42221DF4F8AB0D174B05D695
:10CFF0001DF6FDFB2CF6E917C3E112058166FCFC6A
:10D000000134A1E6EC2A1DF8EAD4ED45082357D1F6
:10D010000F2C041FEDEF2C23EB00CF13FAF410D4E8
:10D02000EDEF0E1C31D1113E10D600F3EA18F204D8
:10D030001D13FB002CC3FEE012B47FFBEE11EAE3EC
:10D04000050416080CFB09EFD002E20D72ED20EF8B
:10D05000D3160F41005511FAA3BFE911D7EA50B416
:10D06000DE10FE812A091AF40C2B2A1C31FE6C06F4
:10D070000A1D281A190816D9DE460303051EF3EB0C
:10D0800004DB29D50FE9E1FFF7040FDBE8DE04E458
:10D0900003930DFB48F62100CEF8252C14F228FF4F
:10D0A00017FDF616F01EBEE715F810FD121B211431
:10D0B000F40B0019F03601ED121709F605172DE5EE
:10D0C00019F9ED1C2D06E126FC882E0C0A7FF9D9F2
:10D0D00001FBF6EBCDE1E1EA0F27F2DAF9BFFFE75A
:10D0E000F6035CDA010910FDFF0B13BBE512C5C0A6
:10D0F000F214D9F511FD357F01F410360908DC2052
:10D10000101FE0ECEBF8FEDC0532F2F4FDF3FB104F
:10D11000170506E9E1DBF755B906BD0DC0411F3B18
:10D12000F72966FB005B2015F92C66E888601A0970
:10D13000381E0348DCD8842DFFD702E020081408ED
:10D14000C501CC5000E4C442F8EC44F6DBBDEC650C
:10D15000E5007F1AFCD6A24481D0130AABDBFCCBDE
:10D16000F1E1C6E92608D92BEFF4F726E9CDFCD387
:10D1700014330BD4F612CBEFF50428FCFE0DC4FCDF
:10D18000F408E6FE2501CD22101A15F80AD0030E88
:10D19000F3CA2EF1F10BFB03DADAF508F2BB26F342
:10D1A000E3FAF8EDF9F40D17C60E0FF0F19B1B1220
:10D1B000FCF5FE1E062504DCEFF00202A38BD7F679
:10D1C000B62230B8105ED57F0430B35BDA0381B28B
:10D1D000C5E50EF803EA89FE81C12F509BED248638
:10D1E000232008E0F227B9520C07B83E241EFF574F
:10D1F000162B19ADC51AB326592506F91E20CE11D6
:10D2000011ED21BA261E13C53CFA2B1006BE01E70C
:10D210002ACC5719761AF537D5D7F2C93D1EF536FF
:10D22000D51F49636B0C19E3FBF5DDF332CC1BD141
:10D2300028D4CD11D8D40B40CA0F1AECFEBCE62F6F
:10D240000136E1F6D3BBE30623CFF2F3DAF4F22B97
:10D25000E2E4E7F6BEF95581FAE5B804F7E1F7DC58
:10D26000EDF9ED9C33C4F209D81BD3CEFAB7FA0B13
:10D27000F43608FEE93613EBB7FAFB16C1E6D9041B
:10D28000CD0D050005EED9F6DE1881E7E8D72C03B1
:10D29000DDB8F3DE16DCA3D8DC2DF80408F10A09AA
:10D2A000072313FA022F2032F9E35B1123AC230E7C
:10D2B00013E208FD13EB0B207F041A0039DAFEE5B8
:10D2C000E1FFF629D8E00FE511F353552FEEE312F5
:10D2D000FBECFD1ED908F311DCB7DE0A17AC7F02A8
:10D2E000D8381C0AEBBC3FD712DDA8D4FDB81D17F7
:10D2F0001FFC013531331625E1F630066BF7B029F6
:10D3000024F8AD32220F03F10B18F31A061104D9D9
:10D3100015F7002A22C4F23DC6EFB71D120A58CBFA
:10D3200003031987FA2834ED0904F2433A13818C78
:10D33000FD0306DDFB4700E61200091C050FF6049D
:10D340000102FFFE2A050BF1F0CC1304EFE8040CF8
:10D3500008DDDBC450DFE0F49266C5222146361AB0
:10D36000383C0E08D7814F1DA5C84A070D56121725
:10D37000112928F9ED2A170BE31BFEFA2CD6C52834
:10D380000819CF9138070EEEE34DC2F6F602B81336
:10D39000133DEDD30016F8C702E2C97FED15F00882
:10D3A0002C1D1222E80E58660ACEF4FF02F4FBDDB3
:10D3B0000E06FFCAE683FDF9DF1E30FD0111149E43
:10D3C000080EB90EF220F9FED64E23F1B4E306FCA6
:10D3D00021DE0CD7DFC5DCE5EDFF140FE50B7FFD8B
:10D3E000F80DC3EC00051FEB04F8030ACFFDF6D5DA
:10D3F0001DF50404F0F4EAF8F904F24CFE11D11A18
:10D4000005FC120A1B0600FD02F8091206F0F809D5
:10D41000FF0D1CEEF6F0FAF3E117F40E0810F8F623
:10D4200005F208F4F50E0A05A206F0F81BE5E1F195
:10D43000FC0EF5F2E3EBF3E6CDF501FDE1150B1083
:10D4400020FF1107FEE10B81EBEB2B18FDE9BF027A
:10D45000BE3BF9E4E703C205E534DFDF0EB0171386
:10D4600008F33718CB7605002CD241038634FA0A2C
:10D470001C18EBFC7F18F7032109FDF7D426A32025
:10D480001BF1D398EFDC8CD9122A36DB09F90A2478
:10D490003AD81913ECCEC15FA42EC716DB000BEFF0
:10D4A00008030602E2CCCD7FC4E9E5100F1FF8099E
:10D4B000034000DDD8FAE41D08B517FEF509A425E0
:10D4C000DEFCF9D6D9D738F9ED22E447ED39DE1183
:10D4D00008020A27E3F5E82597CD811219420DF8D5
:10D4E000EF1103DAFB09942FF60FF932EEECEA1391
:10D4F000F315E5F8DE33FB0EECEE290EED03CCF46C
:10D50000E7FAECFC0DF7FD17E017FFFA0CEBF61845
:10D51000EF18E749FFF2013308F600EB1CE720D8CB
:10D52000F5122502F16013F5632AABECF06919F4EA
:10D530001A69F5FB21ED2A2DDC11F2049C81D20A37
:10D540002D0C13F6E8D6B012184B2200F2F11F3E54
:10D550000AFF0114F8ECCA7581D0E0E1C4FC4E0169
:10D56000D134A6EF1DF016E30C1F121BAFFBFAB26D
:10D57000BD07E4F8F902F3DE0BD40A02FE08C2F894
:10D5800000F918F81B15FBF1F6F305FB0819020D5D
:10D59000FAE507D0EB0801F5F118DF0100F408E720
:10D5A0000BF701F927F1D903F2EA0104F0E8050AC3
:10D5B000FEFDFE18E8270812F7070D09110F0304F6
:10D5C0002EEC81F60BF927C2072C03E0070D110F93
:10D5D000D40CFD161CF4FEC7E4FDFA1EFCFAE30AA7
:10D5E000EBF4FBE17981DAE6EB07FAF41CB2F8EC34
:10D5F000FDFFF208DFF9F901CEFC0BFDD78A0B1312
:10D60000C348BBF207D504400CABE8FCF1F50B1B9B
:10D61000EB200302F4FDF891C41B0C3BDA19036202
:10D62000DBA9BC530FD3E12F1633EC5C551211F07C
:10D63000EBE8BA0C3781340EAFF36637C9F1B9F2B3
:10D64000B76D0B3F846733B6CA45FD51EE371329DA
:10D65000FAA5F91741561B24465FF6161A27183A01
:10D66000041ED41BE3B9311681DF30E2C5F505BED7
:10D67000C11FF539CC32FBAFCC490F1501212CDB92
:10D68000A5C93F0819CF4DC006ED81D6E8283D1148
:10D690000001FF7AF00F25EE0AD23F23641DF2E766
:10D6A000E50414130BF241EB0DFAF12FDF2B1304F9
:10D6B00004DFC915221121F71E2FD1F923D5F0411E
:10D6C00033072115FFCF7F13EA0F35ED011EFCBA9A
:10D6D000FE22E2F800FC1ACEDA42E95DE03B1F3F91
:10D6E000E3811006497904335963FAF6212E343464
:10D6F0000126CF1DC4CB593A8CC321D8DDE8FB9657
:10D70000B53B0040C44DEF92280CEB6066201BE94E
:10D710000EEE7F0400EECA3932EC190F30E7180D17
:10D720000CFECBF005E10FF318CE47FAF0FFDFEE69
:10D73000F4FAE3111C3600EA0ADC0DEF43E6012F90
:10D74000672AF704C749221A262D6950F28116F676
:10D7500006F9E1D12D22FC0534ECDD04CF13ED03F5
:10D76000E40FCA0E1B0FDE11FBB605F5DDFCF72238
:10D7700036172715EF67992A7F036EF6395717ED8D
:10D7800029190CF91BD94B0EE9F5BCDA1817DB0483
:10D79000FF15E6D8EDF3EE29E63310CBC5EEC9044C
:10D7A0001B299233BEF9D604BEC112E3EEFD1E0161
:10D7B000F91DDC30E043DED1C41514DEF5101A0685
:10D7C0002D6E38577F0017303D33FEAD375BFD7B44
:10D7D000B5D5AC150A160402CE1BD60CDC1AC4C390
:10D7E00050E7096FD1143CCD1437E49DEF071212B6
:10D7F0000E13E0F681A0760D290335421AFFAC7FA7
:10D800002A1618F8FBC3EDD130DA1D1B51130CF7A3
:10D810001A0E061A14F404EB245E221209E72DBF37
:10D82000C691E5E3C51806CC060EFD1AC11F1361AB
:10D83000D2F2C6F044074AEE271ACE217FEF1A191A
:10D84000EC2F181D2CB43A301725621BF33BFE2138
:10D850000135FA25051624D8EB0F17233200D648D8
:10D86000B4F9EFC71241810D3DEF1504721954B898
:10D87000D4F3FF060FA13601F229161817B7D3D437
:10D88000165524DDD64344C51909DBEBE11DA2D2B0
:10D890001FF1F5D37F3CF420E921F502E427186B52
:10D8A000AC5EF9FD09CA12EFFE2037E1D315F82569
:10D8B00018F5E52102F911197FDB1DE8E008292A96
:10D8C00016C00ADABFDB2E831A02E341DECCC84A57
:10D8D00031E4F7D9221A39EBBE1B03E10E33FA35D6
:10D8E0004D1136F8453FDA2CD3CF100FA9109B719C
:10D8F0001AF30F61812AFAEDFFC3BE1AF214DD3468
:10D90000E20425F0FEC79E2D150B44E8F206E32540
:10D91000EE5D26520E5BFDFCFECF35BA7EB72D17AD
:10D9200055EA3813B03E7BD84533810BDAA11E0B84
:10D93000D701C292234D3AF961ABD515FF1EECA673
:10D94000B12B1F1B2D4D47F16D404B0C56003C6712
:10D950001718DF0EF8D0E0D91C0C6A25CE6FD01056
:10D960001FF7BEAEEE382EEC0D05E69C0ED115FC71
:10D97000290C7F0AE514F4F87FD31FE5DE15424D2C
:10D9800032E811E8B9F7069321EE0F04D5FCC6E1A1
:10D9900017DBFA142F2936EBF600F5020425FC09F3
:10D9A0002E0844EE3315D70FE965F8DFEFF51011B7
:10D9B00022E1A326DB04FFF1E2F603FFE7D72036DE
:10D9C000F7DDC02CAB64FF09E1021E0FFD5DF6C45C
:10D9D000E87FF6592A033EF452E60727E314AF6EB8
:10D9E000D51C4EFFCAE2F9F5B5B6F22AE4372FFC92
:10D9F0003BBBF7DD0445FACAF97FC3E2290FB9AB97
:10DA0000F7ED15F9EC162603E206DA2DDF191E4AAA
:10DA1000CBB6C33F36F2F02C37F5DBDB3FF3F4C96E
:10DA20001037AA313C814963CF045755D6040EE51F
:10DA3000D05116E8934747C4D406EBFFBC32C31657
:10DA40001BEBDC1CBD24E2D1F40601F7F20D41FE14
:10DA5000FFF3DD08F044BE21EBEB3412217AFB0B1F
:10DA60002D7F20381E151832D9DD0FCFB990A9F4BB
:10DA70001DEEFDEF6D59E7E1CF36F0DC0E40473487
:10DA8000CC8105FF91FE03180E08D4E8FF35272A44
:10DA9000D019040CDCF911E9D0F6EE013F08593039
:10DAA0004F2CE02BDDCB6E0C0ACB33207FC320093B
:10DAB00041F5E2421D2CC53F9C062D4FD9D52E675E
:10DAC000CA0E6D1729D6D8AD2FE00A3DBEE6312A21
:10DAD00017EC183CBAD3CEC232167FF7F9280BFDEB
:10DAE00019F4F50CF11CF5E5F726FD09EC51C8D346
:10DAF00012F4471E3A31DC2CF3E1A7EE10D2C6D562
:10DB00001FFDF0E6481314E4EE03F9F0180B0D7F47
:10DB1000D61811EDEFD0010E2E0BD205D8FFF3274A
:10DB20000512FD02EB16FA28460F2FE90D11980495
:10DB30007FFA2BF004040316EC103917DD36CBFE08
:10DB400023F6FFF40736B0D918F9D400B5860D13C3
:10DB5000CAAB1AEF1AC2BFF33FA5DFD7EFF7E0DA7F
:10DB60000B1C351BE25AA82854CC2ADB390CF619B9
:10DB70007F30E8293C13179A8D223D0CE64B0B2988
:10DB80001E11E9FBCA09BB5392B8DAFBD12E8153AF
:10DB9000C73237E85759FCDE1A3A4F33F3053436AB
:10DBA000F3C3AFDC14FDF3C71D570B4D0CE01FC0D2
:10DBB000E7FA130C1AF8D11B6DD7FC0DE315F5FA33
:10DBC0002B0360C721E3B1E105E0DBF2121E28EF71
:10DBD000150EF5ABFB0AF9814726F1C938DED7E20D
:10DBE000D900FFE210F5A2F746DC29CE33EA0C0F8C
:10DBF000F71744CB0FC17E937FDD9D347309C0338B
:10DC0000AD06B6A9B50693FAFC1A2ABC053C48C76E
:10DC1000FEACEF081851EEFADE763BFCCB42D9574A
:10DC2000C2DE6AD31EFDFF0BC42481090B301C1316
:10DC3000E7F6FC061BE81FEBFBF602D749EB2A03CD
:10DC4000E9FBE4E308EC1DC8FBE5E329E91A97DAF0
:10DC5000280BE9DE7F7CF823EA0911ECF830355611
:10DC6000E63317DC0B0316FF26540602E70B001EF3
:10DC70002E3E171701FC230FE55E1CDB0430E34248
:10DC8000FDE84CD07F24DDF2092494E910201FDF49
:10DC90000EF20635AE1358D9E9D9E4D27C151C141E
:10DCA000D50C15F3CDF13AB1BF2F4F1DEFA6BADB5E
:10DCB000B8F615EA3E7FFEFCEEF21408EF3D535F26
:10DCC000ECF9E527E3C604EB1FF0DA1DF9ECE96295
:10DCD000B11312E2D8DF1E0CD910DA62FA162B1F2C
:10DCE0000AD604C100DA29F6261BCB322D007F04A8
:10DCF000A005E6C3C3DE1A522CCFF6D3BE3103E033
:10DD0000ED002422F00DF1F6F6344F010E33F64902
:10DD100024E7C609FE564DF2435DF2451C1F14066A
:10DD20001EE23C255E180EC7E03FFADDCE1DF02056
:10DD3000E7D7FF2BB6EE0181DDCAEE51DF435394E6
:10DD40007FB4A349094996DE2F57E436321CF047C9
:10DD50008A0DCE7306824C36BF0A4B2007EA25BCDB
:10DD60000C02C92DDBF5AEA71AF1D4FDFAE581CB83
:10DD7000B3B418EA0FA624CD1D1DE6F712025132E6
:10DD8000C90123523E1627D7F736FF221AEE162571
:10DD90001E26CF05EA0EF0D9F107167552633DC66F
:10DDA000C0E53F27A407114136BB54E72AE6D52733
:10DDB0002A7C06F97FC807E213F86511EAF3BBD79E
:10DDC000CAE431146C18C6EC2838D9011FD9F11CEB
:10DDD000D1E76ADF792A31A1B5FE61D82648B85D5E
:10DDE000E545BFD764B3E8222DF4C592CA0797284A
:10DDF000C7DE1DFECE17007FEF05F6B8FBF2172D2C
:10DE000013124BE50D81EA2C233B02145CCEF11B6F
:10DE10002611E9F40C00D60EED584492054B27EC80
:10DE200022CBB8C8DA66E6177FFFD21DA0D6A5229E
:10DE300046DF28F6F0084C257F42763440143B61DB
:10DE4000B87031124FF52F212B3F080ED9213835EC
:10DE50006914FE632D2D30590C403FFF273F047F8E
:10DE6000E1E335F4BDC44308FAD5B137270CC3BB91
:10DE70001EF2314900D7C30CAFE71CC230F92CFBAE
:10DE8000C1E2CBE616BF55D3470BCFED9A3EF03239
:10DE900022ED4F4529A67FCD0BD2EA310F1D2E086A
:10DEA000FD165CE9250DF1F7106413E5E7AC432797
:10DEB000E8B64E0BF4F2F6E8073523C833431202F6
:10DEC00065077FBB223BD4FA3A39D601441DEC20CA
:10DED00019011832D3E908F5FCDEE4E04FEBFBDA78
:10DEE000CDDBBCE407E012C5483108033D35D4431F
:10DEF00002B1DC93E937512157577FDC01FEE1CABB
:10DF0000F8160F04A613741E212956FF05BF0F042F
:10DF1000DF35404CFA0B562E0AECD6050D38812819
:10DF20005A09EA024748132AF5F914E0F4182A4876
:10DF3000FF5735C728F818EF304B010ED8D5F2F946
:10DF40001BFF000BFAE41A0DBBC7102806E60508F4
:10DF50000D4704C57F123DF30C1AE22900CDD2B95A
:10DF600014E5F5E4DBB94BEECEBCF2D613DDD1C936
:10DF7000225C0ADF0A25C3C00AE8FDE0D5DAD8FD35
:10DF80002B08EB0545F9EFEBE524E3050E29020725
:10DF9000E58100EB9FFD033329F8D8FF100C241115
:10DFA000FDFAEE09E71F0FE7C12D3B1F2D0E3623AB
:10DFB000F3CFE57FF627204213EF0A0AAA1542D8CD
:10DFC00020EDF055F222224F9F54044BD411483BD0
:10DFD000F6F8FB2FF1262E16DAF00CE0FDE9C1D1A0
:10DFE000FB09EB0F3DF8350510FB0E0C05BD03F6E4
:10DFF0002BB4ED1909ECC5EEC10AF2191EF3FEEEC1
:10E00000F2FE30DA00F881B02BFCBED7F6E4061839
:10E010007FFE14B96BE5D854C902DB6E0BCF74F2E6
:10E0200052128933203113041710E0DA3FE9F9075F
:10E0300029BD99D7730D8DD7B843DE4BF8113C46F7
:10E04000C1B9C5CA05F5F128491689E90CF823FAC2
:10E050009EFAFDF01CED08531ECE1BA80419F51AFC
:10E060001BFE470DFDFD0A81D41205E3F4EC0812F6
:10E070005AFC0D23190A81D122E1050831FC4B63BA
:10E08000CAEDA52B0002E63C04FA17600DD6171C5A
:10E09000F56DE2FACE231FEE5A030474EEC94BD29B
:10E0A000AFC812995225811CC433B5E303D1293C72
:10E0B000F0FBF4FCF70E42D5156006204916FABBBA
:10E0C000F4EDA8FE96DFF6B52DECE92F1B3CB396D8
:10E0D00012C22A9248C281DF432FE02485F3FAFB63
:10E0E0008DFA0A08ED4419CA5A0AB0C4D1EAA9C87F
:10E0F000DEA712F1ECEFD131199FEBE330329698A5
:10E10000BA637F34100A3DB8243C49E6C5CE2FC718
:10E1100030B2B29E19F3BDE5DB899677FE17CCF1DC
:10E120000E1616222F0C86B4210607E6D93036F8D3
:10E13000314E0233700F01D52D02252CD3D7E217B3
:10E14000C7F3FF2DE0C6FFA3BEE21BDCF419F9E71D
:10E15000FB082C07134A7FD72546003A2D10511192
:10E16000F0E790DF0E2EBC197F20D0FD13116A2E30
:10E1700037F7FCE2F2B04D20E1DD080ACCCE18B84A
:10E180000C20C40BBBE356A7BCD6CED830EE8635E8
:10E19000C6392549510A0376ED0BFFE0EEC5E0CE06
:10E1A00005C7151EE49743E6FFE0F690D2120C0A6D
:10E1B00037FD201D20F981F35CCC09BE3C072165A9
:10E1C00020CEFFDCE6137BD63633AC41118119DA61
:10E1D000FC0319D1EA1B2E4E1311316CBE1AD11B50
:10E1E000E9E5FC2118194BA61A5A213E41321D7C43
:10E1F000FF23F00A00C2B703E70515FA22EB55E743
:10E200002CFDDCED3B42D7CED82737460E47051113
:10E21000306DF4E13A7FFE33F72F3D7F2FFFD612AA
:10E22000F6900816C508FB1E40D7B61FAB15BC2FCD
:10E2300018D7D74FFCDE03EDCC2B290BC0090A23DE
:10E2400094E112EDF4F81BE0F5FD0BFDE64CA66839
:10E2500011FE18F0177F732DFDF9F82F15FE051C20
:10E2600046FB51DD3BFE2FF57F2ABEF202390A3B09
:10E27000C4E616FA00C429FBE3B836BE090B191C24
:10E28000EAEA436EBAD8F2C5D437134266EB0C47BC
:10E2900004FE06B2ECB01837F1E54D393EED24022C
:10E2A000E46581EDF8233DEA2300150D3439CF34C0
:10E2B00019EE4C0FDB1D23E025198120EBBDEFEF9C
:10E2C000D2D9DAE8153330F005E1E8E2381DF6F18D
:10E2D000EAEF21FB2E3924112E1BF565F0EB05EC3E
:10E2E0004D181C3C2A0FE4F9B8B244E6E2DD4DF6C5
:10E2F000D3F0B5D1F61EEDF51318FE20171EF7CB9F
:10E300000B7F2A3E32575158F80FB0C413EB42D856
:10E31000FB17E548C8ACBC0BD5CFF5F41B0E2E1E81
:10E32000B8F30D09EB1B1C0DFD17E6082EF5EAFAF4
:10E33000FE34BDE37FE3F9E02BC1A3E3DCE3084C4B
:10E34000C70BE0E90417FE266AF4E9EB30CF00368C
:10E35000F61E08D7F2D5274A0CC97FD3DFE51A1D70
:10E360001A1C190CF5F60D8B494264707F4D600440
:10E3700003E52F24B528B5577FE00F1BB2E6E5096A
:10E3800009E2D8D80633E23CC13BFEEAC320DE2CCA
:10E39000C3C346261621F20C14F2F9012E0706DB40
:10E3A000E6CA2F1615FBF3EBF2F61F74E5ECF6DC6C
:10E3B000D927D3120545E822401181F22BF4FCE560
:10E3C00030161C042FDF05F5BAFD5F230BE3190E91
:10E3D000C9FF0B1412FCF91B250E10DC36F8CA938A
:10E3E00062B28138CAC20447A3002DEBF71F2FDBAE
:10E3F00001D8FFCBD00C43E10C2ADDFF1ACBBBA91F
:10E400001E330111F2D63328D969FE041BEA310903
:10E41000F21DFAE911FBC6E4BEEA4B40F1202D449F
:10E4200032E595095C394E7F16CF0CFB05F987C0A4
:10E43000BA033003D422960D132EEA04FC1FC9D967
:10E44000120EACE9EFE3F31DD405F9120D320BD532
:10E4500063CBECCC66F881F83702132E510E3220D4
:10E46000D8F04CE2F2FDECF91BC63731F6C8F1AA40
:10E47000E0ECE2202F3217FB23272C81EFB9F9F6CD
:10E48000E9F2FDE3A4044E15C1076123FDC0AB2BE7
:10E49000F0EA25E7ECEE28F5AAD53035E9D200916F
:10E4A00097FA5DB5F9E621B34128142EC51217B2CB
:10E4B00081D80DDD4424C123222153C8C6DC597FF5
:10E4C000129831DBF324158F64BF573CFF18DC2D05
:10E4D00072E326D81DE358ECF3BFFA28E22CC00DF6
:10E4E000E8213CF96D4600160C13EF26E728B963C6
:10E4F0000226160002687F3D2EDFE42DE5252CE97B
:10E50000242E46D20F0E00F172F9CC1B0353131EBA
:10E51000F8DC0F2831F717063EDB0EF7C9360F3B44
:10E520001319E41DD8C4CDB42D18243FE222FEEF08
:10E5300030D9F0D9351F0CDCAE1EFBEB1412D92BF1
:10E540007F0043FC3317B60809DC05BD18D591AB35
:10E55000940F27341EF04F22597AC562213FE921DA
:10E56000E1F0DE0A1ED11D04EA81D5061AF3D80AAD
:10E570007BB6631E270B8705580A9F0AE219EA3803
:10E58000360E25181E3635FA6FE63AADF8FF09113A
:10E5900007491DF130EB23366941E724F4323DF79A
:10E5A0007FE5FDF51AF429222ECB74E6212E077F94
:10E5B0008BE80D3035CAE43ACA29FAF31BE534CCAE
:10E5C000FDD3EB57F5F9D51E30FDCB03E31ECE4E40
:10E5D000CA30F5C8C1AEC2ECB4E600D4C99EA2CA26
:10E5E000E3ECFBC07F6E1CD20731E5C9300E586EDC
:10E5F000C6E930028CEDF119FD06CFFCE237176752
:10E60000D7262ACEE7DC1EFE0EF5BBE321F0D60CA2
:10E61000131A06F42E2024E911EF1FEAF3E9207FF4
:10E6200004340FE60EFA31F72D3BDDE508000CFF50
:10E630002CED0B0A0F1E0B29FB27A9ED451DD81B3E
:10E6400010E304E9EDC9FEF9F03AF7CB1E121B61A5
:10E6500018601AF805D87FC0230A09E3F72BE5CF25
:10E6600016DEE80527161F0F3CC010BD05DD0C7F28
:10E67000E423B1330FF355CBFC4717590105E8B438
:10E680000A0FFA7BC913F4E2EB07EEB6FAFA2DF3A0
:10E69000D11BE02FE49A6E381EC3E2BFE4031F1EB5
:10E6A000D026045EEF1E0BFFE3E6FC177AF8241178
:10E6B0000EE50AF0F5B4EA35ECE07F4F389A0D4FDD
:10E6C000127510FD233122AEB528A2532F07C9DEE3
:10E6D0002920CE542BBC8174C613091ABDC2BCEAD2
:10E6E00047FCF6C3EBBF1809CF4A3FE94430EAF9CB
:10E6F00037B00CFC671CADA9F31FF697DFF4001BC5
:10E700003FCA5C25F408EB42F705A922EEF238EB8C
:10E710001005D40221CE50141AED6A7F1101E907C9
:10E720000B0ABD2F154614E918FF02DBE0F5ECEDEE
:10E73000290AE50D3508F0E9F01BE0FF1A26F3F889
:10E74000EC81ED06B80FFC3C410EEA00FC1A2E16D7
:10E75000F513F804EC3810D515182AD626761028AB
:10E76000DA1FE014127D35DC6A05D89718FF0FD246
:10E770001165F0444913597F00722335D21864267D
:10E7800013DC00D2CBF626ADD571DC0F2A1AEBF9DB
:10E7900029FACFF42F11F6FB150314DDCB091CFA6F
:10E7A0000BF08114CC70F9F6AEDBF8F1F44FDC9489
:10E7B000312F023C38D5FE07E5FCEF011708982001
:10E7C000FC251E094723FCC709F603EFF0F00B7F79
:10E7D000081520237AE030FE225DE1D8112CED3EB1
:10E7E000411222232B28363CC6416CF22E7F0E01AB
:10E7F0002BFB29D42B28E70E2231D03C1D3ED3031E
:10E8000006D800F2D7FE031BFDD4BEA85BE337FD9C
:10E81000C1F412D30CEC1CB7FD06FE000202FF058A
:10E820003103FE27F203005803FE06070203FC0B28
:10E830000301020203F902025C0300FD010200FB76
:10E84000000100F4FCFEFF0103F5FF8104DEF50288
:10E85000FD01FFBF000002FFFD8301FFFC71020408
:10E8600000FEFF060BE20207FE050201050203FFA0
:10E870000101FC020501FF00D50209F0FDFFF90CC2
:10E8800001FE2902FB00FF0202FDFDFDF026F9FE5C
:10E890007F07FCF901095803FEF2EF09FD0024FB94
:10E8A0000DD5060102FEA011FF43FF01FB0107FC8D
:10E8B000FF89060100C09F070103F9040C0022FF35
:10E8C00003FBFBFCFE02330CF2FACFFC0008F8005D
:10E8D000E50DF8081D00BC01FE91FEF9FE060BEBEC
:10E8E00004F004090F011A21FB02A8FEE7FE0F1134
:10E8F000F50B090410F902F716FC06E4FEFCF90119
:10E90000FEFC00F71116FEFCFFE8F1A67F09EEB44D
:10E9100007F6DE02FCF90707F83216FE139F05150D
:10E9200001FB070A110E1512D41A00FEF9FDFAF0C8
:10E93000FEE314000007082BFAF7FDFEFE090405AC
:10E9400000FDFE0104FFFE01FCFB15040BFCFEFEB6
:10E95000DD0102F9FFF706F9FFFBFD1003FC13FED2
:10E96000FD0000FB00F61CFE03B5F9FF1B030003CE
:10E9700002D1020001010C01FE02FE039E0207000B
:10E9800001FDFE04FDFE07F1FF0008FCFFFC02FF95
:10E99000F37F04FC1100F1DAEEDF00B7A426F55294
:10E9A000EF69CD0412FF36534AB84181CDDA03082E
:10E9B000D4961EBCF019FCE2E9A6D00E00B1F0D34B
:10E9C000F1F415F8F877E3E7F3330730F31118079C
:10E9D000EF0677E6EEDE205BCF39BBE75E35E5E498
:10E9E000E7A2BF1353A0159F3E240BB9D8C6EECAA9
:10E9F0003B41A4CB45B2EA2A070FE3170A1AFF2DC1
:10EA000012EE100113FE1311E601220AF6F8063C7D
:10EA10000EF70200AFFF17FC09FAFCFDD4F1042049
:10EA2000F71E21FA025508FFFF00111A05007FF9B1
:10EA3000011328130E051D12FB0E01CE161F14F92B
:10EA4000DFF7020E19FC09FB241502EEFCF9E9FDC3
:10EA5000F824FC0427010D17FF0A01000102FDFE46
:10EA60007FFF01BD09FDFE02FEFE05FDFEFF000267
:10EA700000000000FF0000FD0AFFFE03010102F894
:10EA8000000201030002FE00030201F60044FFF74A
:10EA90000203038B03FD00F800F801FE000400FFF1
:10EAA000010002F40205FFFD00FF00FC000102FF6F
:10EAB0000000FF010002F9FEF6F6FEEB0108FBFF85
:10EAC000FF01FB0102F609FBFFFAF3FBFB320B0728
:10EAD0003AF2ECF40500E1F10804060004FC063803
:10EAE0000E10050EFE101EFBF61BFC02FEFFED05D0
:10EAF00002D70500FCCEC208FD00FF03FF01FEF9AE
:10EB0000FCFB0000F90A4C09FBE8FCFEFA090002D4
:10EB1000DEFDF5FEFDFE81F8FD16FEEC12F4FDF9BA
:10EB2000F4FEF3D406FEE802FA0EEB2308FFF70D1D
:10EB3000FCEB07000EF90528010700F6F504F9F2D1
:10EB4000F9030CF77FEA1002E7DD720C1CD30D55B8
:10EB5000C3FB01F6CF12FFFF03FBF6F91100FF091B
:10EB6000F805084305150D59FC08D623FA020D02D5
:10EB7000EFF5070115FCF71BE9D7FDE9012305ECCB
:10EB800004FDD2EFF416F70504E832E7C8D0D70841
:10EB9000F92001F5CBFEF82503F3F3E301FC27F19F
:10EBA000F0F2E206EA040401FC881BF97FF6F5C1E5
:10EBB00015D93005F0B21FFC0705010208F7052141
:10EBC0001F06E428FFF924F4DC0803EFFBFCFFFC3C
:10EBD000FFBD04EEBCFEFF41ECC127CFC0FEEBFF42
:10EBE0000905110C002245F914E3F326E50A044750
:10EBF00000B524EAFEF1F7FAF6DDFF0203D9B8E921
:10EC0000FB0AFFEF2F11C200E51E28FC0808052EA5
:10EC10001AFB810ABE1CFB43E2F2F0E8FCFADCF7C7
:10EC2000F11FF119F60A1FE8132CF803E0E0FDE1EB
:10EC30001FFDDBD0DDE8062E000EC110170E0112FD
:10EC40000CF7090FFBFF1A0CF10BFA04FA05157FFC
:10EC50001BFC0D07D40607FF12FE0E02DAFF051794
:10EC60000C15C7000525FC06FF0F1507080E4D0CF7
:10EC7000F61C080D01020306FB110AF1FE04FE0456
:10EC8000F7FC11F9FB0C0DFF1C1B01FDFB02E5005D
:10EC900002FE05FEF9011D1C0001FFFC00FC01FE47
:10ECA0007DFEFFB7ADFE01F30002FA03010100FF94
:10ECB000FEF9FF0101FF00FF2E0301FDFE0102FD31
:10ECC000030001FEFDFF000004000109014802FFEE
:10ECD00001FD0181FBFFFFFC00F602020305FF00BE
:10ECE0000003FF3605FD00F70103020001000006E6
:10ECF000FE01FFFF02FEFDFA83F703FB05179107F4
:10ED000002FC090000FFF8FB00FCFB08E448F706E2
:10ED1000F7EEEF0601063E0F07FCF904FC0012FFB8
:10ED20000E8100060605EB23FFF606FF0200FBFA44
:10ED3000FF1DF50301EFEBFF080300FFFF0161E991
:10ED4000FEF7F8FC08052E050801900300F1FF010D
:10ED500008FEDA000D00EDFDFAF7FEF905FD0812D8
:10ED6000F90403D2D40CFE0202FFFCFF0CFEFA11E0
:10ED70000516FB03F7F0FA0F0105021AF201FBF684
:10ED80000001030C19F8FAFAD1067F09D8CA01F973
:10ED9000D407E9FAC20201000EFF040203FD0504D4
:10EDA00003F604D5F51A026E110201FFF9020106FD
:10EDB00005F8FCF5FC0004150600FF00FEE1FF006D
:10EDC0000000000000FC010000FC01002C07FD0019
:10EDD000020601FBFFFFFBF6FF02013C0000FE0004
:10EDE000FDFA0000FFFA02FC0201FF0002FFFF0132
:10EDF000FEFB00000302000301FF00FC0100F90A12
:10EE0000FF00000100FFF6FFFE08F8010000FD0012
:10EE1000FEFC01FF0401008107D0FDCDD13C0AF2C8
:10EE20000C19E2061228F30402E1F4FD16FBAD030F
:10EE3000E632DACDFD2FEB27E5EED311F9DFF0C88E
:10EE4000CFF7FED105FD0DC734FF2DFCFE0415F7ED
:10EE5000DAF5EE0CD500F941E0F6F50B06F32D1EC0
:10EE6000F41CE81EF2F002F7813C13E7D5D2F9E07A
:10EE7000EE0CECE121EED3E61C01FEE5FD2102E9FA
:10EE800009F2D20F1BD1050AE40109062507EF227A
:10EE9000F91FEAF5AC01042F0DFDE507C201EEE60E
:10EEA000D612A90014230BD60C000401FD127FF228
:10EEB000F8020310FF211207E00CEA6510FE3C2E59
:10EEC000892AE01801F2030DFD1B16F001EFB405CD
:10EED000050A1C0F330504F4C7B37FCACA55F9EFFE
:10EEE000037FE1A23FD4D74409BFE623ED11B0165A
:10EEF0007D037FDA7FE6FE0CF7FA29F1ADCD7FDDE9
:10EF0000CC41C600377F747248344A264110C4E7AA
:10EF1000BACFD3D37F28790B1EFCF9DAF775DA7FE5
:10EF200007321E7F37672D282B7FEDA945E8A962A0
:10EF3000E9BCA09381C8D4D4C3E6A4290722421314
:10EF4000225C7F68D57FD7D1D8CBFA02F3197F181E
:10EF50000FC20FF7F9FB07FEF7EAE029C0D07F7276
:10EF6000657FFF1E1809230BFF1E0AE717EC7FC6FB
:10EF700066F630FDDEF1D77F4664EC05F604EEFC64
:10EF80007FBED41C041C7FD27EB127A411362B0572
:10EF9000E614693E7F7FB8C35CCBC701E5FA7FAE5C
:10EFA0007D369E243BE735AB205DCD220D810B6283
:10EFB000627F5A5F4E4DE34ED502DD087F917CDCC7
:10EFC000E6D2DCCBE1EDA4EF427F461CBF0D75839A
:10EFD0007F5F1A679FD381E048CA84D188E90FDD3B
:10EFE000EF7FF8E903E27FCB5838942752CF5500E2
:10EFF000070108EC0A367F22B49AB3FF14F47F307D
:10F000007D70F47FF5DBF1B200AF4DCF491981106F
:10F0100038D1353CCF2F40813569A85F587F57FDE7
:10F02000CDFE0C29057FAA362AEE1412F5F60D083E
:10F030001208330A117F22FB7FFAFFF20412EC0C54
:10F0400081DE87A94BCB9347A327F1121C331D55B3
:10F050007F4D000CFB055307FE7F061116C3167C7F
:10F0600081F7F9D9246C2FFB2912BF81D2187F2098
:10F0700003EB0819EB1A4D7F4FEAB2EC15FF195E4E
:10F08000115EF781060FD410017F0508BA07E4CBA3
:10F09000E9A5DDA20A7F141F0C1B7FED97311FC26B
:10F0A0007AFC88B581B3B794AAD89FC156657F2DE5
:10F0B00043367A4C77347F3D354242FE231981C86E
:10F0C000810C3F0025EC14AD72C3B67FCE0EFE104E
:10F0D0006F157F19E10A16ED124CC8180B7F095104
:10F0E0001226F7E508F7B3FF7FC47E79FE7FFDAFF8
:10F0F000025A1B5481D184FCE8FE0ACD076EB16828
:10F1000000810235C32CF586E314FCFA177F38D64C
:10F110000BC7BA7FAEF60CFAFF7F11015DF0BD049C
:10F12000A0B30934E5070B81114AD37F22D1E8EF60
:10F13000E501F8F20416E2EB19ABD47FCDDDC17F17
:10F14000A97F15F6220EFB017D4F666B137F8F8121
:10F150008D136E1AFFE400D149CA082203E17FE152
:10F1600012C226E79C0570077F217F1B10F814F35D
:10F170008E22F87F01F2D4F90109FBD5DBA690B409
:10F1800081C22CBEF1F3ECE8F6E6819B8C5D3F5F1B
:10F1900044813E26D826EB33FBC9D7CE697F6E1D4E
:10F1A000378EFC2CC93021812EFADD92BF7E9CED7A
:10F1B0007F211E22157F1EC6B5D5B22610827F0183
:10F1C0009F1EFE283D25127F2860B15A3A23BE04B7
:10F1D00058B14C1D8111CE0605C207E57FEB2A32DE
:10F1E0002E0213F3297F3B4BBC694081545ECE6CE9
:10F1F000A58195B1CA98EF17F17F4C7520AD2C050C
:10F20000CFE7417F48D4D4BBFD4D0271223826811F
:10F210000161142F28BF7F11EB6702FD30073AF020
:10F220001F7F251603F42CA53263CC5B46815D86D7
:10F23000BF81EF57F702F813FA08EA0E100F010A20
:10F240000010F3AEE3EDF7F248E0FB0CFE250F0AE9
:10F25000E8C3E516E72711103102F8208123080BD7
:10F2600008F50D58F2EB31ECE9F8D2EA0EF8590D39
:10F2700031F4131DFDF3FCFFFCED24270F0A0AC92E
:10F28000EA23DF0C03FEF517EAC62723DF1ED61894
:10F29000E1F10C1C3535E20CF0FA07C11E14C5B7BC
:10F2A000C12A0A08DDCFDACF3332E323EDD4B6CE5C
:10F2B000FF10E0D37F2EB5E2ACE27908DC28F20A39
:10F2C0001217EDF6D902C916B01120B6B5D4F20B5B
:10F2D000FF0FE7FF0DE2E5EC003F1421171050018E
:10F2E000E2DF0B1ED111BCF83622463BF7A606051D
:10F2F000B1ED13E4052B29A703F4CBF8F7E6D9F613
:10F30000F9FFFF430CD11CFAC6BA2B13D5E8261C13
:10F31000F3EEBBFA0208DE03071C0E7FFC25EEE4C9
:10F32000D3EAF0F3F7171A0FE6021ADC0BFF0DF120
:10F33000120314080F0B09E909FF0FE801FAED03A6
:10F340000BEDE91BF50629EAEBF93004F8ECE8F3DC
:10F35000DCF6E3E304D80DDD40E41961D13D7DF333
:10F360004F120D1C7226BF1C38BDDF03A046E10EF4
:10F37000E33EDBE33EF8402ABB011B302FE80216D8
:10F380000FF6A928FBBB81EF121C39E5E01FE8DE70
:10F390002DF6F4D2FF1BC12CFE403F221CFF9454DB
:10F3A00001C8E3D6E4D9CC2F1E1060B91504CA17E2
:10F3B0002700291BFE0C1B4BE100063C0E51F104FB
:10F3C000B4D9DCEC21F128FDA99F00F766950DE387
:10F3D000D807C01B0040031F2515C481E305FF01AA
:10F3E000EBDC1302FC13F4DFB0EA2BD0D9F300D42A
:10F3F00002E4D9CE0EE610F9D509FEE7461C10E06E
:10F40000FA06AEF5040317DCFD0925141010DFDB46
:10F41000ECCEF33ACCF5AFACCEFFB119081CC1E08D
:10F42000C02C161617B20E020328150A27DC3A184C
:10F4300000F0CF1D14BAEF0EE1811EF92F07DCE8B2
:10F4400005F3F24BCE24E1204EF096A7F30CBD1746
:10F45000C90CFE1AEC04FE29032DBFF6FAF5BC0B0D
:10F46000092AEBFBB7D11533030E632FE257D1F90D
:10F470004AE2BB3817EEA105021138E701EF2ADA9C
:10F48000E2F6110CFDFEEAE32FDFFBD1D9FF2EC41B
:10F49000F4CA0122FBEE2050FC0E31D00A16F0D245
:10F4A0004CDF2909FAE32A05E8F00BF129FC1CFAE4
:10F4B0001116CD69F0D40D7E3D0F2135DCFA127F97
:10F4C00011BBCBF60BC9EA0AF9F5461330F012C1AD
:10F4D000E8FE1718E2F301352405C45B0828016132
:10F4E000F7E5811E15E7363940310E0B7B2D3108CB
:10F4F000D1DCDAE3DAB9434006E820D44D083D33E5
:10F50000C7F4330AC84F2C1F41E805D6D5F4C512FD
:10F51000D9D2D3F0D2DBFACAD4EC28160E5EAEFAFA
:10F52000D350C325F0FE11CEFDEAE40E231E329126
:10F53000EBF659EF290D1712E80BDC0404EBD6208B
:10F5400003F7F2220EDAF7FA01DACA0BF200FA81B7
:10F550000305FAF6DE24072303F506FBF70611FA86
:10F5600027031122080D1E04FA05170710010FF0DA
:10F57000F00610F6FF0017EF13030F140C0207FC40
:10F5800000050FF32BF91F05F3F109081BECF7E851
:10F590001A0CE4F703091BF0E1FFFCECE0FAE214BB
:10F5A000CF13171ED201ED18F681D70409D1B60684
:10F5B0002245FBA5F8F12517DBE33CED1C0AFDBA5B
:10F5C000C4F8C70AC8FE4931ECB6C6E6CC0DE14422
:10F5D000C6272765DD0B1FCA4631D504EDEA2F216A
:10F5E000A6DB0EE7D4CDD5F62E20E2CA6D03D645B4
:10F5F000FA0C08461EE6EFF4DE264D0A360FB40775
:10F60000EB0535DAC70510FB81250D0D38FD2BB252
:10F61000D9FF181C1FD307C4BA2E0A1194D72C2C5B
:10F62000F931082DE83C6BEFF9DD17311F21193353
:10F630000FFD10E62818B9FCFA0E15DD060EF51BB5
:10F640000FF1FF04EDECFB113D0AEBD60D1C161873
:10F65000F005F0B6F7160B16130F4AEC104D01E249
:10F66000B801BCCD18FACA503CA2E2F502097FAF3E
:10F67000B3F72AC2E23FC64F344501152110F518F1
:10F68000F9E50714FAA1F8B2E6C4AF1418F0E60ED3
:10F6900017FAF50FEA04E0D2DF12D33C4EFF460121
:10F6A000340139430C1FF203F5E2D1E1F3171039AD
:10F6B000DA208E70071C3328F335127633CD09BB60
:10F6C0003FF534032561FAFDF603DC0EEBFDEEE2B7
:10F6D000F2062E2051D02946C62B40B92AE941D442
:10F6E000563A0CF831B73A1803C1A26B5167E81DBE
:10F6F000FDCE217FAB73DFF107B8D60B2501FBE20E
:10F700000FE7DDE73026D3AA00BBFDE8CDDF5229A5
:10F71000733FE310E3C934EFE80E213C4641D63293
:10F7200064002A5EEA503A1FCB516CD711C94506D6
:10F73000EBD22DD90F14100708FCF84F28E248EC43
:10F74000272825012DB66D2D6B3AEBF923BC0C163D
:10F75000E63CE5052DA844F904EFF1A41D0C503E4C
:10F760001CB43B3AF5E4F7FEEE1953DDC4322F1218
:10F7700014DE7FFFEDCB890B21FAF4E6E2127FDA8B
:10F78000EE0CE3D3F9B26CD507E042B6C5E2D0FE89
:10F79000F20DB43CEA25FD3F33D4E8B91727C10682
:10F7A000FBF506C1C056370F10C9261D1509243AAE
:10F7B000D6F7F7F23614CA630F3DCF29F4DAFF33D8
:10F7C000F5FBD7D5F9293D09D5D058F33126EA3DC7
:10F7D00007D6F20ECEFCEC30B6E525271074E632E3
:10F7E000A45AC2CCD1ED98D44A8ADCE501F9341E82
:10F7F000D9B2F5C1DB5BD80B05C0B0A707CF1B2E74
:10F800000ACACB1A514500EAE146DEDDC81FE82AE4
:10F81000B6F718DA6C01F349B6EB1C36DDCDD9D753
:10F820002AF4341D0F078141BBFCFAFFB8E5C24042
:10F83000F72347DB29EC6CCD1821F32B3037131459
:10F8400038FDF6810502F137D801110EEC021234B1
:10F85000E2050A16FEBA2425CA0C20DF0EE12B1899
:10F86000D1ED3EBECE1F440A13DB2B4C0C3220F2EE
:10F87000F4E500F8B913130AFCD60EFBC31747DFF3
:10F88000FC14F3051ACDFDF4F40620D9D701CFE11D
:10F89000FE0113F3DAE334E4F410FFCD2FD4093D75
:10F8A0003915330AEEEFEDF4C81D14B7BCF51CC5CD
:10F8B000E1E621CF0F013FB3F4002A2A0DE2C8C9C7
:10F8C0001EF5FF0910DDDD7FD4ECFA16D8D5CDE7A3
:10F8D000F0F4D81EECBEDEE415FAD3D3B01AE5047A
:10F8E000CFDEFC0EDFB13D24141B05FACC1A0F1A33
:10F8F00037DBC94019C44E25FBF681CE0312FC1E2E
:10F90000C6E7DF010109ED01E636E402E5EDCE18B8
:10F91000FD230330DAF1DFB9FC13DC2FF909BEE671
:10F92000F21FD50233F71635DAE7EE03D60DD0F223
:10F93000E0EBF90A0103F3FD1D21F4DCED08F70902
:10F94000F0F8D506ED2FAF130A1A11180FFAE5F4E7
:10F9500015E3FF250219030CA0220EDB2413EEC9C8
:10F96000C230B717D7CCE9C8160D69EDD50AB75321
:10F970003010F5FA26D50024F7130EE329C5CBF491
:10F98000E0F60EE1BE0C21B1B3020FFDC82BEBF780
:10F990003CAE07E6DDE5E51B2910210111D3791501
:10F9A0001A0337D6DE4376640DFEC90081F3E0F218
:10F9B0000CFDBFE0595510D87F140A4D04EABECBA8
:10F9C000EFE4F29D3C083E1FDF2A20E8EB7C432257
:10F9D000DB1900F62B2E2EB2C4CA2EA0DBD0181BCA
:10F9E000FEF1F0E114F7030ED814D9E7FA0500F997
:10F9F000D6CBDD020BD1E8FBF2D921D91B29B8FC0B
:10FA00002514C53636E029D3F7DEF4E704C099F6AD
:10FA1000C90ED010BF0216F5C91917F80712F4D88D
:10FA20000DDEF0F31DD2822AFDDCA94EF4F217742C
:10FA3000EB75F0EE17152E540D27151DF4D41A147E
:10FA40000CF33F1CECF516F5FCE1FA322AE527FB36
:10FA5000ED19BBD811D40EC1F8C0FD27E80D1D0E5D
:10FA600016F41E1DDC21810B0C2CE9ED25F40DDBB9
:10FA7000DFC2FD36FBDE18C7FC281701120FC3FFDB
:10FA800043091D161529FF2CF4EFEDED31E9EC3A91
:10FA9000C78155E5151204D0CD170B3232FC2CE985
:10FAA0000154251602F9B693FFE904666432EE416B
:10FAB000DB01320A0104D6140421E9EEC6ED6E1A08
:10FAC000FE1114E53A033919E6974DF302C13BE9FB
:10FAD000F0E2FCE4E63738BD41E48E23DDED395F2A
:10FAE00048F10FCB203711F208D224790A42FBF6F5
:10FAF000F84A761AF1FE2501CCCE81CB8712632F0E
:10FB0000135A43A0DFE3C3D42C25E7311DF734F2A9
:10FB1000FEE70CCB0CBA15A8E40B48BD414F07B962
:10FB2000E301153920F932E5DCD82DF0D54B7916F3
:10FB3000C8DBDCE7DE0BF6391C0148F3F7E510A55E
:10FB4000E003030FED9CD30F5756E4F616DC32D0DA
:10FB5000C826C72E0B08F6EB0DE7FD1C0322F6EBBB
:10FB6000B9C993E71C4651DB34D77FBEF645FB3A53
:10FB7000EF1D4E011A142AD00E1AEB11EBFB08F9F7
:10FB800012E10CEFD2EE9DD42F0D5912FE57DB235C
:10FB90002A0F04DBD22525F93D0003F9F22412FBDC
:10FBA00010010A230D2401FCF1C3D1F6E327EE4C2A
:10FBB000F5F01309D9531107190A1EF3B62F1202D3
:10FBC00083FF09090EE108131F0839F50E19120CFD
:10FBD0001820CE120CD003060631F8F9EFFAF71A06
:10FBE00039FF30F2F009CCEFF50011EF1DF525FBE0
:10FBF000E2F3F981E51C041DCC1C0FC915DE26DDDE
:10FC0000B9FFB8ED4CE3060E22E03BADDD03E31F88
:10FC100016FD21352071E3AD2AF123358122321200
:10FC2000FACE413CDEF5BFFC07F14A06E5F4071EBB
:10FC300015F4F0C4F002C56CE2CBFDE5B0E8BEDC23
:10FC4000F912FAABEBCF0FFC0FE91EFAE23AEE061F
:10FC5000FC11F5B5410CF82307EF22BBFD3D834BAA
:10FC600015D1E3D714031F044C46E3DD13C095DA26
:10FC700025BE54EEEF340F28A7EDE8289FF5EF17C7
:10FC8000F3110CA1A2F7F9D514F1E33D012042EEE6
:10FC900034F1E6E2E4DAA87F08BDF7FEDBC2B9AFD3
:10FCA000FFC5E80A011224CEBAF326E700E50E1FCD
:10FCB000C7D5DC2DE116231224C91F00C2DEF525AD
:10FCC00010FE26EA12F803DC8120F323F83BCBF682
:10FCD000F61FD938CD1201F61CEBE6D52515E6073F
:10FCE000DBE8F806FD17AFDF0E003604D33AFD1649
:10FCF00017E6F618EF0F0406F70703BE0CFB0DD846
:10FD00001021E802E61CF3140D25F6110F08C32E8E
:10FD1000E40531F8211FF102B60B07C319D3615373
:10FD2000C91A0031CB9C1918D9D127F6C8F517612B
:10FD3000C2D5B5040211E5122E0B45F21BDDE7DC3E
:10FD4000F0EADF17EF5AF739D7E2D0CB281DECE005
:10FD50007F3BC4AA19AD0A03150D1DDD2212D9324D
:10FD60001AFDA8043BD80223F7CAA5773436FDD282
:10FD70006C05676A4A03C70C224F0109442AC7F180
:10FD80005C0504BF0E1A204B28DDFCF7F31925E9AA
:10FD9000FDDB10370C2103DABDF045D30A2A1F031F
:10FDA0000D06291ADCDADB28F6FFE5ED3028F80B22
:10FDB0002D1FEECFDBF8EC7FE5F7EAF5A52F3FED41
:10FDC000FA28141D160CE6EAFFF9100C4C2F00233C
:10FDD000040DF7060722A6CC1B1EEEE70E097F16C0
:10FDE000EAE3E728119ACCE3CDDC921C0A100CE779
:10FDF0000A1F12120A2194E90952E54738313928BD
:10FE00004C142C31713015E8DBE0A224233C8FF236
:10FE100018EE1EDBE1CFEE49F40B1A0805FFF5F2F0
:10FE2000060BF40A00DDE3FE2E213200DB94043AD7
:10FE3000B9FF113B0EC26C2D10C22208CBFB0F0E76
:10FE4000E90E141B26121EE0B8F221D2F915C404E3
:10FE500015E9EC01FCD620C81BC116F0A3FE200B4F
:10FE600037F2F928F01547ED6A3AC8D5E6E13F4187
:10FE7000E11BF1FF1119C21BD82F14EBF9003E0D45
:10FE80000C233D06EC3A131DF717DEED1626EDE4C4
:10FE9000BCF5F77FF93AD3F44CFB3841F2DAF1EFD5
:10FEA000AEF6EDCEE6BE02B5DEB609382F02D607B5
:10FEB000AF35B442F41CF40232E6E409682EF8339C
:10FEC0007FD5EACE0650EE1261E8A3F0E7E02432D7
:10FED00001F10CE507DAEDE5DD35F7D5D6E740FFB2
:10FEE00005EE11E2FA02CF02E60B51FF8F2BB0BAFA
:10FEF0002AF6D4090129A912049423D89B3DF91CA0
:10FF0000C6D2D49EB788E917F22DF9FEA0FCEA32DA
:10FF1000CFF3BFEE2FE64B1B32FAAF2BE10FDDDB49
:10FF20000FD8E93AF4D7C175163F23E7DA270DDE7B
:10FF3000F005E11B560DD7E9032B0A1F15421915D1
:10FF400087EA421AF543A43C04166402F3FDCFD4B9
:10FF5000DB06C6F9C92F812A8900010308F62B1A8E
:10FF6000F307C2FCE3F5EB2CE34AECEEF28106105A
:10FF70000D08F4F9F2EA18F4FC2F0619120D2BDE25
:10FF80000FFEDF1204DE3509FBF0EB03F2BBEFF5E9
:10FF90003318FFE6DED1E7F31CEBD3D92B2303168E
:10FFA000EDCE190DF5F4CD022A1E05F6FDFAF70087
:10FFB000331BA6CC1E301B01BC9F5CD4C8E6D0E628
:10FFC000B5542505E310E9E410E93032F2E7E729FA
:10FFD0006E1BB9F536F3C816B0956FCAA31DB8D11C
:10FFE000E5D9FD529921461EF0270CB1013CB9E13B
:10FFF000A2F87FE12C26D032F740B54019E89ADB11
:020000023000CC
:100000000E33C8B94302C95000F8C0E7E2341C639C
:100010004415B332741A8BC0EEEC26EC0FBEBDA1B2
:10002000F40DE32005F5FFF9D203DCFAD8FDF22840
:100030001C1028EB8C37F03DE65F10CAAF151BA3F0
:10004000F6EBD5CFE4DA1CFEEF339548EA031CDC6F
:100050002AC9E632EEFC5FF2077246E50918811EF6
:1000600031DFE011E6DCF92E093D0DD4D5155752EC
:10007000F2353E77DBE91ACBE497F7E081E1FFEA5E
:1000800005FF2514D71A1D37E8D8D70F2CC93CE730
:100090002B0713122DDBF104ED3B090F0711FC16A2
:1000A00017EFD30FEA1FF50DE625E412C4DCED21AE
:1000B0000729F30C4AFD1513290E18E8110F2F1705
:1000C00015FB02EB122736FCD7313CE20E00FB0198
:1000D000DBF62A1BE002EBCF1181E8CA89DB9F3CEB
:1000E0002C0C35FCF3DEE21456E011CCFD48FE0684
:1000F000F4FD0432DE26DA1AFC4317F7CF3C193838
:100100000C0FE0F1202BE72DC9FEDF3A12F4F227A5
:10011000090E14EA1A2C1A6331061421F406F04869
:10012000DC0BD2CB13FCDA160725DEDAC6E044D9A5
:10013000AAF6DB224A3BE5E7210881C7000612EA5E
:100140004EE61B080C2607FE4810130F422CC2DF98
:1001500037471D66445A392FCFE80DCE44DB1DFAD0
:10016000CCFF45F40A44E6F949EB17224EE3C515E6
:10017000540C18C2E6DB39E9EFED1F2C030ADAE074
:10018000183F1440C1C0E210F010C9F71F00C7307B
:100190001DFABFEDDD2DD52C0D0E06E61BF1452F0A
:1001A000F0160416F141EA51DBB400452BD85CE1AE
:1001B000440047D215260AF35A2E14F69B2A25D35B
:1001C000290D1B8233CDF03505EF11176400E0D205
:1001D000205DEC1E113AEB3000F1CC192208812B86
:1001E00033D8300EF348E904CE281B08C2FC1AEFBE
:1001F0003B0900F90D16226CEA28EFE24939220D7D
:100200000EF5F6E0350ADD2A0687E0E3E106AF1ACF
:10021000D1D02A1D11ED13BEE440270824D6C00812
:100220000824D13B2BF40312071DF6281FD4E3F555
:100230000FFD0311E2460E0D03D6E8F1CFE4CFCA5D
:1002400024DBD9DF4EE37F08C2D617F7BC09CAEF1B
:10025000E9217AA019D8C013051FBB7B14CC2FCD80
:1002600065D101BA0045180711D752379165F0EDF5
:10027000E134242809EF1B082A170E0A3395023EA1
:100280003927637FD4C2C11352CF0B5B2D1200F00C
:10029000A0B6F40BD8EDE745F2DE081F2E16EF1AD4
:1002A000DA3ECF11FEF0EE6C4DD7A7C40AA55A8AEC
:1002B00024C25CDE2FBEFC3800CFEBE0CF681927EC
:1002C000FA1A21FFFBD8FFE4EE580C0B16FF141DA1
:1002D000E87FC2FEE200CE2E06D504FCED20D20758
:1002E00008EADA302CDDF7F3DE2DE9B7EBFB210766
:1002F000E6000F44385900B0FBEF0EFC090DFFF289
:100300003F1C2D04F2E1041339EF06E0230EE25DF9
:10031000D91AC3000FEE9EEF1011C0041CFE2AEC88
:10032000CA083FC9A5F24016111242F6FEEDC3EB12
:10033000CBE3A20019F8F2D5F91B2714D80EFC0E56
:100340004AECF607E6F1811CD20D0805F625C6FA3F
:100350003BE3FA11040925D1F303E40BFF14CA03AC
:1003600026D11F16F40218D8F8ED44E7F721C5018D
:10037000201B2039F723E6E01AFBFDF5FB181BA62E
:10038000DDB6BEC20225DE18DEDEF0DCF349FBE599
:10039000C7100E53212FFAECFDE0FA1706DDEFD758
:1003A000F12BDB41D10D201DDE0E2734E704BC12FA
:1003B000F9BDB360D681F35BE9CDFCED63E6DEE623
:1003C0002008C428F647DF22F403E20E0031C5AB53
:1003D000B4B2C51B2031AFDB8D1913CF23E22A2223
:1003E00044E838EBB4262BED52DB1AC46F8B42592C
:1003F000792864CAA6B1E5F93BECE6E717FB4BCCDC
:10040000931254F6B34BD0361C1556E21BF81F0856
:10041000BB239A1F2607D32FBE09F0EB7F20F4E100
:1004200023F20C37EA362DDDB234D6EFFD6739DC26
:100430005CB29BD13C3657B1FA34D4DCF5DC8F7F0B
:10044000E50EFEFEE5FD0F21DDF4BA16CAE8DC027A
:10045000210CE511DBEA1CE4F3EB17C33B2606FD98
:100460000B1F50DC68F21CC4D801ED00D1D78124E9
:100470001039F62A4815100AEA3E4DD002032758D3
:100480003650500C3B36D7C84D5AEBFD2DDF521776
:100490004BBCDE103820EB30F82B2BF0F42D977F7F
:1004A0002C240C30184707ECEFCCB01416F90B5283
:1004B0000B0522F3FFDA0408F6F5264AF5020E10C2
:1004C0001C1CEB450F260BE5FF190E013213CA70F9
:1004D000F8D3F2E9AA21D7E21AD027F52460F7056C
:1004E0009E0AEF17EDFD0C18DDFF1DEACCE125F1AA
:1004F00021FEE1068E147F460FE702E721FFC27F4F
:10050000EBE72B1624000A090BEC1007E6FCF020A1
:100510000DF80807E7D21F190B34EFF5E2EAEDF703
:1005200015DD0011DC133E0F0814E9CAFF40E84B4B
:10053000DEDB001E9FDD7FECF2DBC3290BF9D3FC71
:100540002EF73639521FEFE3122720CA07E12ADEC1
:1005500001DA38E65FED3DE22CE60F214A17E2B5FD
:100560004443E24609D5B144EEEE01C8FF1E091B23
:10057000B51D12FE36FBDFFADA571FAC19FC50F33B
:10058000FF453C1E810BEFCED1E6D3DD70F34C1856
:10059000BD5DF624400AF895E4A9188121EC033AE0
:1005A0000767C437FFE13304F9E7F8ECD1FF23B163
:1005B0004617E7AD3110AA1CD19AB71907AFC94D3C
:1005C000E5D4EE107FC2F20B400BBB092C130C429A
:1005D00022E1143B01D3F621FC07D618CB05B9EB79
:1005E0000912C9F2B8E6FECC2A07F1CC090AE7E005
:1005F000DFEB1B65F5C9E1D8FEDB5DF90928181EA4
:100600005114401E53DF2FD4024A597F45E9F31895
:100610003211CDDF243335444AE508C7C793A3DC44
:10062000050AFB36D52900D7D2F5421BE8311D67F4
:10063000244FE7D61CCEF1C354424F03B51024F02B
:100640001ADEC3077F13D22C3210061C12191D7F2D
:10065000C9132E2DF1B8C7FE2D225D0ACC000DD492
:1006600025D3552E023AF511F8EBEF110444D6CC00
:1006700011E1F74B2A2EF3FD943717E8F67F0118A6
:1006800012F543CC10FED7FEEB3CF6E72CF324DC4E
:100690000107FF2737C91E05F006EE2360EECBEEFB
:1006A000F00504F005A03EBAB74413003DB60CBFF8
:1006B0007FE720313410FBE75E0BD2D1F6D00D4E30
:1006C0004217E91011B80CEEACC601E9C6EB011CEB
:1006D0003743E608E0240AF62D040ECA151AF1EA9B
:1006E0002FEB3ACD1815FFD73B1F7FD4FD091A4DCC
:1006F00010F6EAC6FB0CFBED0016F53FF1D00FFE3D
:1007000015E5570E170343C610FC09471FCBE5DB61
:100710001E3BF30527FDFEE4C8FA3EF31AFAF1FA90
:10072000F9003321FF1CD7D9EF2BF925043EFC0B30
:1007300026FBDD142104127F7FFC0714FD8AEDB631
:1007400029CC24E2BFEECE19A9D2AFFC2628243A48
:100750001238003308DBCE9918060DC6A93F1722C0
:10076000E6CDDCDA1C02DD0B96E23705000BE10971
:10077000F6FF39F0E0F5F3E2E7440CFDF808FADDA6
:10078000E61204D37F1AFD1F3E2F092A02080BD858
:10079000BB1927E50DCC12E70707F5D8EAEAE629E9
:1007A00003FA004240050EFBFF10DECE2EF1FC7F67
:1007B0000C123AF326E13A030734D0DD040EFC0FA5
:1007C0003AF60B150FEE2A28060CE2100C371F42E2
:1007D000F1B3F59DE72702115607E0C323CAF4FAE7
:1007E000D91205EC0D1D1D3303E1E581DB0301E6A4
:1007F000EFC635220DF2FBC0EC3DC10328F6BAB3BB
:10080000052214E67FE2041DEDD8BFD63C16EF7238
:10081000D429BAD84CC6E3CE1CFACB0CFC02C5EDE9
:1008200049FDE4072226F9FF7FE6E4A243DCD9E292
:10083000010F1244D6215AD0FFC73B75C8B94618DC
:100840001E0502B8F1DC13F555EC522398BD36169F
:100850002FB0D2FA481A0F2C0E0D07D20E1B1751CB
:10086000031D21E43B051FD67F1D1EFCF82713E363
:10087000FED905FFE4326C26F7BBEDFC17F0E82744
:10088000012CFE14382AF60750C2A3EAE3FD907F3C
:100890003008FF11FFB7BFDBFBB9BD82EC10FA06D1
:1008A000C0541DF432E20A2B23CDC80906B818B58E
:1008B00038AD271C16FA1C283036E82FD59CBC29E9
:1008C000E8F80B4EE51AD3D506D511E4463B18657A
:1008D000224C0FA758DD2E1442070BB6BE1718394D
:1008E0003D0B0E067F1705D6E3791C05C724EB03E5
:1008F0000D165AFA752708E7EC6CC93D1E7714C629
:100900000B8DF247811851DC1030E8C756EF4FFAD3
:10091000E50FD3E8FC0A2DA955A9C44DCFA7D74BA5
:10092000E4DFE901E4067FFDD60D4FFCD6D1C23EDF
:10093000022C018B011C905D0BEF2416A6CEEEFC61
:100940001A4CEC251B2CEB0EEBF514F7FDC5DD095D
:1009500004E7D6F22A13AD0A1B52819FEE3F7711AE
:1009600028B6090782BC163509B5232E01E0BA0E58
:10097000A83902DF074F1404F8EFFDF23ACA33C872
:10098000100118FFF7D9EC00B600E3D0F9E9E181D6
:10099000CE19DAF6DC20FA301DD603E8ECF1F40DBE
:1009A000FBC6EFF9E3AAF7D806F415E70FD0CBDDC5
:1009B0002CFD03F025EADDF8E1F7FEFE0E1EC82C43
:1009C000FED5B3ECF80B810DDB03EDF7FD0916E561
:1009D000E809EAE906DFE516DF27D4DEDD8104F465
:1009E00023FBAFFB3B31EB3D62F40B3A174F14DEB8
:1009F0008C5D3C5FE3F2FCFED1DADD4B81FBC09DF8
:100A0000E8D7060EA5DBCBB783FF1DEC2D2DDC1A36
:100A1000EABA7FE92A3FC89C1534214470915D08E9
:100A2000D5BD28EB5E104410300A0258FCD113C12A
:100A3000ECE9E3284A43100C0DC3CAEFA281965695
:100A4000FA28122C4EF9E1293301D828152A5045ED
:100A50009CE1F9030DCAC81BF6E1D627EA1E0A2E4F
:100A6000190D1C61F2AEFC4419120A01B9DC17D051
:100A7000F7E7EE16DEF2A9FECBF27FF9111C18F8AB
:100A80002F1E0B0111D019E023FE270DF7D5F6EC30
:100A9000142C01E9F6EAD4162A4E2BBACF21EED057
:100AA000E4C00ABBC98CE8D5A47E5B30D2DE81ED00
:100AB000094935D20C332112FE2DE0A416E5E623B8
:100AC000BCE28ED59D23DE301AF4DCDDCDBACD63D9
:100AD00034040833C5271910C0B2752814CA2EE88B
:100AE0001CF62360C4D117C63A1F64FCC816E2374F
:100AF000CE7F33384B604CECE9430EC2EBF62B153E
:100B00003FFEBBE59FB01801D91D1B7000D2819F2D
:100B1000EEAFBB04223DA74CC000F520E80B1E2E13
:100B2000F7F3F4BE3FA0D205EE06FEDC00300C0C5D
:100B3000FEB4277DE516FF4CB920EACA3EEBBDE9BD
:100B400031DED2AAE027EE060B0AC4D4F9157915D6
:100B500081FDB9E724CDFF50E94EFC120CB6CA1E48
:100B60002D4CFA12FAAA0D08D29C7F40F9D86620C3
:100B7000171303090B49BF04CD532A2D7626B9E07C
:100B8000F74FD1195F3639D2DDE1F1FC0316F4F4E9
:100B9000010E19E5F804B21024F47FCA2405E70910
:100BA0000FF0FA064FE20006CD223438F31CDE22A5
:100BB00018EDDD131A0EF40CE1E5E67EF35F35382F
:100BC000D3C0FBF426CAED140DBFB19459202325E0
:100BD000E9294D4D13A22C17B60D19BB224798E4F5
:100BE00027060D42C5C94481DD9E468249DDC50CFC
:100BF0000AEEE0D7E33A35CF0055A7EE27A7335EDC
:100C0000813400EA4B2AF3985C09FFF6B09715058A
:100C100007E72ACED546F6D0CACDD9AF362CF72A6B
:100C200035F311F268390E397FDE21F31EF1EAEE59
:100C30003F04E8F0B8BA28150332B3244B07CB9B26
:100C4000EFBDF844C9A31B0BFB991D06E8E7057F20
:100C50000BEAFCFAFCFE0DED01CEC9ABF305031B5C
:100C6000E00819D1EBE7FAFFC1190647E9DC9EB5A8
:100C7000D9352C3BEEF6DD1CF8074EF43E007981A9
:100C8000F21214F0C7D5FF37E903EF3E40F7E38FC8
:100C9000DFCCB7EEC33BDF0FD4E81CEFFC03A55B52
:100CA000E1DB17F0E6E8FDD6F00115DD46F02C811A
:100CB000EA061ABAFEF4B10118EBB0C6E101FA0B6C
:100CC000F3E51BBEDAC3D144E6000C07F5FFBD1502
:100CD00010E8DB0BAA250B0D17FC050006EB0BDA61
:100CE0001937EC2EF0D1C6FED1F33C09DF7FE513B6
:100CF0002E2F00CCF6DF01F1FF3C2509FA0C010094
:100D00001E0F2E00EFFDDEE5F1F3F3A1E5E9CC24A3
:100D1000DBFDDA0CDBD449DAF8072D1256E846F091
:100D200013067F1F32E7FE25F51CFABCC9BC444FF1
:100D3000C7BC0B2A02FA36BA11EAF0E3F212FDDD63
:100D4000F310E1253107FBFBF2200EED0D26F2003A
:100D5000D781EA27E01A08395A27EAF6121D0B0C48
:100D60000503E7FEF2270BC929F3CEF025D2108147
:100D7000E1CAEA2AC90626DEC6C1D130DC0F0AEE76
:100D80001B171D7343EACB05DF1EDE170F0E0FE99D
:100D900019DF1803E4DE0A09AAE2F71147632B07FB
:100DA000F400CD37F4A16C2A2CE781DE1DEA200E79
:100DB000E2B82E03D8DD236AF226E09F582CFFD933
:100DC0000AE32E4FFCD84E0413E60C06FC08DFC4E1
:100DD000FB2D3C161BD11F1C06F80606E2D922D2B9
:100DE0002BC72AEB1BE5E118F2E2E4FB1BE9F6490D
:100DF00039C024D4111081C206F8090DFFF9E12190
:100E0000011C13FFC4131BFC1BE41616EBED0F1C97
:100E10001F7FEBF25609F0AFCBE219FCEFF9D9F6E0
:100E200016E501EE14D9E81ED371E7EEEB0F0211BF
:100E3000C5F11B1A35F31105FE018104053042D4BA
:100E40000CDF0521DFED39FDDDD8FFEB4FF6F8EFC4
:100E5000F2E3F30DF4110FF2ECEFFDB654D860A5F8
:100E6000F6FFEC1407D3B50B5DA6848137DFCAEB20
:100E7000FED914EFB3C3F44D39E635433D27C00F17
:100E8000EDAB211AF012161BAC6EF501D44EDB321D
:100E9000E307F9FE7FF722CD4316DF37F73C33D265
:100EA00006EF0BDD8507470BE8EDDBE53CC503BB33
:100EB0003FD81001DFF847C99712FFE1FEB8F1E70C
:100EC000C0EFD6E57F4A32AEEB372FB9FDD9427B72
:100ED000EC38C14ACCD60F0DCA1EFB280D1D1E0DC5
:100EE000E867C9A7D7E2AD19F0DD0F2639FDE05F4D
:100EF0001BD8C44ED4CFECE154CE08222F383D7A13
:100F0000F5E77FFA28C6F038370402F1ECDD030D6F
:100F1000C6AFC412E9BAFABF1905D7285F15FBDFBF
:100F20002A67FB0801DE986FFDD87FB01552F7578E
:100F30002944F3F975FAEEFAF7561A19DFF5334238
:100F4000552A2118A10D0D1F00532ADF241AFAEB90
:100F500004F37FC4281FF718260CB0041753FDD4E0
:100F6000FCE7FC53B7EE32CA0DD805DE53280F114B
:100F7000C4E4FAF5FDEC31E207DCB502A481BB4E16
:100F8000163A03CF249FA1DCC52615B1F0277A2F8E
:100F90009544C700000D151BD6A7C6002D1929FCC6
:100FA0000DFCE7020BB0FB3EE67FF6CEF208E7D081
:100FB0003DEFCD02F60BCED1D9E804ECCFE752DB02
:100FC000DE0FECE0F067D5E8E101FDD42A31F7D07F
:100FD0000C63071349F3B428E8E11CEFE881C3F27E
:100FE00047FF11474634EEF11906F4CB031BEA061E
:100FF000FED5F521E9FE100D13D7DFF807174511CF
:1010000014280D23E50812FF1DE3E51BEEE9098115
:101010000A19260AEFF30544F310241014CB17F332
:10102000FB0AF0FBFAD6E2F9EAF1DD094E04F7E437
:1010300002CAF9ED032FA9DE1FEF1F19FEF3548139
:101040001AE8E9072AF5F400D4181BF30717F4E9A6
:10105000CEB9EC0DF000E53D0B11D400F405FE0017
:10106000ED17EF15CA32D1032F3117D8001520081C
:10107000FEDA7EEFEA33BB1718EEE9A8311DCA1479
:101080001714127F05DF19B5F1FA2FF22F56B03081
:10109000DE09C1F2ECD00DAA1F4254DDF1DF0931A7
:1010A00066EFD2FDDDAA5AF2F5FD0C81DBE110B945
:1010B0006AEEFC2EF9D0F86ADA0FDA30CF2743F265
:1010C000B4C108A3C80CF6F7081BF6F3F6CB0681EB
:1010D00014D50DEA641EBBFB091DE8D6001E393F7E
:1010E000BDD41437E0EFE5550D28CF2FC708DEFB40
:1010F00005231122D408ECF0D13CCAC94C0548BFE5
:10110000FE50791A501EC91336FCEAF7261B4B9E77
:1011100041181A59481949CE301AFA597F22F40257
:10112000CFE5D7FAE0D80C37FE08052525030407DC
:10113000E9EBFC1E03E02C00ECF2810BF205191E1A
:10114000EFF60A00FFF0220700F90DF01408F20E86
:10115000F9161016F90D2406F7F5003A2BA2C5D49E
:10116000D0AD190D58C3E41510FAFA0C5C16FC59F1
:10117000D54D3A1157E635E72B2BDEBF8103D0F270
:101180002AC6BE02E7F505C4B5DECF2A6A7F239BD7
:10119000FEEF38EC1233080234DDE2DEF9FEEA45F8
:1011A000FD1CC021C4EC350E1E190FD6E2C7D9F6BE
:1011B00014EA2F4B61CD03D713E1CE2719E35A0B65
:1011C000FF0D0EE441B7E2BD4818F10DFF05ED3B00
:1011D000D205CC16F5BEBBBBEE2764F7BDEFEDF62E
:1011E000D29B4C0DD4277FA108281426190D7FB15E
:1011F00015E92515C7CF1D1710F117373CE024E777
:10120000E8FAE8F0EDF8F33E080A1F01F611D915E7
:1012100007EAEE220518F0F4C4B755C406C7C38424
:1012200012E936A25DCED8DB4B546EEF2BCB2744B0
:10123000A61AE3D87F2203F8F4C3AC34C015BFDA92
:101240001205D313BC30A5671B2D3B233D39191F55
:10125000F3F0B403B5D977E9539816A013E7CAB7EA
:101260007F10DA3F30E5093CF15FF6E7A3223A91BF
:101270000AE6098DF62AE0E9E290E47A95F30C7A21
:101280000EB4814EDEB8F8FEB3FE180C35EF0A102E
:10129000C7435AB573CCDB3BFEFAF0DA98ECC2E9EF
:1012A0000966EBE82013BAA2462FF8AD292A31E9E6
:1012B0003E1152C82413EDF565F0EEE83B21E5F44C
:1012C0002B3E293E81D7E1E855AD0E0E5C16ECFEB3
:1012D000E2161EF2FEEF1FB11041080A717F60E1B5
:1012E0001C071CED9EE0EF06B4F3E0E9F8E6ABA9BD
:1012F000221617E1FB3D20F2FEF726FB0E9B93DC46
:10130000FCC3E6E31F0A32C9B01BBD4FF50B6B14DB
:10131000CF0A061F25B7BE4DFED045B4560BC51BE0
:10132000202C7FF536C4467FE61940F32D4CAAFAEF
:1013300077CC2036F20E69F5FB102804C999CCB29F
:101340001BDD12C77F3FE1E3F308F1C4C710672735
:101350009D02081EB7CD0253E5DAB830CEF8275EFD
:10136000DA31F714AEC4E3092427E80040372BC074
:10137000D6FA2D2308FACF35F51C2981FAF31CFB88
:10138000CEDC53DEF1B6EEC8F70DF6EF1CE6EFFE4D
:10139000F6060F161035A30EF5EE100EE920F20D2D
:1013A000211EF5D50E11EF0736297FE10C1EE0E96D
:1013B00002F3FADE1FF33412E11FF5FC25090EEFEC
:1013C0001BEA2717F3EB04E00EEFF2E4070A19DA41
:1013D000020CEB302FFEF9F1E4110EE10D22F40CBA
:1013E000E781EA27E2110F3F5D2DF4040821120581
:1013F0000708EC09EB1F09D2B1083A15B5DDE43254
:1014000081FC6623B2FD19C0CDEC0EFBBA131AC8DD
:1014100020CE4135C22A96023CF723CEF60EF7A025
:10142000F5A8D01C0151A81F5A19EDF8FEAF0750BE
:10143000F2F80F0D002D1B2E63BD9F1F022AFA62CA
:10144000D02FD601F2F62F2C63091081F5F10EE6AC
:10145000E1F6FE1202D7FBB534CD06D72DF5138188
:101460001D190F0FE71A2CE4F7FC0A1DD2F0F3EE5A
:101470000FE9F704BB0CEAE10B05FB311905111864
:10148000DA0AABF235FD0461170F114E27F615B1DC
:10149000E2651AE4A61ECCC24B7FB01C3426D9DF0D
:1014A0001FEEFD13E3ECED6FF719DDDCFBE9E60958
:1014B00064FBFC113A10FCFEFE0A16CFE93058D24C
:1014C000EF42D8057F16E7EEF4EA1B01DACFE5BF5D
:1014D000E523E8ED05C1B1F9F6E9EDC7F71906DA3C
:1014E000C40AF324051D7618F526CE8DD909F2F02D
:1014F000F8BB06D21253124AE57F83DA0B9A0F50DB
:10150000E151B4E1250B6E0EDC865A113136A79DF0
:10151000C5DA74121C37AED5E0C605ECE208CCED96
:1015200027CEF3EE6C9725FCD281EB20D2D115F9B2
:101530005BA600F109EEF3EC4551E6D863E80050F4
:10154000DCF227D9C539CD92F6FAF7C91EFAADAC4F
:101550001A1ABAD40FF70E492F231FB2F9EAD1EAAB
:101560009FE64737FBC61CE10BE97F0E12C421172B
:10157000EB1D0C3136C6E518DD030BFEF2D5CDEDC3
:1015800011F9FD1F170A1600EC39DE11FF3CF62E8B
:10159000EC25FE0101E8150D09FE2D0A1A30F5F4BF
:1015A0001CE5F5107F28EBF4FC653DC60951FCFCF9
:1015B0002D0340C537E2E0F41D0BA00715392812B2
:1015C0000DF125649AE137D906C708D57FFD2104BE
:1015D000CFEE04EDF6072ACCE9DFC7EBA38281004A
:1015E000FBED20037D2CD7DD1641EBEFA5147754DE
:1015F000D83E1C24FBE5D7F8AFD88FF3F625272378
:101600000E460624AEC9FD5B5885E1C540C4680E90
:101610007F0BB301D7F23E2D4C04DC33C2A0514105
:10162000C808E8EED55F0D07FDE8D31BFD34E9EAF5
:10163000CC44CA1D1F08B5565C527FF5C367C90A62
:101640004F9312F0D9C5166E341AAB7DF070B2B953
:10165000EAAEFD2A094AB827E73913EBEADEF7F3C9
:10166000E6132E48C9F9D8E3F4FA2CF7EBDCD434AE
:10167000F40C02D4DEF4260B17ED0921F9FC350831
:10168000137F16D333F6F8CEC5C7F5FC0FF5EAFE87
:1016900011D806FDF7C10C30EFE317F814EDDB228B
:1016A0000909FDE9D607F4F70AD10E07ECEA1E0A8C
:1016B0001D7F08E93006D7B09AE51C160AF9F5EB4C
:1016C000040616FA0AC7F747A415E609FC23C6D490
:1016D0000043E84E50A536B5F0F50712131FEE494A
:1016E000FA171B81E2E2E40DBA2CEF3759E005BC92
:1016F00079562D24C51D65C92E4CE0F50AAE895BCF
:10170000FFE932D425EFCDC90F2F630C462D137E90
:10171000FB2507FF53FA11FDE6E7761B3122F3DDC7
:101720004952C40E7F29C1FBE3E81200150C101DBD
:10173000F1CE19B8122D290761FB81F731CE052AA8
:10174000CEECD8F1CF153433E699D6B91E29F2D7AD
:10175000F010402E332DFCC102F7120D45DF56D09C
:10176000DCE9DF073FB7C3E9F503C2F92CEBFE7FE5
:10177000E1410EE7ED96F31634CC54020CFFEEFD7A
:10178000EFE810EE2DF458CCF5F1FEC0FB5CE6D688
:101790003D09000F03D9592FF59410B110B30C2651
:1017A000B5E95F107ED0CF7FF21132DA5C1F3A12BA
:1017B00031E70F3D4DC99BD018B747EFED430C9A69
:1017C00081ED16547F5DBEE558D9F00613453344CC
:1017D000B2DEC5039B4933510F30214EEA55ED5F10
:1017E000F5193847F6FFDEF3BB39FF811E16FEE020
:1017F0000116F70B0C31B22A1D0DCA1CF72554E453
:10180000FCE0B44513F055A80904F2DD08F20F110D
:1018100002ABE8D6D5E500DA12F8E7EE29D22ED1F0
:101820006AF835333A09F9BDFD31F881D0E804286A
:1018300021DFF325171245FFF3A4F104EEEAECD300
:101840001608E229CE100FEC10E096D7373B052D95
:101850000CDA4A05FFF41BD0481B0B1DE9D6137F99
:1018600004EA5013F2F046F9EDE9DCCC1E09FCF273
:10187000E1E12BDB151CF7540D15EEEBEE144B2BB1
:10188000D8BF35C5E559EACF29FC81140BB624052C
:10189000F112F80F33E8194B6AC20511F8F1E81597
:1018A000D7B1CAF5180303DE50CEEED20323F14DB3
:1018B0007706B6C8080710FC7FE934C902F6053E72
:1018C000F6E5C2EDCEC6FC28D7F4D74A08F7D529ED
:1018D00034A0FF04E83719CECBFBE1CC17D2FF01CF
:1018E0004E868319153D30DFCA7FEFEFF844EC01D7
:1018F0002A5C1613B1225AD702EF232EF03B090EB1
:10190000D3B15941FF15D6C403BDE0D60CE72B2D4A
:101910001933F46C1FFFFF06E1ABEC46021638EDFD
:1019200018F4EB0311C80707F40D4A6DFB0003FB25
:10193000197F07F10F2C60E4C510C9CDC79231861D
:10194000F7CA1DE87FCECBD92E29BBD5FA1B5E5036
:101950009FF30113E9CAF034E4C9AD421F0AB32B67
:10196000FA0AFE1D9A15EA67EBF03CDC3B340A21CB
:1019700013EC1CF603FCC8EBD3F8E4D52606E62FDF
:10198000E626207F06C00BD6FDBEF9F6582AF05396
:10199000F710D8F1C6F222950E06FE37152CF44B3F
:1019A000F544BF0A105863E27BC9E5E73109236BB0
:1019B0007FEB29FD3FC9CDDE0E742B16EC2E4213B2
:1019C0001AEA17E6040AFAF7EC180ABABC27CBABF6
:1019D0006343C3261D3046F8D77FF61017FCE4ADED
:1019E000AB470DF2EAC1D8CFEDE6571E1370F3C432
:1019F00032111BC97724FBCEDF53160FFDFDC20346
:101A0000BBF01FE31FFF260048EDCE14132331D097
:101A1000387F11FFB5D8FEC2B9CA07D831E8F6FC45
:101A200015E305DAEAC716081701EBF5F6F31AE72E
:101A30002306E11A2309F8F4EF2E0ADF0C1FE40B4A
:101A4000FC810514EB0D06235010F7FC0310090D63
:101A50001014F108EA2A04E67EF3F141248FE01A1B
:101A60000AE7B2E09302C41BE7E730EC14CABA718C
:101A7000DE37414F35CDC52D6EB12D81B2403F626D
:101A8000D82407CD780ADCC70A45C3ECC814C35173
:101A90000223DD26FF51EFFE64B72D07DB6D39E031
:101AA0002008E29B4CA1310013061BDDBAD20F3691
:101AB0001D81DDE746F7FDB618E6FA0AF2DB0E797E
:101AC0007F482F10E4FD200C0EE6B6240725FB1AF4
:101AD00029C42AD93F11F9DD2BDAF01BF2241A5759
:101AE00050B5067A0AFC3CED2A2BEF3B01B57FDCB2
:101AF0001D26340E3AF7F720FCFB2EBE06EC4CE90F
:101B0000E50CFA19C3C6362CD2E9F116A421320429
:101B1000C620E428CB08D507FE02B3F2290712003D
:101B2000D9E2521916F944F2D1EC811D1224083E73
:101B3000F600064219DBF9FFED123F00351B0FF3EB
:101B4000EBD4A834DEBEE1F51DD5F8051AFF22D985
:101B50001E0EED1F27FFF9EFE03214D21211EE1224
:101B6000E381F410FC16F5475C2C02F7F91F180B03
:101B7000082FEBFBEC3BF5E0F1F0EFDD3229A17F24
:101B800043EEFF54C21CFF0349ACE4B4723C481955
:101B9000F0E51E1735F5EA1D212F211D0DFD05006D
:101BA000F60D192E32E92EFE163BF5DC1A277FE1E1
:101BB000F0B8161BBEB81B0FFFE9216664F3A4D86A
:101BC000C5F2F91DDFE1D062BECF45D8F415D6C607
:101BD000DBF4DCFF3FDAE99E2D0A68CDC0B706AE24
:101BE000E9D80E4E4FF5EAD9062681CC3330FAC536
:101BF000F2940E12C0F62FF8D1001EEF46F01AE74D
:101C0000FC0C1A08D4053BB90F0E014D00DC194637
:101C1000B1C6B4303DCF0D26F9158710DBE75B4A1E
:101C2000DE0FFCAEDDF84143DBD4E98103BD9892C1
:101C30003876622CC7192A9AEDB7F49775F25ED8F8
:101C400019E34EA4FAC1D3DE6EBDC1E21C15EE1F2E
:101C5000F0BE1AB2C008BD14BB3D590F0E52512040
:101C600022C4C837347FFF140BE9FBE715C8B281E3
:101C7000E01C3A224813F8E609F429CE314B126DE4
:101C8000F62E19F124BB2ED52C1A1F4416EEFEF9A0
:101C900002CCBDF909151F0DF90BDE0AEB012799DE
:101CA0000A04251D07C426E3E5E840E9242B180DA6
:101CB0001B04351212EE0EFC1F262C7F0412E11EAF
:101CC000470AEE053521174F5A10C2DB3337568BC2
:101CD0000F122C21F9FD0B4DE67F23FBEFF91609BE
:101CE000F139F72653EE2329A00510FD241403D85B
:101CF000FBD255E74419FECC23B0F2451EF2E02496
:101D0000EE02F05FFF4CB11B7BD68FE645E540FD50
:101D100007D025EEEDC4691A07D3E751FF0D828184
:101D20002C34EF3510EAAEA820D581EE0D41BC0B66
:101D30001956F8E4DEF21821F1D305C9F73D110C6C
:101D400012F84E152DFA32CA630620130C0738D745
:101D50004CE9132E591913FAFC3DDFFCCAE3EB7F63
:101D6000DF0708D7FCE019C92816F135CE070115A1
:101D7000F9D801C90BEE1EF704063B0A0AE5C61F97
:101D8000F50DC504FF11E9CA2D451CFE1BC6180E32
:101D9000F7081DD0CD22062744171402FCFA12249E
:101DA000CF1E01F5306909FE4F06DBAAE70333E7D2
:101DB000E2037F0E0B05F1F6FE9A2A0922D8A2391A
:101DC00027F8080AA50A07D10C263AC63CA41054E5
:101DD000A3F504DA7F26DD1467161A28C710F81A4F
:101DE000C52705225841C823C01109262A7F2CBBCC
:101DF0000E25F0ED39DA681A1D37A61EC6170EF645
:101E0000E4D7DCCC961C2006CD1AF6C01CC106CD4A
:101E100002DE2A0EB4002404F7EF06BDD1373010DD
:101E2000C8C76FCB1DFE5BE35816C0EE592E0707DF
:101E30000A64620451CA227F70DB1E4924EB240429
:101E4000B80CCB05F90955BBF9CEF1DB0C2B36FCF0
:101E50000B00F409812211F3408DD62E5312FDBDE3
:101E600013CC010F26DFEC66CAD357FEFCE7E60B66
:101E70000E202B1E5FFBFAD0BB39F3F5131D609CBF
:101E8000CEF847F87FE10CF649E3D40203412BDF9B
:101E9000D4F7DD2C3BD9B2E0E4A443D908E10A0130
:101EA000AB25433C1C402AE40B5CFE9B2A36F1BC6C
:101EB0001C1225251C07EE0962EB8313F74373C937
:101EC00017DCB6FCE3BC7FA1E45501132308ECBE8C
:101ED000FA84CA46BED3E10424D2BCF9200381E0CF
:101EE000DC091DFE7B1BDEEBDAE8F4C1261CEA5898
:101EF0002A2FFC2D2EDF3EA417FBF9023AF61A9684
:101F00004A312E29FF22FC3B2414DA060AD400D0E1
:101F100001261D1DD7F547CAE7227AF80F2417FFBF
:101F200002D70E29ECF41CDA01DC8EF500028ACE11
:101F3000B9BB7FF3F5CD243EDE11DFED2115CAFCE0
:101F40001B30B13C33702329F802A50E282C064C17
:101F5000E80BEBF90881041A2BBD1F1CE64994EE2F
:101F60002701D91CC8DA21D0F807FEE0F8FB1CC80D
:101F700023FBEA09360205F7CEFDE4EE1D1BE10363
:101F8000CA81050EB20FF2484549D1F3160F22025D
:101F9000FF1B06ECD4160EE4682C4B7FFFC0D7E67F
:101FA000D428C2F906C810A0CBF73A69D491215BB6
:101FB00055DABA5834472F1903CADBFA42CCE43455
:101FC000B8A1D2D7DEEB363E2F23FCE41309E1099A
:101FD000E9FBEC08ECF6D6E5B3E7E452DCFA213392
:101FE00021321D2E7900D6771E1181ED3BDE1901BD
:101FF0005111AFC9FBCCDE04B2E3B603426064FB0F
:1020000004D630DD3823EB082C182EF85C99FF0A33
:1020100013ED2CE655C62D71F0E5BD36454281F530
:1020200013D3ADFD060A1C2BF1F10607ECEBD6EB42
:10203000DB30243BF631CA11EAE001ABDA3981D753
:102040001FD5DAE30C29F8F6C3FF1535EF4D0F0A5B
:10205000CC10030B19F6AF0403F4F77F3538FAD12F
:10206000F9F7C5CC4DF92ED7E7F6C6C425BAD35833
:10207000F701091CB30CF0FBAFDFD5FA2B15DE0519
:102080005C0F1645E9224F47E8E5B8AD27B3A04BF2
:102090007FE2CCD650D4F90A15D70307391E282D74
:1020A000051C680C0DE7E5EF685ED91DD70799D8C8
:1020B00004C92E1DB52767ED0BFCE3C7ECFBA1811E
:1020C000F2CF303FEFDCE22EC5132FFC2AD5E30F11
:1020D000F310EFF315BB52F5E010FCB82BEFECE971
:1020E000F6221FC6090A0817B1ACE17D03CD03BD76
:1020F0004924190D1F3AF82025D8C4542EBD8BB79A
:102100000C2B2CD0C89DAF413704CB33F8070710F8
:10211000CDB6E9EBC20D81CF2521FB183C06278EF9
:10212000F823232F2FCC0EE7095CC6EB3E0C0714D7
:10213000E5142D06080A90370BF8C51502CC3E4D64
:102140007FF7B32752F6B332FB1B06C309EA36B753
:10215000080CC7EA2CF6080250437F1A0DC6FF414F
:10216000DD02DFF2F3DE2A5C23B8033A28AB23FA60
:102170003AE220E8FE170749DA3E89DF07532ECA04
:10218000F3CB11ED7B06090248ECC4F3E44AFCCB27
:1021900048F30EEA81D61EE5C90FCC2340C9F1EF02
:1021A0002E86AEF2BD083CF1D611F9E6BC1281488C
:1021B0002856E4B8F002CAEF6963D398F905FF0E18
:1021C000E10555E7B71105B5EEF26EE4BCBB1D663F
:1021D000C658D2B91CE2A7431DF6051A0BD03EF231
:1021E000EFFCD8200B0022D005C18120C901010FCE
:1021F000D1110211DC2A07FDBE09DEF5303CF2CD1B
:102200001810D6FF09EB1FCD44362B05172C103ABA
:1022100033E12F51EBAA2FF34EE4F8E8EAEF361240
:10222000347FD604F1A7D77CE59A3358FF1E4607C2
:10223000B3934255E82CDFC8E82136C0CB81D3E008
:10224000351F07E934EAE9F4D0E0E3C0E2271E12C3
:10225000FAE05BF5A7FDF841CA0BDE23F8D534F0B0
:102260000E2917D8CBD91DFCE5ECFDFD0FEA0410B3
:10227000ED3206EC3381E7FA3A3AD6F1292320E32E
:102280001C0C181DE4E5F0CD1B023AF8E40748F7F2
:1022900024F11745572FB6C149B415F4F446092166
:1022A00018EA45221E3F46443ADFCCAADD29AD0E8E
:1022B0005B14E0A8F2131E00557FE4850004C4E916
:1022C000E58D0E35D2CE023363345D6F5AD1F4B64C
:1022D0000018C74662AA5484D7C99C7252BA5EC716
:1022E000CBF404B118FC5BA1CA1CEE3E4D0CEB9F75
:1022F0000915137F02646C07F90D0049EFE11CF02A
:10230000E400A3A9D7EACE451CF85CB5EF56B704A4
:102310000B16FEDB340D4841EFE3C981E3FE1529BE
:10232000FA0E50240101E5FCFFDFD4CD18090A3371
:10233000CDBA29E80BEA0A061ACEFD2618BB5510BD
:10234000F7FC690911B466FA31FC61EFCAEFDB16DC
:10235000CF01F31FD07F77E9EB14C82D497F53736A
:1023600006EC380C03DE211C41C10A2EF2FB2824A6
:10237000DE0B0BFC43AC025C1C05FFEED70CF92A0C
:1023800016BF0533131104F60953EC4B0E5D478756
:102390002D07222598CA6707014B5B7F0EDE35F9B2
:1023A000D631EFFA3401EF571B176B12F639FA2AC0
:1023B000FC0AC21C0001E4D32903E553E6C0BEDADF
:1023C000DA07DB1F9CB106EAF0ED04BB2A1C81563C
:1023D00027626F03FECFE5130CEC3ECDE35DE936DB
:1023E00049F115404012431163011035F878D49239
:1023F0001AB200C37353C7D726188E81BDF865661D
:10240000432F50CF63E727CF0E462F1B2FC91CE069
:102410002E0009FA042D5500FA1A06F7F76646EB66
:102420005AF7F4F6C3F37F13F6ED13E3640DE0C43B
:1024300035D20A0DFEDCF919335D44F848F0E41892
:10244000D3CDE63C26CDE80A6F22E1CB1ECEE99C37
:1024500040350362FCF1F308E4D7263F0A353078B3
:102460001C7FEFDF389F38EA672D73E715B23139EB
:10247000182DB9E0211209F91626AE0EAAD4EF20C4
:1024800004DC4FF42CEADAF8FFE31B275926394124
:10249000F74908EC018135FF45DA4440F70C02406A
:1024A0002115DF505023F81701EDFDB1341FB5E1C0
:1024B00025B62DC524D74DA8CDF30AEB3F06ADF5C3
:1024C000CFF930A9D6B719C4CDF9CCD1F07F1B43D1
:1024D00021BE01CD12265356083C107F0128760DEF
:1024E000163A432EA5E0FC14E214703004E949C109
:1024F000FC3302FBFFE40F06E5F44049D93FF41D2D
:1025000001200D252522DC04FD39E191DCA504E83C
:1025100031CA16F451ECE033293AF901320B75183F
:10252000DD143D2AB5BA3009EFB7B6ED9FCA81C8B0
:10253000FA2229DEDDDBD925C13C3DC0C8E8671998
:10254000B5E6F21F85F68EFBD1F04518BBE9B9F967
:102550003BCB2D1CBF0F134DF381EB633602161AD4
:10256000D1F028D304B7F928E0A4E98DFCF5352093
:10257000E7EA7FF113C63EEE4DF8F7A7F036272FB6
:10258000FC1209D50CD80CCEFA18C0CA2623095063
:1025900046CF2B5B9833CC0F582609FFE0E3B0BE43
:1025A000C410FF19B8812DC19E17151120F3A1D8B1
:1025B00014E942F92D461CD3CF4CF0196F0D07F4E6
:1025C000FC35CDD32D6F043DF91517BF00294A57AF
:1025D000071BCF1D9FD781BA02CE04C51C44E54519
:1025E00019D2E8ADB9F7FD4CF4C6031F1733E1A3C8
:1025F000B16A022C3B248E061D0DE9DE434836B538
:10260000F911DBCD27D3CBFEF0EFB9F3D0BF033404
:10261000E52332D933E53608F50A60F4D902CEE075
:1026200024CEE7FA81EAE10DE0C7D5B2EEDC145F13
:102630000BFC120B2C1845085ADEAEFC16F6E147CF
:102640000816F51B4F18D6171E2BCEE9BA4DF338D6
:102650007FE40826EAB5E814E4300A1402CFBBD2BE
:1026600099E6262D04EB6A810CEEDEF3F374C20CBE
:10267000D5D2F3DE57E5C5E005F70116FF2F02D2EC
:10268000F802E75048F3DEF1F121EDA6F9C100CEE2
:10269000FF47EF53219E40731596432571CF47099D
:1026A000014133F62EF3100C0D26150B2BD51342DA
:1026B00008304611B80D43810AF9E54A1013FF4C62
:1026C000DBC24AB9FF1A03F02CF2DCCE3FABFE1896
:1026D00017FB3BFF7FEE2514F8ECF42D163ABE0CE9
:1026E0001B12DC363416FC090D3137C5CD0A310119
:1026F000E401F2648BBD0EF1F81B7FFB022507BFDE
:102700003CE2FE2A281E26173B1A26E0FCF5F916A5
:10271000DF0805F95A0EC5EBEA17B708F0E346A63D
:10272000F33AD338EFEC2B1B061D85CEEE1A22CCE4
:10273000FE03021423150309F97F2FFCE195B01D58
:10274000C8E6F35601DEC943B81B07811BFC2C0DFC
:102750002107E8F012070646C92706060B2E1E07BA
:10276000151F0C020EDDB32613D5F0FAE44E04CF8C
:1027700029E033042926F4D2051B27070DE025ECB8
:10278000C4E5D8D2EA9FFBEAD0651829F5F681A105
:10279000F5D7ECDEE3152EE6B7ECF6D715DD1639E6
:1027A000CDE7FCCB24BDE6E3CEDFFF25F3D20D90D1
:1027B000EDC47C55C7201F2FCDE486CC4C4039B5E5
:1027C000FD73F33781441BC6E635D3EFA41AA6CFB9
:1027D000D5F558E62E6D66B040DEE3C906DCF1148F
:1027E000DC484A11C1E424CFEADB1FD94CA367605F
:1027F000A8C5082046BEC996DBC77F43C9E5E610D9
:10280000F5FA04113134F3FA0FE7152B2ED9208194
:10281000FFDFD849DBEFEFF7F821A4F82D042243BE
:10282000130AF2EAE7F5E6F0ED4B084FEE0A1E0C4C
:102830003AD8A434F9F71A074143383A27424F7F70
:10284000593E7F2833592021280D1D521B237F2DEF
:10285000F81EFB4764586B7F6859584D403C566DD5
:102860007F65295B2F097A07F17F04061515F709A3
:1028700002D4D9DB74317F1819B10522980935814A
:102880007F577C4F24746A435801F605FB7FF9FC9F
:10289000FCF9E9EFE77F43780901F944C53B7FB9CB
:1028A0007A43F346517F5E1C091AB08CADD6E56CB5
:1028B000D2DB79C4C97FD481C0FE3104445D4CFEB3
:1028C000C0F75E7F68F8FFF16E7F7FF7B6E0C8194A
:1028D000D12833271D241797819BD97DD5EA7FDA2C
:1028E000CC76C9F9F6F5217F28FABBF3D8A7D18CAD
:1028F000DB81C8A5D8E5AADB197F2512DB08707F2C
:102900007C1C1615F6F3E9C3D844B3EA7FC6B2605F
:1029100006E70EECB1E7087F0B667F515F38402871
:102920001232938E81E4DCD6929C9937094021E7DC
:10293000117F4F7427D3087FB9EA44DC18141908B3
:102940003E7F4204060C617F5D48573E3D2D2DF9C8
:10295000E5EFF8B9DC487F4A55E9AE7FE4A248F2DA
:10296000B0ECFDE7E002DBBD81AA2A73244E7F6153
:102970002450201021025E7F5E14260CF17FF8E9BE
:102980007BE30E4E074A5E46627F58432D3A033979
:1029900017702A7F0E30072A311C959DB8B181BB74
:1029A000287F3604BDFEEAE6DA1FDF25597F47B1EE
:1029B000FF97427F450CEC04FFE2FB467F4B4B3B0D
:1029C00045140916DCE438CDD07FE5FC38B7D6A530
:1029D00081EC8AC9F1AEE3B6D85A7F65FBE1ED011F
:1029E000F30B197F20164917890042AA0C5181EF79
:1029F000553A61397D7F6E465754FA11FC1C7F1F92
:102A000007FEFD2C6029377F43384933AAA2A081F5
:102A10009EA186A7A1A49C9DF2E3EB757F77332C42
:102A20004D564C4F7F7772385333D4CCD5838B813E
:102A300020B24EFEAE1D288179D6ADDAD981C7E02D
:102A4000B0E5375B306A7F68E505D6BC81BE3B43A5
:102A500039302A23AB3BE3BB7FE3A746F0063C07B4
:102A60001B7F11F529047BE1A27FFFAE59FAB80262
:102A70003501437F55345135052401217F22FD4F17
:102A8000FC445447E0E3EC819B824815E57FB3FEAC
:102A900075EAFB53D96435F53868D77FCFBCCE03D0
:102AA000020B527F5BDDDFED3A26384C7F53C001CD
:102AB000B4656569607F5F8781899237AC881581CD
:102AC0003B563F2F5242357F4CAEDE9581C18295F9
:102AD000D599C6E7C828042E7F267BB54DEFE8417F
:102AE000F7BA7FD4928193AFE5AE06DEFB7F4D7DD2
:102AF00006FA020807FD412B9559168145F8A2FDFB
:102B0000CFF3EEE8FB107F06D15CD5DC7FE1D35735
:102B1000E15C715A667F62DFE8F2241A235A7F5D16
:102B20001F041F4F148A5C19A959038108ECFA2865
:102B30007F34226B41157F35E6BEE9A48EABAE81B2
:102B4000B2FF1800066D0A00500C737F713E351EEF
:102B50001450293B7F483746305C7F5CFF02FD24E0
:102B60004720627F4F28241B497E4A61754D3D7F77
:102B70003C256D23F9D8F2087F0BFE22FD7F737E82
:102B8000C3D7C192929B52A658568163669C5DF250
:102B9000FD0B2A1323747F750752B2346881094CE8
:102BA000C281F0839BF2A3810996FE81F10D92F51B
:102BB000EEA6E9DACFE5497F4CC8B4C0F8F8FE814B
:102BC0008A98EBA4D01F3A21EAACF181B9838D93A6
:102BD00081B8E1BD2203279E81B0EBA5F5D18ADB48
:102BE000C6EE7FE7E966C8E678C082D22853368A07
:102BF0008C8178F1003AFB087F14EF09C8EA0BBF1B
:102C00000EF07FE2F6DFF5D4B2D6367F3181C28A8C
:102C100095B1C7849AB3407F392E6349115425CBAF
:102C2000AACC9E9181030F04BC01BBBE2DAA86666F
:102C300081B192A036412BBB81ACAAD43A81E95E26
:102C400098C24930695E547F6C0D5521E6CC1FD681
:102C5000D727C606816DA6B25FC3F5738182C08196
:102C6000C0E9B3E3EDFFE8D9B4DE1A7F20E7BADBB1
:102C700051DFE57FE6D25ADCB07FBBE167C5E447B0
:102C8000B1D30AF6FC09F007457F5585484A8153C0
:102C9000549A3B5787AD81A0DD91CEBFB80536056C
:102CA0000E7F12F8700FE8C5EBFA22F3517F4BA1AB
:102CB000D98BAF85AC7F4E7F050DF1A58187CC8A7E
:102CC000D1F4C9F57F327E1E2C21244522D914D39C
:102CD000447F56062B08347F331A4E2381A2859AEF
:102CE000BBB0C0CACF52B0B87BC09C6FBA81FF1EC8
:102CF00017C5D5DC978196FD6523AA92B6657F4EF0
:102D0000F4F3F4DA81C9C6A2C4FF96F1DEABD75F53
:102D10007F55DEC6EB1F7F0DBFB5C1055829274D76
:102D200035147F217A7F7B2D0E1502EB093A7A4408
:102D300090818AD5FCE2811C919C349AABD5B5F781
:102D40005203097FFB0A54150B8112BC88AF82EC39
:102D5000A0AF59B8C37FBE853988DBD0E01C66348C
:102D6000347F45BEA4BAC3B5E3819A990FE41D012F
:102D7000EBE8097F1B052BF0627F51E2B5E46B7F26
:102D800067AD84A0F11DF8F781E2BA9BA5CFAAB286
:102D9000AA81AEBE87CDB6A8BD06291B237F4128D8
:102DA0004B3DE4B0CE247F381A0917B39DC7CEAA95
:102DB000CEA21E81F5F2F6BB81B937722CA1B1818A
:102DC000B4AD9DEC88D3A181A0FDE5E4ACDBC9DC0A
:102DD00076F5B17FD8E762F7C0131BB0134881279F
:102DE00048818590A5C2A6F6CED3EC7F0FE5FCF70F
:102DF000F061FF157F37DDF3CFFFF2F6F8E8F1530E
:102E00007F5FD3ADC8E6FADCD181D5F330FE6081B7
:102E1000476A9D777BC453BED3AC9081A7C1D4B31E
:102E2000D5AEC7497F4CC9E2DE8302818FFD84A104
:102E30001A8C2B7F2208011003DBFE06F510E5A695
:102E4000E1337F2E0710F7A2F17FE1E540057F1502
:102E5000085224F9D4F0D416EAFC7FF5CE27E2EA32
:102E6000C7ED07FE052A7F32F874030BFE0F25819C
:102E700019317F3B1D5B454F304EDF7FF9AF53C4A7
:102E8000F30204AB93A555374A5F7F37CDB3AC81CE
:102E9000AAA0DA9ABC22814A5EAA666BBA66CBCB3C
:102EA000C623132B737F76FBE2EF4E7F410373291A
:102EB000D3BCD6E3C1E6247F34050AF9167F240685
:102EC00065194A2B23607F65220B274840573D7FB9
:102ED0003D34664794819FE24EE82B6029395018B3
:102EE0002C7F45384347FE57F2EEFAF275357FB135
:102EF000C2949F8481D081ADF40002F403EA72038E
:102F0000F50D43EF8102FBF3F7130A0AF41CE6FD0B
:102F100027F8E0F2E107F7C000F5010313F704CB4F
:102F2000FEF20AFEEF06F111FE1CF6FFEDF8910E1F
:102F30000600F90A0BFA05F6F4B801F8FFE10E0EE7
:102F40000A1DFC163DEF05FDF5FE0DF71603CD1726
:102F5000FCE1F3000609E3E51008EDBAC50007F34C
:102F6000FF08FEF1F01805FF0C14FC0FFF07DC1A38
:102F700003F90CFD050C130CF9000EFA0F011EF6F7
:102F80008E1CE6FCF302FAFDFEFCF2E70C1E29168D
:102F9000FF1DFA0B210109110409050AF71FFBF3B4
:102FA000E3010512FF0418F0FBF60308040408FC13
:102FB000FE050C0608FAFFFDE10307F103EAF60639
:102FC0000C04FFFBBE05C400CE61FEFEF630010519
:102FD00010923306F9EA01CCFDFD0EFDFA0809D77F
:102FE00039FEC802FC0003EC001217FE17F7161199
:102FF00003F0F64E04EC0A080BFFFD06F9FDED03A5
:10300000FBFAFC07810209FF01062200F2F9F8062B
:1030100011EA05090A26FBE3030601DC0A0E0C0C83
:10302000FCB90007FAFD05E209D103FCFE054DD706
:1030300000FE0FFE1302F907F1F30AFBEC0112E1A7
:10304000EEFFD105E0210502F70C04F110EE20F1AE
:10305000E0FDFA0F100D0F06FDFF0425FE07010A23
:1030600001F9000303FC1D02F8F8FBF9F205EF1368
:103070000B031603FF12F6F908F2010406EE01DB5A
:1030800017FEF8050106F90EF30804FE12FAF930EE
:1030900000FB08F9BE0326F428FBFD000D0B040B12
:1030A00001F50AEA3D05FF02EF03FA0BE706F9FF17
:1030B00023080C07D3FD300D170402E6F600FC04CC
:1030C000FFED0CDD0CF7DCF8E1070119FB060E0340
:1030D000050807FD0D03ED0401D6FB0703FB010006
:1030E000E10301F701020402EDF8FB002FD00C0907
:1030F000EDEEFFE302F8FAFAFB0104F0F7D601F770
:10310000FE04000B0AFE09F9FB1D01FEF100FF029F
:10311000FAFF0701F407FC1681F5FD010004D7F65C
:10312000FEFBF707F503021AF617F5FC02FD0D0882
:1031300008FF0303010FF602A210DA0EECE2FFE92A
:10314000DFD0CEFD0DF401EC1C1ADDE5F6C832DC53
:10315000FEC9EAF900F9CAFDFD087FFFB9F3D62CD4
:10316000E5E61502E80306F7EBADC52F070DF1FE06
:10317000FE21F520FD1915D1C525F711ECFB2129FC
:103180000DFDD50EC9EB0F02F81817F8F22EFE1A36
:1031900023320DFE0105F628041EFAF9D63B17F579
:1031A0001005150DF9F7DBFD0F06F91002EADEF048
:1031B0002F192FF109D40D0CE20E110314D1D808E8
:1031C000ED17D0DBFBE8FCF32CE410E8E852E0104C
:1031D000F91A1946FCD523F2F9E7E9E03D2EFD0086
:1031E000F9FEEEE5010500E32F0A28D3DF2213895B
:1031F000FBC904E7F9EA150BB2DCE1E3B90908EC15
:10320000EBD80BDCC29AF305E533DDF200F01FDBEF
:10321000F6052FEE07365604BCD4FFEB1C22F4E370
:10322000EC00EFDAF6D401D2830B160E69D201F16D
:1032300004E10CFC06DE2B08FCFE020BE2100C0481
:10324000F5F8150FFCE6FDEFD304F181ECFFEEF28B
:10325000FEFC39E9CFCAFCF7F8473FF9EDFD01065E
:103260002EF71AF00C03ECFEEEEB1DF9EFFB03E971
:103270003AFBE5CC0B1316F4EE011AF4F90912FA35
:103280000D0CE70805120BF209D32D06060D23FDE0
:103290000AFDFAE60714FEFDD6FCF611040F1FF82E
:1032A000F6F40D150800120300F10005E813F5E52A
:1032B0000DF501F5F906F7F2EA0B08F021100E1EE4
:1032C000DD81270904FD14D9F8D6060BF0F1ED1BBA
:1032D000D50EFFF8E9EF0A07F3E619D1E3FE060879
:1032E0009718C4F80D0ACB07072116FDFD00F12B36
:1032F000DFE5DFF50D01F3EF06EF1DE40BC52D0A49
:1033000005F903E41D0FFE100CFD2405FB1CF7FB63
:10331000FAE4F5F2040BE308E8FDF5D802D4E3F48F
:10332000F605DE01D4EB0C0E28EAF701FF03E6CC2C
:10333000F80BD004F7EF00E8E72A0514EB0503DEED
:10334000E7E7F8FE001A0F1AE4F50E051106FC0671
:10335000E702FE0A160813E1FD14F4EBF9F1E3FAB3
:103360001CE700CF071806073404F11709F104CD54
:103370003BCDECE4E7F3DCF414F109DDE6A4BF0592
:103380004D35E4140D1920EC260AB3C9431FECC3D4
:10339000FE3D1E0225D6BE1243FF6ED10BC50A3C70
:1033A00025E919F7E7E4FF03F2F5DF02DCE631F483
:1033B0002207CC02BD1BEA1BF6EBE3E6E624CB0DAD
:1033C000E4124A420BF840DEBB4C2CE10007F2024B
:1033D0002914FCF83DE453EE040621EFE406B5128F
:1033E000FEF02FA80ADC1F200BF30C1301F60A13C2
:1033F0003CFF14F709FCEA08CF81FBF3DD0B1D2429
:10340000400900E2D4FA0AE6FC2DE4DDDDDFFBE052
:1034100008CEEB14D615F73BD41AD21FF7F1DE0E07
:1034200025DEEA1623271C9231CE5004012BECFA3C
:10343000D552DB23B1131006CBE83DDCF7ED000ECF
:10344000191A1FE1A70B89181BF51206F008EC12D8
:1034500008811C2006ED2ECE103D2F08DD08186DCA
:10346000131ABB8C0FEAFCDEFEFA25D210104014B2
:1034700007FAE5B4FDE1DD4A46DB0B216E192F2882
:10348000F9158613DC1CF910E422F5F0C6FDDDE920
:103490000DFA1DFDF938E09EFC1F0D200EF3A12F43
:1034A000E6BE03181D2104F90A05FF1002DDB31161
:1034B00005E42703160D477DD7E9EC0DB5F600FBB3
:1034C00017F4F1DCDCF94036F6F9FB2AFDF00EF8D2
:1034D00017FB0E5D2D12B2F81C1A27E1DBFEE80681
:1034E00009051702FAFFFD3D2226020B99FED003C3
:1034F0000FF302B8FFDD2ECDDBE7F9F401E0A10206
:10350000E8F91202BAF3FCBF1627003C0FD6000FF1
:10351000D605130105F5ECB9FABE0BC8F3EBDD1FB8
:10352000E9CBDF3B110041E80907FC00FA05FDF398
:10353000E611E8F0FF16F5FBDF12040106F904EBD3
:103540000000F9F121FAFAC6C1F512060E7F2B0C24
:10355000F4FFFEF4DEFEF0ECFF08F5ECE2EE1610F0
:1035600003CE02CE4A0910E3F94CFFFC03FBCD2544
:10357000FB060905FEF6F4E8E9092B07E70B0BBE8D
:10358000D435FBEC00200424DF030611CBF2FAE86B
:10359000F0F5CDE33C08CFEF002C2BF9A7F703F0B3
:1035A000EDF2F8E0FE060AF3EDF9EFF5F902090E87
:1035B000FEFE13DF2DEDF3DC031CE706EBFAF3FC54
:1035C000FE0DF4E9F3FEF70E03FDEFFC160A1AF503
:1035D000F8F2F6F8FDF6F4F9060637DB041DB1241F
:1035E0000D0801E4051318FF1408F9C503FF2F0E99
:1035F00001E6F513FBE621FEF7F4F10D010CFDF8F1
:10360000F7F612030F0B23E9F1E61016EF0202ABF7
:10361000CF0F0B1060FAFC06EBF909F2ED00F30A8C
:103620000001FFFDF8ED7F1BFE01021AFC040AF108
:1036300007F7130218FA0DFD02FC00FDF2FE050566
:10364000050DF3E8FCFBEBFBF3E1FA0F03E6FEFAF2
:103650001700EEF702051D16F4EC04FFFCFE15043E
:103660001D1F031405F702F81201ECFF010914E80D
:103670000719F0EAF603E2F4E6E014F01CEB81042B
:10368000DADDD3F5CA00F3EBC2FB04F61C6A0F0CBB
:103690002E0CF8F402C404FBF3F211D8FDEEFB0289
:1036A000D32F080D0DE99506032ACBFC0C00E4F39B
:1036B000FDE531E2F9F0F80CDEDEFEEAF9DFFC04AC
:1036C0000406ECFA050401D0EAFC0102FCD6D21390
:1036D00002F2F30AFA0EF2F2F11715D0E005FAFD44
:1036E00000E20105BEEB0DD7051C010B11FFEB8DB0
:1036F0000703CB0D24E7D8F5DFFCD914F90900EB5B
:10370000C0FCA7EB0004F90BEAF70BFC52E130DF39
:10371000FF0823F113FF0CF4FE0FF5DB06BBF5F5F4
:10372000EC02FE17F7F80EF91502FEEAEBEB0901C1
:103730005F01FCF4C8DAC1D9E2D0DFDD04FDDD10A1
:10374000F61C15F1041BF927F8ED0BF3F5E0F4F87E
:103750001EF181F902E60DD50A09FB08F4FC100EF2
:10376000D5C9484AFECE05F3FD35120E11E936A53E
:10377000F80516F5EFFEF709F5150F051F21FAF606
:103780000F0EE701033DF5FEFE0108EDF7FFADFF6B
:10379000FF1103F60412FF2107FF09DC0F041412C6
:1037A000F5EBFE020AFB0101E3D10902F2FF10EE84
:1037B000FAF3E5E1F9070718DEF40401FB0714DC6E
:1037C0002536E102E8EF09160AE01109E1E50603F2
:1037D000F0FA04F100FAF9FA011523E1EB09F10717
:1037E00024F20311FC140F01E90DFDFC00FEEE05AF
:1037F000EFFE11F6020EE3E4F1E904FCEBF103D86D
:10380000FDEFF1331875CE04961D060AF9EC04F7A6
:10381000EB810C0604EA41FD181EDFFCFCA21557E3
:10382000090B17A5F617031633DAE8F3CC05F1D028
:10383000020AD7FFD4FDBF17B7D7AAE526EBB024FD
:10384000F663B1EC5411ED0305E9E212FCFF19FD3A
:103850000411E80106E83A07FA8356CC0AE61C2F61
:10386000ACFCB4F305FC180FE11B1108B61406F804
:10387000D6DE0036E4EBF903CCFF03F50B13E3F4DB
:103880003B01ED321302F705F2620AF5F013120D57
:103890003E29092507FAF815290BC1FCF4F5C133B7
:1038A000EE08E31AF3F7DA411829F2FBFCF2E7F726
:1038B000FE1C140120FED004981F0C1DF5211C19BC
:1038C0009F29ED0DF9F41EA70F0161272F32E82C77
:1038D0005DFAEA160DE82AEFEA813183C612F0CECE
:1038E000DE42062718E8BB1C0C0BEA12F6E116DADA
:1038F0002798D3F2F7A2FAFEF4FB0EFADA8606FA5C
:10390000EC17A323EF03123D04F7030AE8CCF5C933
:10391000FC0E0BDAAA0CFDE7CEF8DBF6FBDBF501BB
:10392000F704D6C388E900C21711E3CE030AFE1ECE
:10393000C500F2FF0ED0EEEFF31FB016D7FDD5FF96
:10394000ECDE1F8D05FDF12D07F436244710FEEA4D
:1039500032FBD1EF0F09E0D913F310EBCDB8E91426
:10396000D502F0F705C914FD5AFCDABCEED0ECF72D
:10397000F4F206CDD503D2D5F9E828DD0010A3FD79
:10398000C809E6EDBA1ECBFDF210253B054C5013DD
:10399000073DFB2F04D141DDFF1F1DD8E8F40512C0
:1039A000818FA7F80BD70FD6FB0210F8FCFB56F857
:1039B00031B4D6CDDDDEDF400CAAFBF0EC6622236D
:1039C0001418E5313514E1EAE12ACDF4B8D2C9D9A9
:1039D000EBF111EB03000FECF5E01CFD0F10E40F11
:1039E000CCBAF91159EC0128FF1B0EF9E81B15346C
:1039F0000CEAD4073FF0FCF5C3F1E028F4FDF2DA5D
:103A00002E441221E40C28EAF40504FAA2D3E2ECD5
:103A100015091DFD1D0CCB0F070F00FC9EDF11E7E4
:103A2000DA0ECB27F9F9000132300CF5D627D7CBC7
:103A300045D816A001F4F2D623E42600CB25C4EF26
:103A4000066BDFDFE808FDA0F6E833F46A23189D73
:103A50001F0D0BE674CFEB12D8A4F80E02FA001576
:103A600007F0EDF412F6DA0FEF03E204090819117A
:103A700040ECCFFFB1F112E1EBE4E5F5F302A7234F
:103A8000F10BFF31F9030906CDED0D050DE8F70641
:103A9000040EF40A05091EEEDE1404E8DB060AD063
:103AA0001B0417DAE909F9DCDAF8DAF90BFB071E6F
:103AB000F80EF3EFF40BF911FE81F31106E5071A86
:103AC00016ED1ADD06152CE9000BF1F31DF4FEDFEF
:103AD00002F1EDFDEE07F51BEEEE0D08049E07F07A
:103AE00017740FF9F3FB0C0A10E909EDFD1AEC1538
:103AF000DD220C19DB002300D2F78C8C9BC5F1F37F
:103B0000DB14F5E5EF0607E40E092202E5FC011AD5
:103B1000F801C4DE0AEBE1FE08050DC7EECCCD05C9
:103B200000FA06EA06E203ABF00F0807F429F83BB7
:103B3000F608F5F91290F6FB1219F5091E080105B1
:103B40002F0CFC01E5FE08F90614FCFEF3F3150B3F
:103B50007F34D51E040BF3E7070309F803FC0EF3CB
:103B600004F2F1F40B05B4101DE31750FDF7E2E584
:103B700020FF23081106FF121DE8132724FF08EF7A
:103B8000D8E710CB4616FEEE0D1B1319DEEF11061B
:103B9000D0FBF7FEFE2814F4EFC3F9E4FA17F6F4AD
:103BA000FFE009070E1AFBF5EBF514C1DC3228D64D
:103BB000010D1407DE0C0F16CD0704FCFBFAFF0DF8
:103BC000F7F400D6EED90AFA0900F209050903F75D
:103BD0000D2FFF0201020404E4F1EB000C32081E79
:103BE000FFF5DF2606F9FF0FABDF09197F08430455
:103BF000FCFBF5F4070125EB06051724000706F882
:103C00000B122005F7050709E5FCFDD4FA03F601C0
:103C1000FCE615F106F7010EFB782C03F906FF040C
:103C20002A011BF901F8FFF80A0701F812C300097D
:103C3000130601F40E0BFD00111101FB0606F60040
:103C4000ED0A06F0FE040AF4FB010D0CFFF4020479
:103C5000050F02E80D0106FAF1FC0CFBFB000E0556
:103C6000F70611FC0AF809F0F9EF03FF05FC0AFD5D
:103C70000A0AF9F4F806FCF4E4EEE9E30C07220E74
:103C800013E9CDDBD005D908B82805F22638210084
:103C9000F6DA0BF6F6E7FED50B31FDFE07FDE78EF3
:103CA00037F207F6FEEE1AF7FCEE04EA06FE26E50A
:103CB000F3FC14D8FBEF00120EEA02050E0DDDF93D
:103CC000FBFEF0F9EFE414E4F90024FE132906F9F1
:103CD000031503F5DDF3052509070B81F619D10A54
:103CE00001DEFC0122040000FCF506F903052EEBC1
:103CF000F8FB08F90A09D60DE8E3040CE4FD4834A2
:103D0000C229E70E0BEE23F61925010EFC051D0452
:103D10000FF90EFD12090B0AF825FBD409020D114B
:103D200015FC12F8FEF400EAF4F7FBEB00F80CDFE8
:103D30001D1808080518F21DF35718F5FD0F451258
:103D4000E3225453D2062641D5E21ED8067F03F55E
:103D50001C07DBC91E0CFAB2EEB6252EC8EB24C335
:103D6000E1EAD1E80B2CFE1A041F94F5FBFD2400B8
:103D700004FBFF05050803F5F0E52AFDFF05F80D36
:103D8000FED507F92F17F854F6FAE8FC15D4980178
:103D90000CC9F2F25211EF15E0EEEFF5D01829E858
:103DA00016031005ECE9E1E71EF2F00111F80DF53C
:103DB0000018D20117FCE025FD29F7E921E30615DB
:103DC000EDF20EEE0CEB0B0201FE07EC0FF73CDE02
:103DD0000AFD12EFD5F209ECF2F2FD2DD7F80FEF44
:103DE000E20DF807072DDCE920FE29140B02F3048D
:103DF0000205F920EAEC26ED1CF9EC0BF7F213F7BB
:103E0000FB0BF00004FEE7FA19F00AF3F61706F9C7
:103E10000E58EBEB08F509EBF9E1FFF906FF07EBAC
:103E200019F7053401E7F8000EE6FF00DF1415D698
:103E3000FE0C0C8100F4EEF6F0C0FFFE18FDE9F474
:103E4000081FF9FE1222ED05FDF30D05FF0EF40427
:103E5000FE13F90700ADF10D0406E812F9150FFD88
:103E6000F0E902F7F6F406F6F724FEFE01F829055C
:103E700001EF06E8F803FF06FD07FCFD04FF0DF760
:103E8000E30509F60C08F0FEFC04F907FCFAED0A5C
:103E90000EF6FEFE04F8FA05FDF909FA05FB040F1B
:103EA000EFF6FBFB04FE06F6FCFFFBF505FEF10357
:103EB000F307F1FE06F9E41DEF17E8B8F6F100FE8E
:103EC0000605F8FFEA011312F6F4F7F311EB2006EA
:103ED0000005F50E06F9EE09040B19BD06D0D51044
:103EE000FAF704020BEF11D1E804F71917F4EA0509
:103EF000FDDCF40900EF02E20A0601F9120B1909D0
:103F0000FDF8F8FDEA0A07F803050EE50708E2D018
:103F100018E07F0319F8F9F0FFF210FC1000F5D952
:103F200002FDF4101CE9F10BF2F60A0DFFF7F7E7BA
:103F3000180519F60DFF0F1202F708EE140BEE0725
:103F400002F7F7FD4EFEF40A05FE180EEDF0FE0036
:103F5000080CF9F01D1C0207FDD8F908FC08041232
:103F60000EF80D05FA0CFF001C0A11DC0D17EDD739
:103F700008FB0FE5F1F5EC0DE4F9F70DDEDAF5D706
:103F80000BE7E6F51AF60B210304EB2BF70BF09D7C
:103F900005E711E6232113E1E30718FEF50C0AFCFF
:103FA00013F408E09D1207FA1BF31929ECFAE3EA6F
:103FB000060D24EB50E7BEFABF02461CEFF70DFEDC
:103FC000FAD82B19F31D702ED808DDC9EAFC0A06B1
:103FD000090514F7F7E3D3F008BCFF0501FE05035C
:103FE00039DFAA0B08FB071AF409181ADAEA0AF2F1
:103FF000B935094F0BFAE6FCF1040EDF001DFDE9AF
:10400000230A013711ECC9FB0CDAF20AF5FDF114B1
:10401000100F02F3F50F042E7FC80A0D1001D5C34F
:1040200009DEE9FD3BFCFD16E914F302F6E50A079B
:10403000170403090522EDFC02F5F5FFF1EB0CFB7B
:10404000EB09F8FDE4FBFA0EF115FA060B0F1AFF67
:10405000FE9A47031BE9EF0300FBFA02020406077E
:1040600009E6F008140D00F4F3FEF607111F1BE239
:10407000021BF1F408F7FF09F4DC0403F4030BFE60
:10408000F5FBF4FDE97FF904FEF4F5FBF800F90116
:104090000CF9F4FA03B603F6FE05120B070DEBFB61
:1040A00001E1FE0203E9000003ECFE00EFFCF30A6D
:1040B00005FC05030BFC020901020CF60800F801DF
:1040C000F506F2FAE900FAFE01000A07F8F913060C
:1040D00006F3FFFC08F30C02FEFBFFE7FA0A0508F3
:1040E00002030C02FE0202FC04020CF50302FE07AE
:1040F0000A110AFE08FA06F8D6C4EDC40DFC440DF8
:104100001D29EED68CE8AB09AED529BF237C3C0D2A
:104110003AF4E70AE1B5F5D3E1510EB6D5F8F2C0AD
:1041200052F1D8D7F8FC40F7120941FBF7033A05E2
:104130000AC963BFFD03F2051BED10AB7F2B221EE6
:1041400005131E431C12D2DC0E5AE4F8EAD6D9FD40
:10415000FBA317F01E19C3C2130BEEC8F038C60B31
:10416000ECCCCBEFDB280D182FE7E585EE0C052313
:1041700005F573191107C144CA3ED516EEF11EF8B4
:10418000DE32230D13FA37F9D30A0ADF10E546179A
:1041900005F01F1E19030719F71FF8F0D13BF2F7BE
:1041A00043F8F41D1203F2082158FE0DFDE5FBD083
:1041B000A4ADE5BEE5DFF4BB850C149ACC49DE0C5A
:1041C000C048B443C928BEF28413531D4E555E0C3B
:1041D000047F3401F0E442BF03B724BC87FBE12C29
:1041E000D1F3DEE916D0FF19E6B2075FA821F6F099
:1041F0001AB7E2DDD5ABEE9EC8B221C6D7161B5961
:10420000F838CF2633B9E7A267F0B4EB37D7D4EB51
:10421000079F31CA22BADC08F0C12507C20D31FE62
:10422000C9F1D3EE003310E1F1EBD402220447537D
:10423000C3E8DEE31C11301CE629C2EFE2F0D5BF73
:1042400015214EE30E07042F1E243A1BE2F0EEF078
:10425000360F3D03F407F4ED28EFFF3AEAC1BCFD49
:104260002BD6DFF70831FF2E111BEECBE2A4C8F2EC
:1042700086EABDB5E6F519C281B5D6B9CDE5F30834
:1042800026F3FBE2D8DF91E31BAE391EF1020707EC
:10429000DCB9B5CCEBD10FEFDA0500F2DEC0E6F207
:1042A0001307FAB5FABD13ABDA1612F7EA0763146F
:1042B000FE2ED1F8EBB9F606F70F09265614F5D104
:1042C000C429DA09D20BFDFB10EDDCEDF40DF0EDA5
:1042D000172607E21621F3AAF81413160C00031888
:1042E0000E22FFF6EF7EF3DFF8EEEC00EE050CF5A4
:1042F000FFFC1507392EFC0602FAD5ECEA07290067
:10430000ECF91EE402F4ED280018F8D3EA1125F2C6
:10431000DAE2E12AF633E3FB08F0090AEED10212F1
:10432000DFD1EB04EE175420E513FA04D2DDE0DB15
:1043300000F600E10C3FCF14E1B420AC12BFC2FA8A
:104340003EFEE7C63B01057FDAEE0ABAF2E4B7D1DA
:10435000D02BE71516AA5638EC41FAED1BFC520299
:10436000FCC77AF7E6F377CC151E0EE12BF9F82B94
:104370000D1526FCF5EAD8F2B92FFD60DAE8D01861
:10438000CD1AA63E160EE6DAF0EF3515FD16180D1D
:10439000EFD8CB0012100C262E0FEE3A2BFE190B85
:1043A00003000FFB1809FCE6FBB010ECE412490A0D
:1043B000E609EAE80B0D100213C111E0D115EE1465
:1043C000DF07D301FB1ACC0C24E812E80808D81F39
:1043D0000AFCF80401FF0FF5E21A3F47EB31DB0B53
:1043E00030F5DC54FC31FAEFC0EEFCF90FCF0216C9
:1043F000DE3A24F910EF67E7B2BCEFAEB4D6F507AA
:10440000EBC7E30410F7FCFCE4EB1BFED60D0FFE3C
:10441000E20FF2810902E30BF416EFCDA7F205F3E8
:104420000010E6ECFCEEFCC8F04508F6FDFD31F0AE
:10443000F44FE3F809F003C6FE0F06FCE0EA0BD9DF
:10444000BD1312F810F005F522DD14F22A062C0631
:104450003914F9F603FC06BFEAF4EBFE0401F7F9A0
:10446000EF0ADDF5E418EDFDF6FEE5F7EB0A19FFBE
:10447000E6F8E7F91901E3D70EDDE507EAF436EFD0
:1044800005F8F5F7FAE70113FE08FCA5F800E3F8D4
:10449000D7FCE801F453EEE7FAEBF3FD1D03F10757
:1044A000ECE0EBF90019F7E9FAF7E30EFDEB05E7AD
:1044B000FCDFF017134DDA191611F9BFF10B815E0D
:1044C0008FD591C230A3080EF51951D7F9D7182707
:1044D000D2D82FAB1E019C34BD3E13DEB5C3132EC4
:1044E000480529FC13F20011140411F70C0A3307D4
:1044F00010DBF7350CE01D24CBF25C1F0503EBE36A
:10450000F3EDC6252306D7A6DE1AE615621242177A
:1045100007FFF322EC09EEFFFF4A0CF50F12E0D083
:1045200045EF35310D19FF1B5EE1C5E5F0131EF3B4
:10453000EB24FDEAD20B641AAFFDEE1D21FF091634
:1045400004DDF4AECCE94324ED291EF111EADDCB04
:10455000FCE60A37F731C4F7070C1FF10AEEE8E270
:1045600007DE161003DA1EAA02E5D20ED00900F407
:10457000F7FB10280002E50BB1F2F7EAF1130B2666
:10458000360B061B0B0F4DED0D0A2E0CCE18FB291A
:104590000B1A01B719F4030813105ACC9101FEE766
:1045A0002E260A0528F5D0EA010E1711F7BEF1BE36
:1045B00026F7EAF322CFCDFE05143DAAEBE426DB75
:1045C000E50AF12AFA02ECFB063CEC00E91FDEDA10
:1045D000F0F5F7EAE0DC8102F707F9EBFDCDDEE16B
:1045E000DC00E6F6C2F01C012E13E5C3FB10110837
:1045F000EAF8F20E04FF11D4C905B91FE0ED01E598
:1046000002FFF8B708F3340CF1FC5DF40710FA0D63
:1046100047D51022F40CC7DD05251FEDE712CDF0BC
:10462000FFBC0C0EF8D300ED47281202CBCFE3E617
:1046300008E8E4ECF2F9D3E2F3012C4421E5EFE5DC
:10464000FEF2E223F3F8E1F80204EE0CF1F8ECEAF2
:104650000E2125170BF860FAE6F200040070E4144E
:10466000060022F1FA10EF0DDFBFF8C619F4F0BA18
:10467000FC0DDD0BFB02DD020EFEE9F8E509D315AA
:10468000DB40020006F6E5FCEEF6E8F1101408FE49
:10469000D12381F015DA1210FB0625FDF315222631
:1046A000EA0BF40103F107F5F7F7051CFEE7FDFB44
:1046B00010F20EF40601D0020204FD20D008E4FD41
:1046C0000709FCFEB8F1FE02EFFFD8F80B05F30C6A
:1046D0001DE003F8FCC805FCE70BE6090214EB0B30
:1046E000F419E60AFE01020F022C06F8ED0FDD01B7
:1046F000FDFFEE0F14E6F2E598DCF01EA2D81404DC
:10470000E4D1F2A9F2040310F80DDDF1F313FEEE8B
:10471000FBC7F60EE63EB30427022309C81BF1FCD3
:10472000E2FD04FEE7DDE8FA5BCDE0FFE7E479EEC9
:10473000F2F924F6130F2B08C8090736EF051BFF03
:10474000BBA00DEBF6E739F3E110FD7FA5EB2E15CD
:10475000F50023DCEF10C00AEF0100E90501F200CB
:10476000080E0AFBFDEBF9E1D2022604F2F10FFA82
:104770002FFE0C01EB11FEEDCCE42A05DB161C022A
:10478000F80AF4EA05FB13F904B8F8120007F30479
:10479000DE0D0C15F00E0CF72319FBE40C0EFEDAFF
:1047A000ECFD100400192800E3290E13B61006F9D9
:1047B000F0E5080D1604E6D9F7F814EBF9FDF3015E
:1047C000EE0808E91E0414FAF819F70A08EC1A06AC
:1047D000FB9981FEF6F003F5FA0FF206FA03080DD5
:1047E000DAFF15F80214020607E4FCFB15FF16C5F4
:1047F000F62208E4FE05000BFF11F812FEFBFE0096
:10480000F10903FE233302FBF5FBED170AFAE5037A
:10481000FDFDFEF2FEF4FFE5041B08F6FE051303A2
:10482000FC0900F7FD02FEFB0AECFB010AE813F9A4
:104830000CFC01F50601E814F7F6F9FB0CF90DF98B
:1048400012F4F9FCEBF1F70606FF0910F5FE070874
:104850001BF9FEF4F2F601FE000603F301FFFFF977
:1048600011040403050D01F206020700050AFC0607
:10487000F30EF8FBFAFBFD028FE9B40DB6F1471E0B
:1048800034D622E006042CEC9AE3D713F3FD75E549
:10489000E713D41304CF49E63ED82322383A1BC687
:1048A000040221B127ED23112544D8171717CC3A5C
:1048B000173E39EDDDBC33D0CA1B233C2ED7A209ED
:1048C0000081EB0E19345EFCA204241A070F042C9D
:1048D000E1F50103DD381E3D10F70AEFFB19511217
:1048E000210129E9EF0425FAEFD31ED40FFE25DFBD
:1048F0000434DB012A3CE8EE33510C03121C301B5C
:10490000CB20F516272FDFF32DC3FC14FD2E072A2D
:10491000FEF904D1EFFF3AFAF5E8F818EC1113AA02
:1049200017EDE0EC1AC60CEAD11EF5F007E40F29EA
:10493000042DFEF6DD39DF18ED1827EF181DC3F939
:10494000CC2DF3FC08223BF5EEC61DE5DFB923189C
:10495000B60AD902E4E6FD6A202035D7C2E7FC1D7D
:10496000EB1681DEE5111FFA013A611D000C13649C
:104970000CD0FF0309E101250F51F905090C571669
:104980001D1303011C2B1B9D1B0E25FEF349FAEB87
:104990000AE504E1023FF80AF0F92B132802DD1FB3
:1049A000DDFDDCED2D0501382AD8F5F20CFF9EDD8A
:1049B00001E99DF30BFA18FCFCD2E4FB020510267A
:1049C000E5E3CEFD0E070FE602F20CF007E0D30D93
:1049D000F41EEE15F7FB01F70B11D9F2FDFFDB0119
:1049E000E8F1050BFF12021B2E1C08DBF8091AD395
:1049F0001FEC16E5FA0609E5F4F2FBFBFFDC058186
:104A000016EB0EFAFE3D011FEF0DF306E900051C43
:104A1000FE08F9E4FCE201F5A40C10F300F3030531
:104A2000FA12FAF3F30AF8EBF00308F6FFF7F9F0DD
:104A3000C9081D07FD04FDFCC4092FF703031D0C65
:104A40000B07F2C202F30A01F208FD01E60B05F9B9
:104A5000FAFFF60008FE880921FEEF071102F6169C
:104A6000CD0403FAFAEFFD01F4FD010E0F0B0AF479
:104A7000FB26F80608F3F2F9040FFD02EC400EE8FD
:104A80000705021F05FCD9FFF9EF05080305000122
:104A9000FB110901FA0711F3FB0C00FF000CE3EE18
:104AA00004F0FA05190A00FDFC09E906FBEC040014
:104AB00002DBF9ECFFEFF5FAE7EEFAF3E2F400F0CF
:104AC00001F0F6DFF6F4EA0408FC04FD040AFFFA3C
:104AD000012CCEF4E9050BFF16FD00010F10F8F9CB
:104AE000F9F9FF0DFAE1FFF319FBED05000326FFCD
:104AF00008FD02D6ECF3EFFD06FD0B09050CFDF2F7
:104B0000FE110C050AE20DF8F2000132F9FB00FD7E
:104B1000FBFE0AF7FDECFEFBFA21E505F30AF808B7
:104B2000EAF207060101F607E20001FFFF93F3FD39
:104B300004FD01810405F80AFFFD04F7F9F80DFAF8
:104B4000FDFEFEFF010405F708F50102F6F5080277
:104B50000105FDF8FD0A060EDBFCFDFC0306FD1059
:104B6000FCFB04FC05FBF8FCF80204FEFD02FFFD63
:104B7000FFFFFD00010301010A0316ECE9E9E30A66
:104B8000E20EE20AFEF7380EF7110DE3E406F0FF3D
:104B9000F8EA110414F2BB0305ED0D34F5E76201E8
:104BA00005EFE9FB01F31B12E12FFE69F0FDE7F4CD
:104BB00002070EE60817F940ECEB00FBED0EFFF0E4
:104BC000D81435F5EC00EDEFF81701D4DC01F6D779
:104BD000DA0A7F01D2D8FCFDF2E20C17190302D3E6
:104BE000F8F0F4FD0401EEE009FD00EE08E4020730
:104BF000080410F60B1705EF12EAFFE8FDFDE3FECF
:104C00000E1617041EEAFCEC122025E8E6F0F90562
:104C1000ED0BF0E3F8160DFEFDF3F0FF04E6060AD7
:104C2000E5F5F80203FCFB0006151314120D16033C
:104C3000ED0CF7FDFCEFF224E9EAE2EEFEE42DF2E2
:104C4000FA12D905EAF9C4FB28540BE807E0F6008C
:104C5000E40B14090CE2F1C8F62006F8DEFD0CE1C5
:104C6000FBB8B6E00ADD1BF4FD08FDF602F0100B00
:104C70000CFFFDDBFAFAFCFDEAE2FB0206FC0C038A
:104C8000F404FD0FE10FE6D6FAE120FCFA19F80E64
:104C9000FD280AF7E204E8C5F9060102FF00EAFA76
:104CA000FF8107EB14F60005F3F707F30603BBECEF
:104CB00003F605F52AFBFDE6FDECFAFB010C1326D5
:104CC0003D06D0FE000C16FD0AEEEFEFEC200008CA
:104CD000FEFE0F0EE117FFF7FC2304FC28EE070889
:104CE00039FAE0F8FE0903FB030C01FAE901F3FAD3
:104CF000F8011DFFFC010A150E14FE03FAD0F63769
:104D00002429EAF6F8F20FDE0AFCEEFC0C0F01573C
:104D10000CFF01084CCF00F20DE610F60A05FEFA72
:104D2000150601FFC9FC0DEF2010D21401F1F3F9B3
:104D3000C8FFE7FBE4FC05FCDBFA970EFE0AE70E72
:104D4000F1191219FFF70502C6FB1019F902E30B5E
:104D500009010E06FD00E604F3F3F2FCD213F5F0B0
:104D6000F6F803F1FAFD0AF2D405F3070CF1FE0B95
:104D700013B7FAE9F9ECFFFB13D002FBFE12F50BB7
:104D800009FBF0EBF7F5DFFA00F8FEF3F3F6F8FEB7
:104D9000FCEEF805F804F3F9EC00FBFDF0DAF7029D
:104DA000FDF5FC047FFA0212070305F4FAFDF60292
:104DB000F11F0101E7FB0CF2D51C360011A362E9DB
:104DC000E8DE51ECE3FDFEAD28F52E3CD4F7E8FE1D
:104DD00016D3D1E6AC1610B4071D0115EE0CF7C3BF
:104DE000F018FE35CBF9D8170B0F1CE336432431EE
:104DF000EBEFD00828FCF9FDEAFBD11D35B826F908
:104E0000167F0F0C2E140DF610F7460E4A238E1E39
:104E1000F8D8D8FA0A27ACC9041B03CFF6E9130B5C
:104E2000F4D825EDD2F811E01725F50A0E1BF9EE9E
:104E300000DE090CFA2B0DEBEDFC08F601F611B3C0
:104E4000F605EFE8044AD9E8ECF2E8E4114B392E14
:104E5000031AD41354F72A140AFFF314DD1DE40DCA
:104E6000C9F215EFFB130CF0FD03FD0909040EE078
:104E700068F9E8170FF8F6E2EE02FC05EF04F70414
:104E8000FE02F2F9040209F203A707FC03FD0A027D
:104E90000281581A05F9FEF2F8310715FC01FD0FE1
:104EA000F30309E5F911FFFBF8EC04FC22CD3DF614
:104EB000050E063104F80104F91201064100F8F963
:104EC000090506FD1CEFF802040002F9F9F8EF0FDE
:104ED000F70AF00FF718F8FEF80D13F70BF6F005C8
:104EE000051DFBF90230F9FCFDFF0403FFF8FBF799
:104EF0000BFE21FD02F221FC0DFD00FA07FE041855
:104F0000F90EF1FDFDFCFD00F8F4FBFA06FBF4FFE1
:104F1000F9FF010AF2F9F60000F70F040807FF0392
:104F20000004F9F70402F4F6050604FFFB05FAFF96
:104F3000050CEAFD0706F600A914C2DD0FCCA81186
:104F4000DF32A40306ECF37FD4110D8DEEEA011ECF
:104F5000A022F21BFDFB141A070C22C8D5F22B313C
:104F600008D314F305F918001107F0ECFFF9F6FD6A
:104F7000D90246FD110EF60815F919F2F4FAD61405
:104F8000EBFAD7CCFD02F7BB14F5000FF8EB51E6B6
:104F9000FEF40D120BE7F40CE6FBFCFCFE0C04F433
:104FA000EF02ECFA02070D07FBF2FEFDF60B19C348
:104FB000F5FEED0C18DE0506F2FD01FD010804DF2B
:104FC00001E5ED0614FCE4201AEA16FADACBD20F5A
:104FD000E9EC150AE3E6FFEA010D13D3F90CEFF84B
:104FE00019D7E1E10C0BF70B0C0D10FDFEF1EA0AED
:104FF00009F206EB191800EE080505FC07EF4BFC5B
:10500000EECF18FE01F8E8E53D2D060BFEAF150BBF
:10501000ED109CFCFFFBF681070602E9F5F1021F8B
:10502000ADC22B25FBF5EF12FCB8E9EFF70F07D95E
:10503000EBFFF2970306FCE6EFBD0302090A15EC4D
:10504000112ADBEA381E02D8F504FEF8004CF8FB02
:10505000F809FA05FAB2E0BEFEFE08FFFBDBFE0C23
:1050600002BC07FAF8E40508EF350204FD09F0E98F
:10507000FBF0FB09EF0B0207F61309EBED001FF144
:105080002DF50AFF0D3FF40ADFFCFB09E422D0F9FD
:10509000FF03E5F039FAF4F20BFF12F1ED0605FE1D
:1050A000F4F309FAF411FAF00002DAFF0403FBE169
:1050B00025E9F6F204F6E118D9F204F5E50DFAF85F
:1050C000F7F9E6D0FA090AFCE6F409FC0EF423F33A
:1050D000F9961130E9FE4CFFCA06DB07F45CE7F4F1
:1050E000D10ADDBAE9F2FE026115F304FCFE3925AE
:1050F000F61B0D13EFF801F8EBF2DD060405FD11C8
:105100000BFBDA0920F7C3FD2306057F160FF7F026
:10511000E7EE19EC0524FAF201D123FDF40A0200AE
:1051200004F80501FC1204F6FBFCF8EC26FFF8FD80
:10513000080CEA151506041F00100AF808F31802F7
:1051400013ECFCF11EFC11ED17E7EE290A0F061116
:105150000C14F9070AF80CFD06ECEFFEF5000A083E
:10516000000403FCFDFC0736FF1F0BEFEDF5FDF718
:105170001D1A09FEFF10F0E004281C0303A8849206
:10518000460B94FAF50FF4D71B0DE417CF19E31B68
:10519000201D1C10C7E6EDECFEEB3300BF0ABB166A
:1051A0000C080617E512F3EAF2D9DEE9FAEB18E685
:1051B000944AF4EC26E0DD0E2E0198B5F706FBF8D4
:1051C000047F409CF905D8F03A05FFF602EA15E1A4
:1051D0000313F7DEF1ECCB1AF9EEF10107F2FD2231
:1051E000D6F7DFFA13E5080F4D121A00040C18FC6D
:1051F00005B604FCE8FFE0BC0C8EF415E000F7FFF8
:105200002B09FB301FFB94F1250CFF04DEFDE85158
:105210000EF1EC11FE040A01F9FEB5F80DEAF445B1
:10522000EAF5ED26F9F7085BD3391FEEF8E906F841
:105230000BFEFFF408F516FD0688AA00D8FCFBDF7C
:1052400027F10BF10F14220A0DE5C72B601118C4CA
:10525000DE1CDE14F2E0E2EA04EF33227F12E9E022
:1052600003FD1202D0F9FC23011CDD04FBF1F52340
:10527000D3ACFAF505D3E8F2F612EAE9F82811ED15
:10528000060114BC03F7EF08122213EE1F06F6EC1A
:10529000F1DAF0EFDB1F05280717E904F803D6FC65
:1052A00002F6ECF2121104FFF00938E10003FBFAF8
:1052B0003503F1F707250BEEF9F9D815F510DE0ADD
:1052C000E620162C01F028E823E62DE2F80BE62E66
:1052D000F5B4F8D010F400FCFB09D7EE052329F64D
:1052E000F3FA21F01BEFF8BCCAF505F902F401F658
:1052F0000B3E00CBF6E91CF7C208B54CDCFED3DE52
:1053000020DE00A3DE2192F00D09A1ECCC1B1BE6F0
:10531000EDD32FFB1533EAF254D175C43710D151B8
:1053200004CEC7F120E401E32D040415E92FE3F2D4
:105330003B124411B3E66C2A2F25D219184760108E
:1053400012DD0A3FFEE87FB2A41C1E3FDF1CF1CE37
:10535000E4FCFB19AAFC42A32DFC17E31721F80873
:1053600021FE351B2C0D181AE5FD3500E628EC074B
:1053700017FD21FB1515052A3F30F81807511A10A3
:105380002301CB2FE0FCBCED34E1310EC319EE3428
:10539000F81CF92EF6FA382EF3DCDBD3170BC5D741
:1053A00013E20BDAFDF61806FD07FB26FAFE05D719
:1053B00051EDF2D4F149F10BF60506FB07FD210E84
:1053C00005C9E3F8E2062CC8DE810F1C10A81505FC
:1053D000A5E3F50904C4F9E00DD30BEDF3F909BA1F
:1053E000640BD20C0209FDF6FDFA0CFB0A050E0D4A
:1053F00002FEE708F5F5FDF5F1BC1D0720DEF5FC22
:10540000F70FFC00C50304FBF0FF2AEF112F2E0954
:105410000302FE01F810F902FFF4FFEEF2F703F5C4
:10542000F9DAFDF93CEC050BFC0EF90DF805542CEE
:10543000F9FFF1FDF8F60A02FCFF07FBF80112B4D0
:10544000AC240BF80507010BF6FAF6051001C4FAB7
:10545000F70ADE024BECFBF3030C0703F5F202F94B
:10546000FD0302C5FF0FF9F601FCEAFA01F8F7F0B7
:10547000E40802F513FFF9F8CE2381E69CD1E5EFAD
:10548000EAD8D610FA06DF18FAE82CDF11F19C01F1
:105490002D0D1183FF02BBF2ECBF67E626C7240087
:1054A00009DBD6FAF30917F80550A1F60AE105F869
:1054B000E32224E614F3EB8AED03E7E0EF19040D91
:1054C000B10223CE0501E500DDF726F80BF9001344
:1054D00024D9D07BEEEB0DFCEBECFA2607FF36AEC1
:1054E0000500F2051AFDEBFB1E101BF506FD15F578
:1054F0003902F6F3FA07F3D12FFC19F945052CEC24
:105500000E0DE024E914ECD41B0927C3CCF4FCFBFA
:1055100098DF15F9FB122EF5E8F6B2FC20FBF1EA54
:10552000EB13FD091BDBFEF8F2F40BE40535EC0B85
:10553000E2DCE011FC3D1DF9BF180EEA010CE20BA4
:1055400001960AF205FED181E8F027030319000451
:10555000F4030CEA08EA08DBEFEEFA12F001E410BB
:10556000F4F7F30E0ACBFA10F9EEF2F7F1F8610056
:1055700005E569F3FB09F0EDFA16FB02F9F90512EE
:1055800006FD06FF0508E5F5F908F5FC02E8FD1142
:10559000FF16F20EB20FF3F8FAF608C905F5FAD8BD
:1055A000F22605000A040E0DF9F1071507040F0B8A
:1055B00002F810FEF80EFBF401F7280FE3031F06B4
:1055C000FCF7C30C0D07F9EDDDF307D5F808C91991
:1055D000080CF41601032AFA060B06DF4A02EE1144
:1055E000D103121000E70FF3070623F3DF0FF733A1
:1055F000E7040104F10FFD0F1F3B4EC83200EE63BC
:10560000DB58D16625C125DD1B0C2B2D7F270A1504
:10561000EF01080725A0EFE3BFCF254FC3F406F83D
:10562000FE2EED11263FEE0C110ACE12EE00F9FB14
:10563000F00DE10D3025FAE4D905551107BCA6EBB4
:10564000DB1503FB1311E50EC9000111440CDEFA52
:1056500012EDF4013AFD090AF5110423BA00FAFC2F
:1056600022FD1FABBFF753BBFC17D80AFE00032077
:10567000E21D060AF2EEFBF007D5CBFE100DF40199
:105680000F0A22F905F0190DD90E17E00EF7E4DF25
:10569000100D0717ECFDD0E716070701CFF104F84E
:1056A00009D3140714010FEF22D81BE327FCDF15E1
:1056B000E1FCCCF8E0EF32F5FEDC0018C42A1DB0A6
:1056C000C7A21AD9043AEF18220D20B6CDF3ECB4D4
:1056D000E6C9F9B7C07B0800F220F1A9314019F5FD
:1056E00001D7E608BFE71A9AA4ECF6FE09F1D2E268
:1056F0003BF1080D9CACC7F550EDC02AF9202B17E3
:10570000247F05450F05CBC8F90AE3ABE9EF1FE39A
:10571000F40DFCF8E2E239F92EE213FFCD00D1EAF4
:10572000F801051E2217CC17E90313EAFFC90DF192
:1057300010CC17E22E1E0806EF0D27F329072F15B0
:1057400004E3DCC3F1E73EFB1E25FCD4F21A280378
:10575000FD09FA11E7F41C15EA01180E043E381A87
:10576000002E1912EFF7FECCF9E9D347071202CC4D
:10577000FBEEF7ED18FFFA0FB7512105F00C81F29F
:105780000EDA042D0BECE9F9C71FE1C0D61301EACC
:10579000BAEEEFF11D480018FC2B211A11E927E79A
:1057A000ECCA0CF4FAFE65D801F923FAE5F501F923
:1057B000240F0BE6FD1300E2EE12EE2A1C4EF70159
:1057C000FD01390E0CF9FEEB0909EC00DA27FE3178
:1057D000F7D5EF2615000BECFFEB0210C91AFEF906
:1057E000012A0C15430D0AF1DBF5F913F7FAF0F570
:1057F000FCFC15F90B350AE0FCF955D211F820AF85
:10580000081A0C1513F4FEE20AF8EDF9BCDA0F03DE
:10581000E905E4FCFAF1021508E8FE28DA490CF380
:10582000F50208F602090207D1ED0AE5FB14ED26A0
:10583000F330F7FD240A111CDDFCEAE2F90615FD40
:10584000F9FED2E294F7FAE8217F3397F40F03F4DC
:105850003A6CB0F706FA089B03DF1DCFF60EE3DAC9
:10586000FC0AFF09F6CA350C11F8FDFDDD103D15E7
:105870000CE7401D0DFE03FAFB1311EB0403230E8E
:105880000EF6FD16F7070A2305FE1101E9DA02FDFF
:10589000F00DFBE4E9E400E1ECE0FCF4FD23060993
:1058A000F0B5F7F8E109F9F70DD0EFE70806F306D0
:1058B00001F70606E901F2070B19C9F0F7E733050E
:1058C00003FEEC0408C91C00FE17FE030CF62BF6C1
:1058D000F9EFFCE6EAFB240A010B00C7CEE1FC0F5E
:1058E0002A04F836F8F3E3DE22FCFBFAD6EA0610C7
:1058F00005F7260EFD06EA0CEFF3F3F7F7F8F5FDD2
:1059000006EFB8FFFD04DCEE4C1CFC130ED211FEBA
:10591000FEF20A070ADA04C2FB0B07090505F37F4A
:1059200006BD0205FCFE24E0FAF0FFFC0521261C62
:1059300006F6151700EEFB0D081300F8E31408FB3C
:10594000F804FF04B0E2F2E5FBF9020108ACF8FF4D
:1059500002FF0812F20E00EF04F503C20806FA096E
:10596000FE0800020A00010405CE0003FEFFC30684
:10597000FDFE080202F7FDF4FF02F90A02FB08200F
:105980004309EB05FD1C02030BFDFEFBE50DF5FCD9
:105990000004FC0BB4FEF501000303FF0806FC0144
:1059A000340D0902FD01F5FF0906FFF4F8F7C2E224
:1059B000FDF3F303FDF2F104151E2F04F32334DD90
:1059C0000A68EA02F21B117FE6280599FE4F0BC018
:1059D00060FF02DA0C3E0BC80EFB230E22074203C7
:1059E000F7BF0212ED1270F8FA18F107FF251B3409
:1059F00025FF2608ECF0F4C61EF3D5FAEAFF160BD5
:105A000001EF313513FB06114A1A2704E8B7DF1EF0
:105A100002C8E6FC510AEA15F0F9F61DCF41F6FA84
:105A2000F4E706D8F61F03E9D0BCF0FEFAFF0F4CEE
:105A3000F4FC18FF0F31EB1D03DFBBF11DE9185219
:105A4000071B2F051EE610DC28F508C7DA0A0C0D27
:105A50000DF00FF9F7ED332608D8F8F2F104F72A24
:105A60004B0F1338F8150CFF1B27200821EBFE60A5
:105A70009E330A0BDE04580EB7F985B797ECFBF19D
:105A8000EBE5150A09F1EDE910054D0EF8ECCBEF49
:105A9000D40A0CB20BEBE3FCEEFA36EC04DB0BD6CB
:105AA000110AF0E21BDBFBE8033CE50204FC0DE419
:105AB000E322F40C11B2CEBEFA14E3F70BE4CF07E5
:105AC000BAF918E70BFFC4000FF3F100132F14F31A
:105AD00018FADA3A22E70B2106F5EB1BF8FD0DED7B
:105AE000E408F403F206F1FC0D0701F200FC05F5F1
:105AF0004F21EEFF2605FFEE110F030142F71FECC9
:105B00000EFDF814F80E0DE74A010881F0E70A06C9
:105B1000B1F008E9F736EDF9FCEFE114F9F8F0F32C
:105B2000FA08E207FBF814E704FB19C70331DEEEBD
:105B3000F4E5FE00ED4210EEF2F009FFF6CF07307B
:105B400008E5190203B20120F50EFB07D6010C048B
:105B5000FE09FDF7E5F41AFB4C0509E8F8EDFF0333
:105B6000000EFAEC250300EC30FD0502FBF114EE0B
:105B7000D00E1500000BBCFBBE0581E30005130D24
:105B80000CF1FDF7FFF2D4FD27FDFBEFE5000BF76D
:105B9000FAF4F9F6FFF9820D0AE8E30C0DFBF80BB5
:105BA0000401E0F808E9F300D7FE100EF70C06F741
:105BB00008AAFCF705F1F9FD121F01FBEADA0AEC6D
:105BC0000A0C051E00F7E30208EC070B0000FD03BA
:105BD000F91B02F6FD050700F408FFFF0410EAEECA
:105BE00004F3F401ED0C0704F20FE80203F106FDE3
:105BF00003D3F7EF0DFCF3FE06C1CC26E8F811E164
:105C0000FE0125D918080B07F009933B300525FF45
:105C1000FFEF0CFBE003DBFE041214187F0400FC12
:105C2000001BF002F0FA0A2822340400FC09E31EEB
:105C3000FAF220DDEDF714D0FD0BE502081A0FEAA9
:105C4000FAD810F20F261C0AF01A0D120D12FD12CE
:105C5000F6ECEFFEB0230F1310F6050315070BFA51
:105C60001CF511FEF60FFF0C050124D8FD0BFD03FA
:105C700017FAFEFA011FE5F50D0CFC0A071D07FED9
:105C8000120C0227F11202FC26F425EFEC1AF31D88
:105C9000FBE203F904FCF806F212E2F4FF102AEB2F
:105CA000F7040FF901E60DF2EDF705FC0DF6F30F21
:105CB000181E0AE8FA15F801F5F7FFECFF009DF74A
:105CC00000E54002CD01E2FC473806D5044BEB0A63
:105CD00011EC8DF1F504FFEB041605F2FD14FBA7A2
:105CE000D7F1E703F9051409001711F609EA1A2498
:105CF000FCFFE3FDFDF405100A43F704E401080C82
:105D0000FC0EED001B1102E2FC08FA05E0C42000C5
:105D1000060000FAFEF9F2C6F702FB81FC02E70674
:105D2000FEF0FD0EEEEEFD090496FBF3F8FDD0EA61
:105D3000FFF4F7FF070B17F2ECEB0FFFFEFD030775
:105D40004645D702EC05050BE9FD14FFF9EA39F6E3
:105D5000F2F50614BA0A02FF040F14DAECF4000C90
:105D6000EB06F313FBFA09230607F70AEDFE00ED35
:105D700019EA01FAECFC10011EFC020CF800F6FE18
:105D800000F2FD1105E6FEFF23F9FAF205FCFDFA2B
:105D900002EFE1EB0F20FFFEFDF3041204FB02FC17
:105DA0000708F71A01EB02FCFD01F3048115F31358
:105DB000FAFCF3FC0BFF020A0BFEF9EDF7010ADA1D
:105DC000FF0315FAFAF208E1F401050901F5F0FC08
:105DD000FF07F303FD15FE0805D09C1EEFFC050729
:105DE000020A0D0AFF09FF07FC040505F613F0FC83
:105DF0000801FC12FB0EF90CFEF900F5FFFEF400A1
:105E000001EAFEFF0410FB010D160502EC00FC0682
:105E1000FF00F8F2FD04FE030CF60D04F6FB10F291
:105E2000FC080504FEFDF1FAFEF2FB0306FE090183
:105E3000FBF8FE0E000F04051FF00504D0F5E45337
:105E4000CEF1DFE11507030C060AD3EA26F31203AD
:105E500006FBFAF2C3F4E700DE16E7E823FD0D07C0
:105E6000FDF8E5F4F4D9FB0AFCFAE9FFFE0706F5B4
:105E7000B7030C15BEE707E7D7FDA91E060EF029EC
:105E8000F712E676150D1FD181F90505FA0628FDF2
:105E90000E040726FA0412148903F6FFF50B0BD53E
:105EA000FBF32EDB0B2310F9CBF1E6F9FF18090EFB
:105EB000132300FEFD2113FFFD10040AFF1202FC54
:105EC0000003F3CEF70520F813060DE40BF4E5010B
:105ED000EEF4F7FAEFFAEF030D1BCEF5050A2AEA06
:105EE000041028FBADF6F6D5FDFECEF8F50CF10753
:105EF00007EE0E0BE4E60204C7A9D795BDE6ED2434
:105F0000DD0002B608EC2BD40AFA2203A0F3DBF57D
:105F1000E0BD089CF3D4C30B2BFF22B4C7F486F179
:105F2000E50ACED5F2D9D48F271AF817EAEF02F492
:105F30000F5200EE12CA400ED6EB0E1CFCDBE0073F
:105F4000C719170B1EF7440BF8CAFD1DB3E6FFEE89
:105F50004A2BE62745E7F4F3F2F90E02DE06F7DAFC
:105F60000AF10100DDE59F17EE0AEADEFDF702E720
:105F7000F4E5D3E637FFE3FD0B03C9E1270923E28C
:105F800007F327DA0D03E0EAF2E8F0A5D8FAF920E2
:105F9000DF04FCE60A4B21E706F213E9F514DB0304
:105FA000FAD2FF02091B02F90110FDF6D0F631CE3C
:105FB00006DA1B7F033DF422E0CEFAD41AE5D7DAE5
:105FC000081BC81BDF12F5311A11C9EDF71DDAE9FC
:105FD000008B0BFFFED203D8DEC2562C0A94FA0ABD
:105FE0001AEAE6EE06DFF50B1C10A7D91FBAFEF77A
:105FF0000914E915F1E021D05136CEEADA19E2E0D0
:10600000DD1555FA00F61905B9EE0C1DD6E7D516C3
:106010000909BBDF0859F7FAFAD000BF24F9F928BB
:10602000DA0AC80512E001EA06E9FEFAE9101DEDF8
:10603000F5E317250720D2CC30EB21E881EFFD0DE9
:10604000E7F40D25CEC3CB49C9BFE6EBE7E808DA94
:10605000BFEAF4E1C4113FEBF114F6420CE7180C6F
:106060001AF60801FF101465FE1313E0F3E7DBDAFC
:10607000D7E807FFD4E1F1D30010E0F5DABA1AE36C
:106080001511FE06DEDFADF7A27F0720C73929F123
:10609000E01153CD1C1AF5B91406FF01DFED2532CE
:1060A000E0DD66BE0FEB1CB9C8D7C506F322E0ECF5
:1060B00005F5CBC110CEDF11098104D91E09C3DF5C
:1060C000EB120F13FCE0FE011DF3FBEBD3E501EB3C
:1060D000FB164232E594AA0805D7D1BF0D2135EF52
:1060E000ECD2EC0902D9F0E93134F5EFF5F971DCC5
:1060F0000CE66712DA11E51DDEE717E000EACAFEDA
:106100006842EE0AFF4C1C31F9BB1BE6F8E544FE81
:106110002EEC0E1DE8FBCDE709121DFBF31D041448
:10612000F4EB211AFEF4FAF1B308EB07D2F4FB1AF0
:106130001012C1F90FFA0015088F0207C62BBBDD3C
:10614000CDE593D71601F33CE50316F928ED1C8144
:10615000F0EFF9DA49C90311E91ED1EE310022143A
:10616000EDF7E9F4F4DF090DFEF7FBFC1F011C0E4F
:106170006BE63511C9E80FE89203E61518FEFF1A21
:1061800001CFE0460C08FFF792F3020FF8FF430E31
:1061900005F7003603000A0D4920FFF8E90B13D874
:1061A0001BFE1EE0051DFCF9CADFD1EAF903FBF175
:1061B000F51500000D352C26FF0B0A18F4D410EF4E
:1061C000ED01FAECEB0D3E05F80302EC13D9F6ED08
:1061D000FA0B14EB0502EB29F608FCF9FF1322B5C4
:1061E0000A7C15F605FEFEB700E1C1080118E4F8C7
:1061F000FFD70609D1F8FE0FF5E1F2E4DFE90E1052
:106200001DED0ECEEFEBFE222B1300E90A03CFDDCE
:10621000070C81DFF723E8FED9F9EC10173DFBF1FD
:106220000B0630F7FBE30BD5B703F10156150F1939
:1062300010FB04E2F6C60AF826ED0328FC1A01FD5D
:10624000FE2B231300DEFEE4CDF915D8E907E8F2B2
:10625000F7020FF1F6ECFA03F7170E10CD200AFC47
:1062600015F622FF06E4EBFFFF0505F419B9FBFB69
:1062700017FE2A0413FFE018F4FA05F803FE10EDE8
:10628000E4FBF803E51DEDF102FB03F0EB0723FB54
:10629000FBFDEEE80FEF1004E70C09FF06111F11DC
:1062A00006ECFD0B07F8F6FEEF130C21F70310E9DF
:1062B00003020BF100F1FB06CFCCD9E002E5F2ECD2
:1062C000EBE8CCACECF0D614E6E50EEA1615E501E9
:1062D0000515F0FEA3C1F0F0FAF3B9FAFF0104F2DC
:1062E000051310FFDB9AF5FBD1F607E1D4FD7AFA2E
:1062F000ECF51000E4FEEC0FF3FA0108030303F1E0
:10630000F816F71316EB0711C4E7D5EFF1FE131FCC
:10631000D9130104F10EECFF0FF828F8E5F1F5FEB2
:10632000ED04F006DCEF13F2DDE50108FFD8FC0B0D
:1063300000EEF4FDCF3FFBF6F0DE2DFFE317F6DFB6
:10634000D803FBF4F51B29FEF714103308F80207F5
:106350001E0BF61DF646F9EED0120E0FF1F2E6FE18
:10636000E105FC19171F7FF8EF200C0900E4040B6E
:106370000C0A0EEE11F7E1EF224859243D3510F0DA
:10638000EEFC17254B162BF616C930E6FAE2F8F2AA
:10639000E8F6A6B2FADD0B13F2EB1925C3C4EBF352
:1063A0002B269BFFD23FEC10090714CE08F104E81E
:1063B00010E4EC200B65EC98DC16F1B8D7C816EEAB
:1063C000B9300301EBD9C8ED3FC2D7EE1405D214A2
:1063D000B2BC1D07EA1FC606EAFAEDEDE3D304E1FD
:1063E000C9F9C909DF0026F72FFCDDA1F114C5F4B6
:1063F000F8E681F5E1EC1EEECBF9E1A404DD19022B
:10640000EEF01A14F6F0152AD0CCD3CC03EED1E07E
:10641000F50DFFF7001CEBE4141DE520F2EB0E1D5B
:10642000F51CFDE3F70BEE1C3414D62CFE08D4F754
:10643000C9C9091515EAD50FE6FE01FDDEF0FB100E
:10644000EBDC0DEAF81717F0F7F604060801CCF2BA
:10645000F0000111FE09DFF5F00AF7F9F2EF280468
:1064600016F701CEFDFA01E3E5FFDD7F15F400F834
:106470000012CF0CF3D2C731070D0B0D1AF0F4FA4E
:10648000240BE806FD0CE1012030E4D250FFF4DFDC
:106490003A04E712E6E9FEF904F7F3FE17F20E22DA
:1064A000E1F2FF02FEE7DD04FD050E31FBFD010C0C
:1064B00002121702230EDDDE1407D52BE3060001BE
:1064C0000609F2032E0713D3190E48EA02E1050567
:1064D000F839CACEF7FDFF05ECF7FBF90914F60908
:1064E000EA09F8F5FA40EAFEEF0F0ADE030A4D1A50
:1064F000F8BEE4EB02E305E5BAD8FEFFD3AA248197
:106500002D28FEF5DA4AFEF429E210FAEF2BB3C18A
:106510002012DA37C8323AD920E3081E1954E6E5CA
:1065200000D8F503ECFCFFC10DD4C32DD7EE14FE4B
:10653000102AE6E28BD6CBEE3E0BA511EE13ED3919
:10654000EF2E281FDC092712B2EB06EDD1F5BAEDCC
:1065500001F023F6F6FC3B02128804F3D21FF2147A
:10656000BC2BDAE113F0EC04D0E720F7FF080517A5
:1065700007C022E43DF7DBDD1FD403C9E82609FD8F
:10658000F535FC24FE01B6F63620EDFFCF150B2BBA
:10659000F048E6F006FA1C1FEEFD02F81007F906B7
:1065A000ED03F60DFDF81029FF0F28030401120278
:1065B000EE23EDEC0BF2EBFD89C50AE5ECC4B0E689
:1065C0000AFE11A0EDE3F7C799E10716D6E61BFD19
:1065D000C5537F6802856515F3E805031729BB409D
:1065E0001B33F1DAFEF3EADBD0CA331C77ACD99F58
:1065F00012200439C7FB0443231CDC1FF3DA2E727C
:10660000DB33F6303028E0FDF819F3C4AE1415EA98
:1066100017EDF1D0CCC642D2102171EC0F0E053827
:106620001EDC0BD4FA01F20DDBEF11F1DFD500F126
:10663000FCE002141C0822E0579E0E0600FFE8084A
:10664000F1F5E41257E8CE2015E61512030BED33F1
:106650000307FF10DDF2070BCAFEDDF8ED1AD31AAF
:10666000ECE4CA1B00F90E20105C13F802EE08D10E
:10667000130CE3CCF614F409E010EAFAF5EC08EC9C
:106680001041E50F150AE849F112019D07F600E6F1
:10669000FB010CF90E0900F6FF0D01130D0618FDA4
:1066A00017D01807FDF77F040006EBF9F7061CFD6D
:1066B000181C2DFCFC08F7E9E612E3FD05100307A2
:1066C000F5FA1B160C09F7E9F9FAFB0302D20D13D0
:1066D0000A03F8FE19F502FF0609EF2BEF1C0AFC6E
:1066E00002F303E72715FEFAE6ECF8F0FDFEFFEEF5
:1066F00004010AFAFF0EFD0117F605FBFB00062256
:10670000F6EC17F7F5D7FCFD1104F5F6C8EA0D060F
:1067100002FD13FDE802040CF6F1FA03FC1502F683
:106720000A0E0C3A000A13F5FAF711FBF603ED22F4
:10673000E4130707E70B1D05E40DF4BEFA0BF500A3
:106740001BF3ED19F1E8D7010D0EEF022A1E18F226
:10675000F403F01FE0FC0BF2EB141F9C04F881091A
:1067600002EA0AE7EFFFEEAA08FAF60CFC0611129D
:106770000017020DE8C60616FFFCF8F0201C10E614
:10678000F4070C0107130AEF05420B0F24FD0D540B
:10679000EDBDD2255A030B0AF1130AFFDDF9E520FE
:1067A00007F41D08EC297841EFF90D0B00011209DF
:1067B0001AF6F6042D11EBE8EC04F92DE00C18F4B0
:1067C00010050029F419F9EFBDF10AD603F5EB170E
:1067D000171324E0F4F3F10EFCEF12E6FE1E08F0AE
:1067E0001BDF000AF9E50DF914F001CC0D00F3C927
:1067F000EDF406F1E3E711CD1DCE3BE41CEE3108CC
:1068000042980C4EECEE114C1D0BF012B7DFCE1877
:10681000E000EEAADC1006D4DB02C1FBE52605F1A0
:106820001D2D130813230183DAC2ECF70401EDE9EF
:10683000880B13FA17C581A3D7E30CC10DFD56E4ED
:106840007AD3D09E10EFC1EFFCD6B8DDC91F11F18D
:10685000E3BE1BAA46EEAAF70BE7113AE4EAD50F0E
:10686000CF0AD41914D6E9DD2BFA1540F8EC12F151
:10687000F9101DEE1C02EFFFCC610CEFFCED05C61C
:106880000218D36E000DD826FA28EF291DEE18F154
:106890000965020501E4EFEED3E40FEADB3DF0F118
:1068A00014D9D7D20B08D9AFE326EA351AEA071470
:1068B00017ABC2A917DAD3FCE1F208FDFCF60E040F
:1068C0001DE2120FFE110B080AFEF402F60BFF0682
:1068D0000C0B04FF06E314EB10F801180608FBF09C
:1068E000EEF1F80D26F3F6FBEFFB12FEEDEE14F6DB
:1068F0000500FF08FF0BEA08EDF502F3F502F4F7D7
:10690000FF8106080800190DC90EFAE30D09E1FF21
:10691000FCFB0D000FF90D0A0D0EDFFEE9FCFB0E6E
:10692000F4FAFB040FF8FC0EED0B1309FEFEFEFB60
:106930000A05FEF9F9F2F909F4EB04F8FAFE0DF490
:10694000F50EF60204F301FD0AF9FC11F6120A092C
:1069500007FCF801FA040C0102F7F80104F8FFDE65
:10696000FD00F30DFD01011CFA140F000D06FDFFE3
:106970000D0B0BFA010018F2AEFB91D79EB9ECEAB1
:10698000B3131CDFF10C13F8F61932E2D4F4FBD583
:10699000FA101BF0E13DD52848E239C5E90F0F1F79
:1069A000F30590D40AF3F6B2F8141017FC06EDFCC8
:1069B000EC7F00E2F4E65AAC06E6E122EBF618358D
:1069C000F0FFDDF9FC0576F7ECE0D706FC0D24EDD1
:1069D0002604E32FFBEB05E40FFFFF12FFDB120998
:1069E0003AFD1CEAEE2CDD1407100FF8F3F711083E
:1069F0003DF9D1F65E2C00002FECECF619EC06EE1A
:106A00000FEB1AF42EEEE3F60CEF2D2DEA27ED1C1A
:106A1000DB34F0FCF931FFDEF8EAD7D9FD15F3E5F8
:106A2000F2FADEF0F30204E709D9001AF705D4CF31
:106A300004BFD4ECDE1DDCF7F7CCC5C4DAE2D1002C
:106A40000CF20FC78EFA9D6400080FDC0D60C807BA
:106A5000FBF7BCFB071B0CD6EE2CF9CE05F6251F69
:106A60001BCACA0001D9ECF9276616FAF63212F0F1
:106A70000023E402F9EB0DFAFBDFFB065636FBE6DA
:106A8000D409ED0CF3EEFCD7E4F81611E51CDBFAA3
:106A900009FB0F180CFFF7DFF6E8FAB4F224E30263
:106AA000EA8103F70C1601F70A14E9F8F40DD30A8A
:106AB000FEFA2BF31BF40B15ECD0050BE31607DAEB
:106AC0000609D4F9F2F80E1418ED0FEEE6B13EF90E
:106AD000E5F70F2F151EC3F9170F09D3C7FCFDEB00
:106AE000FA01EA1FFD07182BF7100402EBFAF7DA98
:106AF0000CE240EFED3220D8C54922011D3DD8F00F
:106B000012D6AEFF0D0AF1F6EBFC15060FE7F1FF0A
:106B1000F8EA1504FBEE04BFF4A70FDDDFEDE30E8A
:106B2000F1C5160AFCE4E1E2FA0AB9F2FCE172D519
:106B300026BD2C09FA0CDBED1129030ABF05F0FB79
:106B40000DF5FE090E05F5DDF1F545F40306FBF63E
:106B5000E90BF008E7F6D8D5EC0AF8FCE310F7C724
:106B6000E41CF515E5E6EC1925EDFEFD09000AD259
:106B7000F90ADBFF15E712094C1528100F0B312815
:106B8000F0F7D81630FB0003F90A0BE3F8F2190509
:106B90001DF10DEAD5F07FFEEB03F60B31D9F0E6DF
:106BA00015F019E100EC0AEEFC12F707FAE5FBD646
:106BB0001101EF130F0E1A0BECD4E9EBE514391A9F
:106BC0000DBA09FE1A0CEFFEFD52F73E332D3409C3
:106BD000F306F3EE10CBF9AFFD230CF8F6DCE6ACD0
:106BE000E7FD23050DD57FFBF6EDC6E4EDEB6AEF7F
:106BF000F5DC60F7EA1BEB1BFE0E140FF1D6DAFE94
:106C0000F2BDF5FEE203ED3BE10005F40218C5DA42
:106C1000080B0C1AF74222F8E3D9E003CC11FDF17E
:106C2000021FF7DEECE803FAF9E2F80817F7E022B2
:106C3000F91AE60ED0D6DCEDE30FD618EC03560CAD
:106C4000C825071719001A05DAFFFD1DFAE4F1EE51
:106C50000CF216EE11FAFAF3F9FF28FDFBEC1BCB50
:106C60000F09FADB0302F6E31413FF10E709E8DD6E
:106C7000EBDE24F4E8FAF2260BA805BEAD250D1FC5
:106C8000CF19F9BF0AEA32C5EE17A9052007EE1E93
:106C9000F5E133F5BDF3FBFEEB32FCDC65D7C9D182
:106CA000E2F601F0E3BF19111D1C2C11FBD852F1C3
:106CB00081A1FEEF0AE90EE201F1253602E7BF01EC
:106CC000BDE5FB9A0CFCCAFA1C1312240C16DCDB83
:106CD0003C010FF82E16CFEEF6EC01EDF00607B2F0
:106CE000F60D08E1EED60BFDCBEFE5F309F9EEFE6C
:106CF000D60AEB010C31F0F2B8F8F9FE1AFB0527C1
:106D0000F704E103FC0AF4ED00FBEAD211130220C0
:106D10001AD5F7C20FFD02F3F733D3060F1B26F582
:106D2000070037F5F0F3270D2B07F8DFEFEADAFE5F
:106D3000EA2D1347C9E1ECFBAFD4F7F5CD812ACD9D
:106D4000252AFFD7DB43F7F11FE30AFBFE1DBBCF6C
:106D5000170ED22BCB2337DF12DF011B1A4EE8F4BC
:106D600004D8070FF0F701D0FDD2C62E02F5F30CC0
:106D70000C22E7E398D7DDE83706D021ED16F322A1
:106D8000ED2A2027E8090D05AEEE09ECD6FACEF182
:106D900004F126F3FC044B0C17C470F7D721F7124B
:106DA000E42AEAE50CFEEE0FCCE722F105F4010639
:106DB00008F228FA4823DFE61DE70ABDF02907FF9D
:106DC000ED28FA11FB07D9F7282DF0FAD90F0F1685
:106DD000F242F1F304061916F70010EF0D07F8164A
:106DE000ED020807FBF826180109280B08F811071F
:106DF000E830F2F206F3EAF5A872F5EEF3024CE29F
:106E000002E5CA1DD1F601B5CDE129D2F031F1FA82
:106E1000D001FEEF3F35EDF6F1AD20C211011BF4BC
:106E200011D929011AADB5B9F503BF3703035716B8
:106E300011F37F0B2C50FDDF17D2F8F3EF22D81F90
:106E40000626FCFAFF15ECCEEE2E14F0EE051E30F1
:106E50000E0DDF0DE0E3FE02FFE2F7F2FF0C0DCEB8
:106E6000EE04EE3222F728FB0FE207F8E70A26AD20
:106E70000E051A07F506EA0207EEF90C0701E11202
:106E8000C012BD050512F3171AF204B604D6250682
:106E900014EE08D6F0E43903FF01FA0CF015EAF11C
:106EA000D0D905D60901F204E90909DDCDFFE2FEDA
:106EB000F8E3093C10F7FCF5FEB0DBD8D10501F58D
:106EC000F0FA2DDE0624D810EF08C6FC05F6F8010E
:106ED000F34ABC2DE1D2321EF72BD9CA4BE6D4E0DF
:106EE00022002FFBE4BAF2F4FAF86B2CDCFF7F0EE1
:106EF000A4D6F130FAD8EE20E7141A0422E0080AEA
:106F000006FEE9B1F21EE7FDDF29D3F8E5EFDC3438
:106F1000EB002AE0C8031BFCF8E4E4FF0EDDDEEF23
:106F2000DDD9E3AD040501EDC5E1FAEA0B07FC0389
:106F3000FAFE2DF4D34115FDA51DD533DE21F40154
:106F40000C191809EFE31D08EFF207FE2611F012E5
:106F50000BCD1901D628EDF9E017E8F108270CFF51
:106F60001AD209F6030546F007F6FDFFF509DCF233
:106F7000FD4F0DE8E3FFF5FCB3FA19E2E5DAB21FC5
:106F800043F6EDF490FE150F403AFFFB093B010874
:106F90000DF70D19068152CCF2D60E192CF71D1BD8
:106FA0000CEB1DE7F9DCE01904E7E30D6002E5D224
:106FB0001602EB05B9F6DD1EC2420027E300F53CE0
:106FC000DB9B951592DBEC37C437DEEBCBF2D8ECCC
:106FD000FCFE10C116EA2BD4F90520C0E010FE0417
:106FE0000E3B13CC07EAF8DDE806ECF8B5E2FDEC61
:106FF000ED19E4FB170427CBFBF5FEE6E2EEDC32ED
:107000000000DF16F1FFE6F715C3E90217F72511B7
:107010001C0CE4011F01F8EDE7100E17E70601D183
:1070200020EE07000AFF0B11F82C19F3EBE5D01442
:10703000091A02E6E5DF09E4B4BB0BE6DE06FA81D5
:1070400008F6F5A40731F518E8FFE60DF411002F56
:10705000FCE4FE0F53E819FEDA07DF130C06040206
:10706000EDF30ADEDDD3F816050B18FDEE065F0121
:10707000FFE70B02CFF1F308DB072CFE050308F94D
:10708000E8D5120403F61DF9D1000730E007060821
:1070900007FF1411F31111F2FA12F6F8FF06EDFCD6
:1070A000DA0116F902FF0BE7E9EA1904FAF6F5F23C
:1070B00000F0F7CCEE2BF307F702FF00EFF91C020C
:1070C000F9FA0B110DF912F8EDEAF707FD090011B5
:1070D000130D08FDFC170E14FF07F10E0302DFF578
:1070E00004F30A092E10400AFB0B0C0610E4FC1AEC
:1070F0000806FE0FF91205020D0A030100E1F5A5CD
:107100002222ECCEFC000AEF09FDF3F8090D01CCB8
:10711000000202FDBECFFEF7F8E515F7050203FCFD
:107120000D0503F545FA0B01FF0ED912FDF5F0F838
:1071300013FDF1F419FCFBFDD30025120006F51632
:10714000F61C0BDAFDFC150ADEFE0E08F3F9ED0362
:1071500004020906FAF4E6F6EBFE02FBDC09F6F19E
:107160000C02E4F3010411F4F3060804F50C07081B
:10717000E812FD0FFEF501000DDA01F7F109FA0C36
:107180000DF8FFF1F3F6D4FEFFEF01F9F4FBFCFC80
:10719000FFF8F5FFF603FF001B01FF01F8E7EF061C
:1071A00001F9000681F5050DF70212FBF806FF0450
:1071B000F01A0505EDFF05F68CFA81CAF6D639F20C
:1071C000FF490D341F0A02300816F3041E19CFF2CE
:1071D000DEFC07E9F91107D3021BE8FA2B03359E01
:1071E000070D21FC02D454E80039030726F33C05BF
:1071F000CD3F04F0F7F8EAFF0DFFE9FF0FFAD5FDE8
:10720000F4DBFBAFF802E9EB10FECFE515F7EF2951
:1072100015FCEF26A3070517F60BE8F40B15F7D7B7
:107220001920F44AC83D0AEBFDE521DD110015EFF8
:107230001F0406F532DED4F3F3FE10E8F710FD204C
:10724000F9F7E4DDFC040B3A54F80DCA071B0913E7
:10725000F3E20AD2EB2ADDCEFE17F818D9FD02D3ED
:10726000E703C90412EF07010A1114F5E1E9EF3849
:10727000F22107260FFA1F060EE7ACE2EDD9E5ADC5
:10728000F3D401F70B13E8131F04D9072ADECD1836
:10729000082B0BBB23DCAF049FE84AD12AC0E7CE02
:1072A0000E05F70BF6CE1307F73AD90403DF10E308
:1072B000F41BE2F320C5E10BE7018AF30CF80D188B
:1072C000CA180AFC19ECEAF8FD25E7E4EE19F70103
:1072D000F9EAE1CC03F11E15B407E40DF001E9F27F
:1072E00044FDC9FA15F0FDFB09027FF20F0F0816E5
:1072F000A9C803F3230AECF2F518DC213AE401E50E
:10730000FCE6EF2ED6FDDD1639002BBDEBEFE6F8DF
:10731000DBC713FBF713DB30EC01EF03F9F004F2EA
:10732000F4ECF83304180FD1E3E3F3E10838E2E9B1
:10733000F408FEFDEB1DFAE6D8FEE5FFF881129099
:1073400023A30BE70833FA15FF11F6E4A7FDFCD9D8
:107350000CF1FE09CE3525FF12F200DE1701181CD4
:10736000F6F805ECC1F014E7F6DBD4F802FC1CF1EA
:10737000FE1D1203E7FEE91247FDA214080C1315C7
:1073800017740A09F9070AFA250500EFF8F807014A
:10739000FA05F907E509F90E10FAFF01F30DF726D2
:1073A000DB1400F10AFAE709D3EF1DF505FF03022C
:1073B0000DB913001403FB0703410FEEF90705078E
:1073C0000E07F72102F6E2030B07FC0CEFFEFE1C92
:1073D000E81603F5ECF91317F60CE803042EEB118D
:1073E000F806DE01030FF9FAF71BFB05EF0C0BE9BA
:1073F000F9EEF8FB07F9E2F813FA16C9DFE3DDF05E
:1074000043BBFC0DECFB1F3AFAF70DF3DDEB0FF07D
:10741000D5FAFAF4F2FFF115F4F20ECF3F007F0D2A
:1074200013E122F3E2F5FFAAF8EF0AF31C11E50CD1
:1074300007CD0905F2C405DB0C00EF11033306EBA1
:10744000F522FD02F5F8EEE9ED0716F5E723F12642
:10745000070F32ECE400EBF103F005F0C015E6E9AC
:107460001300090726F5D317EAE716FF03FF0016F6
:1074700001EA0EF8201B0E2BC8B418E92D0F23F0DB
:1074800002FBFC0E13FD0DE52B060CEAE7E4FD18EC
:10749000060CFD10F9ECFD10EBF918EF123E180484
:1074A0001D13FEFD08080126F82CDB281105EBFD55
:1074B0001305090BFA13F305DD25DF0E1AD13CC7BE
:1074C000459F2BFFE328FC280607DAF281EDD60B57
:1074D000090C00FEB82E17DF0ADA1ADFFEFF1DDDE9
:1074E000FCFB0F05DA201BD5EBE7B7DFE0ECFAF485
:1074F000B82E0FFC25DECA0C48FCE9E8FE0927F18E
:107500001E2921C10006BEEC3500F7EA08F9EFFE9E
:10751000ECF5F7E3E9FD941B07CAE214E7FAF3255B
:10752000E001F20719EEE70D10F119FC0601F6ED86
:1075300004EB1B0B030BF00DF3201AF0F401010D0B
:10754000F108F83F05F1D409F317F302E60E12240F
:10755000F53601FDF7EB160FEF0AE814F53CE618D7
:10756000F5E5E708010FF20DE133F51EEFF90EF531
:1075700002E3FFEA18F3F6EDD8C6D50D3AEACF0ECE
:10758000ECF300BB0CEC0CBCDA2BF7A22FB90C040B
:10759000D716060D0DDEF92EE9F32F90130E9B265C
:1075A00007190FF402DEECC7FF0333FF0A22091E9E
:1075B000FEE41C0B1115F9F61A12040EFB0C2EEB4F
:1075C000FAFA110505F5E881181BFD080F1A55D4C4
:1075D000F3E30502AB0CFCFF20F91AD34423172672
:1075E0000AFA151A18060224F6F607EE030E0F28FB
:1075F0001607020808E505FB22EE30F802F6E42340
:1076000013C4F719E30E0AFB0CEB29CAFE1ECFF6D2
:107610001FF32D0C2FFA15F1050F25B046F80FFBBF
:1076200016F10AF7DB0FFD06FF11FEBDE8D808F1E1
:10763000EA191EFCED0D22F6B8E10516FBDB0B2B5B
:107640000BECFDB2EAFD221B2C0F150FDF03E4FC4F
:10765000F9F124D0DB6052032C1820FFFF2303F440
:10766000F507ED18ECE202C271EA131AB9E265D02F
:10767000192B10F9F20D7F0FB0002734DBE8133D12
:1076800000D2150814035513F614D367940E01E2C3
:10769000F7FD28D911D6EBF811AA0809E1FBE20C95
:1076A0006CF2332408DE1203B90DF9FDE91023064C
:1076B000EC42F2D2511EFFE0F0ECFDF601FE3DF28D
:1076C00019FCFDF911F0F20327E413FD1F05041363
:1076D000FC16F4F1FF1BFE0236040F120A04D5C992
:1076E000F7D9E6F9FD212512EC1EF93DBDC6F1FCE6
:1076F000F7FE01FE020DE8E00E0800D60D0AFEF9C5
:10770000FAEDEAF20C11210AFF00F2F80AFFFB0081
:10771000FF130106FCFF13FC0E130D1B03FB0D18DA
:1077200003011200FC1B06E4FFF10DDC0712131924
:10773000071B020EF7DE05F5F6FFFD190301E8163B
:107740003C0EFDFD06110EFD04DA1BFAE2FF06DA1F
:107750007F0A04FAED0900F7F0FA030203FCED10CA
:1077600003FD030504F81ADBF7EBF90300FE01FF44
:10777000FF0114050EFE14071002F4E20BFC00FEDC
:10778000FFFAEBED080605F9F6F60825FBEB0CF41D
:107790000CF5F4E4FD0FF10E10F2F707F9E9FC0126
:1077A000FD0B0C00FF2C0002FFED05EBEB1D0B1B8E
:1077B00003FEFCDFFE0511239DDDFBC5E3EDBB02EF
:1077C000D8B3089A05F9DA7FA559EC1E0D1FD10C24
:1077D0005EB702C7D90614EEE74EB00BABE6BC5657
:1077E000DF0F18F3F0DD0D11E01916F5EC1466D576
:1077F000EECE3DFB18F9D527D622F9F2C1EF130AD8
:10780000F036F000EF9CE5E902EF12D9FE1735E300
:10781000DFEDC712B9DBED1D020F04F7F600032DF3
:10782000E5F5EB0BF3F52D2D2C1419FD06EDFC15EC
:107830000C0DD6DEDD291A08FCDB2CEFCB042EE282
:10784000E0F20C03D6F51900F81142540C1CDDF6D9
:1078500028FC1E44061307FEEA16F5EA37DEF1227D
:10786000C910F7DA08F64420E428E80C0F062BBE0E
:10787000CFFFF5DA1DDD50F015BB23F7F91CDD064F
:10788000D80FF4F3F91F0ED9DF0F1DDD0AF9090334
:10789000F0EBE30C11F8D7301B294AC7F40EAA1BF2
:1078A0000BE7F619FFE4E803F2FBE4FEFD1304ED39
:1078B0001E3AEC1F0725E5440007FEDAE40BEA1246
:1078C0001C06EF1015E0F4AB112033F4F21B26EE8A
:1078D0002D7FDBEBEAFCF5D9F1ECEEEC4C19110253
:1078E000F5FAEA0927F4D4F403E7DEEDF2FF010329
:1078F000F3FFEB0001EC061C0DFEF6470D00000542
:1079000003F1041341FC0FDBEA191B05E6FCDF1051
:1079100019F727F81211DE15F3F6F9E5FFE0EDE9A6
:1079200017F2DE1400E2DDF90226F1EBC10824E8CB
:107930000DE822FB080C0323F9FCFEFCFEFEF0FD23
:1079400005FAF2FDFAEC050202F7FE07FCFBFD0961
:10795000021FEF00020609FFFFF7F7000415FE07FC
:10796000FDFCF611EDFD050214FE02050C00FE07FC
:1079700006FB03FFE7FF0BF90C0D040BF504F904FC
:1079800005190FF5F0DDF6FBF4010481FE08FCFD9E
:1079900000FA0BFF0409F813011611FE0103FCFDA8
:1079A0000C070AFA01FA0001FDFF0200F907FC05C5
:1079B000F9FF01FB06FE02FD0603FF03FFF500FDD4
:1079C000EE0A08FE01FF03FAFC0C0103FBFAFBFEC2
:1079D000FC0204F7000102FDF10108FAFF04FC09B2
:1079E000FEFF04FE02FDFD01000100FCFA0402019D
:1079F000010103FEFCFEFDFC812BFBDDF1F0290CF7
:107A0000FBC5E1F3FAF5C3DEF2FA1DF6F01B080040
:107A1000FD18ECD904EB12F1EE1902D4F804FDFEC6
:107A20001B021DF9F4C3F3DE115AE50EFBFC453FC2
:107A300008E60ADF0FDD0AE9F40C26FE451F00FD0B
:107A4000F40CFE07E403FCF40A28E70F06320D07E6
:107A500016F1DBE7D5E1080BF7FCED192000050274
:107A6000F70BF30D0F1802030BFCFDFB011512249D
:107A7000FA042C0622FAE303F50160FF100560EA20
:107A8000D21A0BEC252D06062DEE67D4DAD3DDEBEA
:107A9000E31008F10D1CF8F80E0C0CFEE807F401D9
:107AA000E5DFF81AFCFDF90EF9FE0C08EA0816D518
:107AB00000F5FDD6051207F4EB3D0008FA122E077B
:107AC000EB120122E5ED04D2171AFD49FCCCEBFEC6
:107AD000EB03E4E8FC1CE6B003CF0B21F7EA11E46A
:107AE000F18BCC140A087F00F8EDE900F70B2112A6
:107AF00005FA1CF6FD011BE102E80EFBFCFE1CF979
:107B0000FCF5DFFFE2070DBDFC0F18020308D906E4
:107B1000F80BF5FEF803FFC2F4FAF411F00306F1D6
:107B200009FA04EC070807E00AFBEFF8F4FDE13777
:107B3000FA0F19FCF2F1031E26EE06E80FEC0EE137
:107B4000005011060403FEF9F2F1F1F0C40902E954
:107B50000E05FD010FE22BFEFE011325FAF5F9EDEE
:107B60000F0C09D8F9F4EF010FF8FDF0F406EE253B
:107B7000DD181B041D11140289C811FEDED8DFFEBA
:107B800002FCD79DEC0E0108AF30EE07DF1410C9E0
:107B900011F51E4ED9D876F4C9D5FECE260103477D
:107BA00003EEF8A1D1DBFDFFF4E003FE550950E13F
:107BB000FD5924F197F4DB09E4E9E439F126DB5FB0
:107BC000F4D781164A01B917F7F7DA090BFF22EC4F
:107BD000F2F5FF02FDC81ECE2B226CE1E0020E146E
:107BE00008E80BCDE6F4F8E90A16F2041AD410F905
:107BF000F2130DF329EA05FFF315F30EF9010F0156
:107C00001601E208FAFCD3F81400EE00170C13FF7B
:107C1000F0181B07E10604F4E70DDE1EF01AE0D4AD
:107C2000FFE8C200FD0AF418F045F80CF0F9C6F3BD
:107C3000FC04F40EF9DBDFEBCB010106EBE4032DD2
:107C4000D9E52708F3F10A5BD106F0B7FB52F30B35
:107C50000DE181D1200EF6FE00C43517F5D70E06D2
:107C6000D8EB3F0319EBDD1A0A5CCDF305F8F1EE12
:107C7000FE0FE3F20B1905FAFE2C24EFF4F8E30DE6
:107C8000FCF7E7FB262FEC17ECFDFDFA0308CDF31C
:107C9000FBE6F011E901FB3C0AE3E10DD50A2BEB11
:107CA000FC1CE30708DF15EE0CEFF6ECFF0DF323E9
:107CB0000C1DDC011AD8F020E40AF2DC0D05C70C1B
:107CC000F6F60202E4D7F31513E22CF51DF13706A0
:107CD0000EFA12E202E8CCE908190C12FFE3F0E414
:107CE000EFEDE818F504F2030606FE13E8FFFBE5E6
:107CF000DFEC00E010EF36D6E295F5EA138119AA21
:107D000009F609FE19E3FD1201F8A1F1F90BF625B8
:107D1000E5E9F7D4D1D8C904D1E54DE603FEE01179
:107D20001EDB0DCF1193F00F161416FEEB0B75F33F
:107D30000BDBD230271EEA13F10AC7EFFAF3E6E3B2
:107D40001509FB1E1A1BBDFFFA34E412F70AD2F61E
:107D50000334F40BEB130CE70BE3F5E7F903EFD671
:107D6000FE0405A0E8030F1DE1E310F6E3FDF006B5
:107D7000FABA010A04211708CB40E231272DEF0798
:107D8000EEEC050EECFDE7ED07072B06FDFF091FE6
:107D9000F3D915D9F305E531E809E6EDF2E420DD84
:107DA000F39921F2241716E5D7EBDEEFDDFEE200B2
:107DB000FFF6F51DBA1805F3E41803F6F20D810C71
:107DC000EAB0EEEA0805E234F914FFF20CF5F70424
:107DD00073EE0A1BF613F7FFF6F6050FE80EFFE346
:107DE000FA2110FC00EAE5060728EF04F9F724045D
:107DF000F606D9EBFB020507160BFEF60303ECF4BF
:107E0000F50316FD0D0806D2EF12F3F40C0316FC71
:107E100010E6F50A0200F721030FECEFFD0FFA045C
:107E2000FBEFFA014DECFA0302FCFDFDFC0BEB0746
:107E300009F300F805030F05ECEF300CFEFEF8CF58
:107E4000F505EB0A0001F3FBFD131EF7EACC060073
:107E5000ED03020EF01CEEFFFC060C040DFC1913E2
:107E6000F302FB34FC1B0917FFF808FCE8FA20DFDB
:107E7000EDFEF0FF0DFB03DB1012FD0D0A1727ECE2
:107E800000E399FEA1FBF5270C120881F5E8F2FD4D
:107E900025001BFC08F71FBDFBAD12F10A14F50904
:107EA0000EF9F70704F1EA18010D140C132011283C
:107EB00013E800EB000402F007FDE1191EF9101DA4
:107EC0001007FE0FEB0511DD1B091C0EFEFF03FF63
:107ED000FC12FDFBF2FA09B7EDFD06ED033BE1FAFA
:107EE00003B602F503010210FF0B05EA02FBBFC453
:107EF00009F6F7FF0403F61F2018E70600000DB28D
:107F0000FDC1BE11F0040AEC23F802E92020C70EDF
:107F1000FFF501EB0C090B10F5F5EAF91FE3F3FF90
:107F2000FCF9054B07F9F6DC01050BF0110DF51016
:107F3000DD1FFC02EBF7FFF8EB1B1602FFFE8108CA
:107F4000E7DC5C06D70311EEE5CC0536FEE2E70977
:107F5000BD0EEF00F1F6FD2800F6F4F7E6F8021189
:107F60009909EDF9FC09F704FE2503F4FD23FE232E
:107F7000F6E5EEE8F712FEFD03E3000AECEF1FFE64
:107F80000A0CFDF63102F8021806060109FBABEEF9
:107F9000F0EF06F914F2FB0DF0E8FDECF5DCEB0B6D
:107FA000FFEEF9FE00F3FFE203D3FCFAFFFEF5DC7F
:107FB000F900E504FEF5FA0CF80C04F1F7F7DAF134
:107FC000AEF404FEF233FEF7EAFC0C050BFB4DFAAF
:107FD000EEFCFB0BF0FF25F303F8F204F7F9F10ACE
:107FE0002CF9F0C90310F7091203030A03FE09EF85
:107FF00031EAEFF9F5FD13D0D3DFE8EAF5DFF9B5A3
:10800000F5E9DEC70911F81FF712D9EFD906F03BE1
:10801000060204F6F7F4F402020CF8DC0605040686
:10802000FEFD0FED589AEDE0E6EBF4F1E0FD7FF890
:10803000121826FAE211D3FFDD01C2FFF5F921E59E
:10804000F09DF622FE0CF402B41CDBE7E50501020C
:108050000D07040BF50015FFEA07EF07F3F2E9E857
:10806000F206F407F2EDF5E9EEEF33140FF102E852
:1080700006ED03FCF513F800E31A0B03F51901FCF8
:1080800000E6000805F80600F7EE1111F5130906E1
:10809000150A08FCE828FEFBF311FFFC0001E4CA06
:1080A000F7DFFCF82E162F000115FFFFFE10F7FF7B
:1080B00001FFFF0C060701F7FFFD01F40AE2FBFCDC
:1080C000EEFEF40A02E70513FB06F00C22F8017F2E
:1080D000EF01050467DEF4FFD30206FA12FDFD0589
:1080E00000090B009EF6F400100204F90BFFFB07D9
:1080F000C3040C05F6160A03C4FD010804F40DF4CC
:10810000FDF2FD18020016FFAB09F618060D0FFF71
:1081100006FC02040800E0FADD0A07FFF9FDF6F7A5
:10812000E4FE2103F4FD0A020901FAFD08E8FEFF5E
:10813000062CF9F2EA170505FF0DF908001709EFFB
:10814000F8040113FBFDE805FC000C0F04FAFEFA2D
:1081500004F70D05FE0BF810E6FCFEF7F706F9F73D
:1081600001CB00FF03020DF00903F8020DE3F9FB58
:108170000FF200F6EE03FDFBCBE6F4DF15EC0C018D
:1081800019FB01E5DFF62C4FB38105FBED5320040D
:10819000E9FBFE010EE3FA2506E713DBF70615D42B
:1081A0000FF526E10BF012FEFE3408E00AFF19F08D
:1081B000011708190A01F10BF09606FD2206C1F716
:1081C000030118002CE907C7E90936FC0E2014F555
:1081D000030D0AF1FBF2FB10F5F000E0EE172107AA
:1081E000EBA9ED020B1AFC0A05F4FCFA040660A8E0
:1081F00009082000F7FFE60DF7FDED0FFA04F70080
:10820000A109E6FE175F1D1F1DFFFB0A070B1CF4EB
:108210000AECE0FFF6F7FDFB08000207E405F9F2BF
:1082200008E90D1CF328F6F5EE03E1011A0012F837
:10823000FEE115E8F31624F6E4CD11F71203FD0173
:10824000ED0C00020E132DFBEAFF07F8FAF6F0FD25
:10825000FEF807F2F904F716FD17F6FE02E4FC0239
:10826000EB0AF0F400F0FBFF0DF816E411FE0FF836
:10827000FA2BF608FEFBF80510F90509FCE3F513E7
:108280003D0AFC090108F716FCFCD70CEFF2FF15BC
:108290007FE1BCDA0406E7E0FB0600FD0CEDE1112E
:1082A000F7EAF700F9FFCD11F2EDF5F4F907FF0653
:1082B000F600EBFC02F305F8EFF1F4F1200006F50F
:1082C00004F30AEF30EF0610EEEF0C17F3F2F1F8BB
:1082D00013F900E0F618F10AF5FAF812F907EE03BF
:1082E00003F8F5FD061C0DF701E70BFAD9F6F811B6
:1082F000F91309F00FFEF40CD9A4F7D3C538ECCB71
:10830000F4CAE9BCEEF6EFF2D2E90422072C0AA483
:10831000E8F7ED1322F412EAD6E60A090FFDF0F0B1
:10832000DFE20806E9C8D10CF60C0F04FEF97F0362
:1083300037EB06FEDB0003EDFA0DC414FFF2E7088D
:10834000EB1000290503F90D0107F6F5F5F6DC043D
:108350000204F3F9E908EC07230F0C08EBF8FC0121
:10836000160417EA0D0805EADCF2F8FAF6F6FD0E37
:10837000EDFAF7011E3DF4FDD3F8F4FFEDED0FE447
:10838000E6052121FF0410F0FB12FE0810FB0C246F
:10839000001200ED0202FE2F0018F1FC0907010B8C
:1083A000FF1C0FE3E8142108F10BFC0708F2FAE4C4
:1083B00026F222FAE40C0FE7D4EE15F10EEB2007BB
:1083C0001FF512DE081CFEF40F0FF60AD7F504F9AC
:1083D0000C2001F21401ED046F0B2BF506EE07FCE7
:1083E0000A0F1C0B1AE9F10600060D09FE084FEAF8
:1083F000F6251501E83B1306CD020213F3DE4927EB
:108400000C08F20BFF007F108B2CE0ECD3110BF269
:10841000E9F8FDF8F1F008081215070106F9D40E85
:10842000E100FF06D9EFF9FCC9FEF10C0902FD0DD0
:108430000302020A0903ED0AEE26EC09DC0802F445
:10844000FCF21FEBF9F9DDF8F6F423ED0203E90B7A
:108450000F0D0EFDF710FBFF0707311BF813D0DCE3
:1084600003E0DEE70CF51AE716FDFAFFEF1AFC0849
:10847000EBE7EBD4F30AFFF6AFEBA6FDFC1BF20E25
:10848000ED6CCCFA02EEE76FDC230E282FE312D955
:10849000C008F81D2E101825DA29FE97ED02FDF907
:1084A000051E1013FBAAE504FF2418D6C0166C0A9B
:1084B00026247F22E3F61D0DD52AF2203A07FAFF83
:1084C000FBD00C0CE5100BC9DEEAC0FBEC0A1F1A4E
:1084D000F940FF1BAB1DF017FDEFEBFF28FD1CDD86
:1084E0001405141B0CF93EF6F5DF0DD33008238973
:1084F0000D0507F63604E4FD0FDD3B170B0A22DC01
:1085000023E1DAF5E50A40FF1DEBED02F7B911E9C9
:1085100038103CD1FE42ED02F7090D06A91C29DEF8
:10852000E5FE0EF5EFF339FE220754F1DE13F23AC1
:1085300015F50E11FC25FBE8FBFA08CCEDEDF70074
:1085400010EF0C0FF2F9E4FA010BF9FFF8FBFAF265
:10855000FFFC0820F3F4EFFAEE16E2D901DBCFFDC1
:1085600006F2F700F4EEFBE50BF2EB4507FF05F929
:10857000F8FB12F2F8EFF52C1000010A130609CEF1
:10858000D8FAFEFE0DF0F2FCFA59F30F13F8F77F5C
:10859000ECE7E1F1D9070AFA0DFFF704050A07092C
:1085A000FFF407F50215952CEE0602ED1202060CFB
:1085B00001F8E7020C16F5F4E2FDFA4CE20008FBC4
:1085C0000BF9FC160CFF0208EA1013C502F7FF15A1
:1085D000ED2021FBF7F90503FBDEFFE50523010A8A
:1085E000F7F9F6FEFBE3F200FC1F00F80EFF0DD9D1
:1085F000FE151D04F5E6F5D2DCCD0EF0B7E2313400
:10860000141412EEB5EDC01C0981F1212108DA0B1A
:1086100010C39F130CE416FC07EAED3113E93A414D
:10862000FBFCEAD905F9EB1D212F11D6EB0AEAFC78
:108630000CFCDD6AF6DE10F200013802542B09074B
:10864000FCCBE606EBF518F2DE14DD1BCEEDCA0618
:10865000E4081100020206BEF804FAF90CF510193C
:108660000AF1FBE7095502DC0E04F3F200FA0301FC
:10867000FB173000F9F23F0B27DBF9E1EDF9EAEEE9
:10868000130ED4F200F707080DECF91C0EE612EEFB
:10869000F1FCF95FEDFE00F5FEF105FAF70B16DED1
:1086A000FB07E6FE07F8F30AF0FDFC24F4F9FC13DF
:1086B00006F824CC0122F9D9EA14EC00E7F7E3F23A
:1086C00002F9FEE604FCEBF2F1A9121BFC10EEF637
:1086D000F4E7D80E0311062AF325FE0101130A352B
:1086E0008581030D01EF2400F30DCCFF1309122A3D
:1086F000100825EF0CFF050C27BCE90DEE0508F767
:10870000FE16031BFD08FCCF1613F8F1DEEBB8FBD9
:108710000500ECFFF8F0F343F10300A816F800059C
:10872000FCF5062700E304F824EAFFFFFF01F8CA7E
:10873000F7F5D4FBFFFA0AE9FF0B0407EB0211FC83
:10874000B320DA0FED1300F2FEF7FDFFAAB40BFA27
:10875000EEFC04F7EF00230EFEF8FE02D4F402FE56
:108760000D13F6FFF4EA1222030A0E05DCFEF806EA
:1087700031E30500D6180D0105F2F9FB01FCEE010D
:1087800004FECAF6090303F4A11EFC08FD1DF7FE52
:1087900018F2E70104DD01E0050E00EC020AFB3FE0
:1087A00022C102F50404FEE4FFF2F8FE03E218BF62
:1087B0000509EA14F9F4FAFCE8D804ECE1F9E7F960
:1087C000FEFE0306F10B010AFEFDF9FEF5EB080FB4
:1087D0000000F410FF03F9F805FDFC06F3FFFDF6B9
:1087E000FF06FCFF01F9FDFA002602F6F6067F1FE0
:1087F00002FB0CF9FA02F906F7EF0E04010303E39A
:10880000350AEDF7FDD40E05FC00F50003FC040B62
:1088100006090A01EAFFF503FA060104030900014B
:10882000B9FF05FB01FF12FAEC00F9110702F4FE93
:10883000F4EDF60606F8FDFFDD1FE7E3E312110095
:1088400009F017E41DBA00E945BDFEF7FADCB1F600
:10885000FD81D1FAEF2EDA09E8110E30F321E4BEE2
:10886000FA062EB10916F6E4D4FF040147FF42349C
:108870000C0EEF23FDEB1D0FEEFC15FF39FC1CD990
:10888000FCFE2214021B13E6F0E8EFC70805CCFB40
:10889000F709FAFC0524E3EDF64940F8E109FCEF9D
:1088A0000EE7F10512F1E20AFDE31EE9F81513F3F4
:1088B0001C103EEC0713C70A0B0D05DDF6F91AF381
:1088C00032E8F4F101220BFFF7A506E1F7F400FC12
:1088D000E420ECECF7EAF704100B19EC020AF3E8D9
:1088E000121502ED130BFFE7FE020A16180B1EF815
:1088F000F001F4F50D05D910DD0CD1EDF7F7F0EF2F
:10890000FD1E9CF3360DCD3417003F9FF6DB06F7B6
:10891000EB0F0EBE12DC46FBE90EF6D0BAE7F6EE20
:108920002AEA13F7EDE3E8AC26F508FDF19114818E
:1089300038DEE00A07A5E8C0DBD5F585EC3AD3F9C7
:10894000FA15F92DCDD8DAC516CBDA1702050A10BB
:1089500005A30B1AF1D4CF2D1001D3FB2813D7F6A2
:10896000EF1EBD05F1D8152B20FFE3D6F51D2E0710
:108970000DD9BCF7FA100EC8AFC9FBCCEFFAFE0454
:1089800023EBF4D8BD9B394CF7E8C6EA03E8DACE0E
:108990001C0111FBC618BC00002313EB21F2051BC0
:1089A00007F122FFF8DD23080139D7F0C7EFCD0228
:1089B000E0F6ECDCFAD9D40708DC10ED04EA113259
:1089C00006F006C512FD00FCF9FBDEF0F3030AC950
:1089D00003E4FE06BB0E0EFD4AFEEBE103120106A8
:1089E000FFEEFF0143E6FAFA091505F8F9051B0544
:1089F0003B05FCFDA507FBFF0C02810004090A00F2
:108A0000F6EB1EEB0C08FFE7D2010EE6E203FE00D8
:108A1000030D14FCF90313FB0FE409F30404E8F15C
:108A200005F8D3F004FBFBFDE5EBEE010027FFFDAD
:108A3000FE07032AF3EAFF08F9F80309F4251410E6
:108A4000FEFBF2F308FEF9F2EBED04FFE80D07116F
:108A5000F9F305F2F60900FB1B1001FD0710E1FA1E
:108A6000FB00FA0BECFFF908F509F11900110206F9
:108A70000DFE060EF30B07040116000BFFFE1E068B
:108A80000304F612FBFDFF0628B509E207FDF4FD1D
:108A900008EECB00030706F3F9CDF811F90BFB81C3
:108AA0000A3206060101F1FDF6E9F9FE000F0D0E8E
:108AB00004F9EDF10CFAF80305FE03002EFB03FBAD
:108AC00006190702CCFFF21D08F605FD0D090D027F
:108AD000FF0503000717F61BFB00010F03F4FC0161
:108AE0000202060200E708FF06FFF8F5FAFAF808A6
:108AF000FB021703F0FBF9F5F9FCFA01FAFCFE02A0
:108B0000C3C30EFFFEFAFEFFF4FFFB04F21DE0F804
:108B10000A05040B1EF8EF0103F9FDFCFAFDFC0742
:108B200000FCFF0FFCFDEAF80B01F7030505FBF85D
:108B3000EDFCF304FCFEF30DFEFF0A06FEF31DFD43
:108B40000911D1FB0A0AFE5EF7F0FB8100F404F87C
:108B50004DF70EFCF612060005EA07100DFB06FDA8
:108B6000202707EAF1FDC9010104DE06FD0C040D12
:108B700005F918F8FBF302F3F5EAF90AFDFFF4062C
:108B8000FF03F60AF0FE06E914FB0202ECE016FF12
:108B9000F8F001FE130AFD18F109FDFFE0240007BB
:108BA00007FB0408DA0500F1020100F607031DB90E
:108BB0000500F302FC05F105F80DD8FB08F60831B5
:108BC000F4EEDA0EFFEA04ED170512F52B04E9FEC8
:108BD00005FE2702E0FD130403F600D107EDF705BB
:108BE00019FD0852FA01F6F5070205FB06FE04110D
:108BF0000301FE09D50400F1BB04F8DDE8324D4263
:108C0000E2A54208DBE70015E2F91110071CD50BBD
:108C100025FA0DF41C16EBBFE6F5060BFDDB2C98D0
:108C2000F1EBFBF332D9020A052FD0FAEE0044F83B
:108C30000F051D09172B1AE5DBFF2CF1EAE90DF7EB
:108C4000F281DD1604FE0326DA05FDF511EEAF1103
:108C5000F4F1F714FE071A04F8EADCEEF5030EF15E
:108C6000201207F023FFFDF10E27EE00FD0ADB0DB9
:108C7000FA470DFCE6EDEDF8004913EA0F011E0F6F
:108C8000ED1E06F3F9FF1BFF020A030F0A152FF36F
:108C900003110EFD050E07F9030D111F140619B27D
:108CA000F905EFEB0C00ECFE02E7F118F712E0E437
:108CB000F1DEFF03001204D3F1F401FCF0EDF5BC8A
:108CC000DE25F5AF0BF10EF1F906F8E5310309B831
:108CD00002F3F8ECC0F0EB112917F2DB110DF808E4
:108CE000FC07F7F352E2F7001800DD04FA0500FC78
:108CF0006B01FBFE43F9EFF0C905361AFF02EEF8EF
:108D0000FBF8F4860C05E9E98100F013EBFC29027D
:108D1000080B0E0EF7062EFB650301F5FB07F4DAD0
:108D20002506FCE204160A07E7FADDF3F4F302096C
:108D3000CBD5FE0FFC1D050D0E07FF1CF9C0010170
:108D400007F402DE00FC0AF107FC1200FAF5F4F267
:108D5000F8FA01FBF808F4F41706EDF6FBFA07DB66
:108D600006EA110A2EFC1ED305F314FEF11AE9F3EC
:108D7000F5FD02FDD20CF5003DD5E21AEF028A0C9A
:108D8000DAD8F6A2ECE2D051F51B01DE0B63FA0C47
:108D90007F0DE05015F0083BF7EBF10A042FD87A6D
:108DA000D28CE1D6FCE0F8FBFC47A1E2E2DFF0E880
:108DB00006FEB1FDEDF40C1D50081B1DDC4EFF0D31
:108DC00007FAF61DDFE7F0B1FF130710F70AFFE11E
:108DD000F2E01B0A1F01DD22E04AEF151BF91529FD
:108DE000102E231322E406E3122D09EEF7E4FB23F1
:108DF00000F505121ED016FBEB05F930FF02EECF91
:108E0000C40B0124D6E42DFDD1D227FDADA208FF6D
:108E1000D62A0A1D0CFCD7160D0BECCFEBFDF91D65
:108E2000CBF80F4106E608DA34F2010BDEF4FDCC94
:108E30003BDE20F5EB0AEBC40CF83C21E2D521AE79
:108E40001D35D04F1255230A3BFF36FEF7E8F0ECF4
:108E500001A3CFCBD5A15ADF64E221F4D56B16ED87
:108E600009070145E5FBFBEEAEB4D711F7A1F48E7F
:108E7000FE44D60CFEFCBDEB0502B5E30616EA2D5A
:108E8000FB7F3EE5D2E11C181C26E9C18F00EDEF07
:108E9000EC0515DDFCC71A1CDDA9FCEC23EF1B5CFF
:108EA000A1D2CECEF1C80FDFEAFD0123EBC903EF5B
:108EB000E09A0C021E0BDD8F03C7E0EDC4E7E01162
:108EC0000B1C200207D9C0F64FEF110E02D6AB2FB4
:108ED00005EB04E2F5DCC70B16F8E714E8EFB4285D
:108EE000FCF1EF171501E825E33503C1FFEFC700DB
:108EF000F60BE0EAFEFA21E0DAFEE1FC39C2C10637
:108F0000511AB5220BFD2CF8EAFF12E8DEFE0334FD
:108F1000D53512C2EDF22A09FFCC1E18AC0920EC9F
:108F200004F12028FAEAF8E4DAE015EA05A938BEE7
:108F3000B1FFDBE023E9CE090A0316970002F1D75F
:108F4000E2241AC9D0EAEFFC211FF8D0B5F3E7F903
:108F5000F62611D3F7DAA309C9FE09EB01EFCF0A10
:108F6000BF07AB5DE5BA0AEF7FFBEC06FBECFCC389
:108F7000FFE508F7190EF0B3E3D5F20ABEFBF822BD
:108F8000000C0CFC18DA9D33ED07051D02CDE9FC41
:108F90000DE5FFE8111405CBF2011D25060DFF13A9
:108FA00003C1DC0D09FD0502141E1AFBD9EDEFFE0D
:108FB000000105E3F1DD1E0F0924DA81C1120F0360
:108FC0000C02190FE31C05EEFE02F12309E9F90674
:108FD000121E0208FDE3FE0A100F1CE7F7FA08361E
:108FE000031901E4FB1BE6DF0CF813A90D17431C62
:108FF00002510701FCEC15D013FFF70E12FEDD192C
:1090000000EBEAF4050B0A02FEDFFC07F8F314F2AA
:10901000A955CF0CE70AFDF3EF0A12EB05E810049F
:109020000D09111E14FF5B10FBE4EF35EB07F9FC93
:10903000F80BFE1317ECE0FF2A2908F903F4F5F307
:10904000F3F5E2E60D1409EC07F5F53606F51BF924
:109050001022F2D510F3031007ED110CF30C00E20F
:10906000E10200FDF6EFE8E514E8FCFBF70C230B4A
:10907000030E04F003FCF6DECBF3D0D6F9F6B00C09
:1090800000E1ECDAD006E2104454DEE816F5D8F040
:109090002183BFF11F3703D20505E82019E9ED66EA
:1090A00007B1202BF4BF43CFE7690AE9050932274E
:1090B0001D0958BEF9D816F315E319F5B1041FDFE1
:1090C000EE0CA816F1D7FAC4D10821DFE8FE81DD45
:1090D0000A03DF00DBF80DFF11FCFDE3DA1F1A0EB7
:1090E000FAF0DD2929FB1C0508190C1DFEF7ADF06F
:1090F000F5F6DDD4C8F1571ADFD00128E6053DC7E3
:10910000C839D30CEC070CFE23F30B3ACEF414EA67
:10911000FE09FD5D36E9EFFAEE0118BFFE1A040EF6
:10912000F21503360907FB06E10DF3CAD8FAF50478
:1091300039C349F40A2709EDC2EEEEC1ECEEFE1187
:10914000FE15FFE4EBF919F5BDEF30F1EEF7452A16
:1091500002E281E8FAE822F9E619150BECBC08EE08
:10916000CE2302F016F5D7C8E9CAF7F30019332069
:10917000FA3CF9F30ABAF7ED0619160616EEDBF01B
:10918000EA08140A4A1DFDE11FE20BE71DF2D3F0C5
:10919000E31B0474FB01FE2316F3FFF50CFC2EE821
:1091A0000E1C06F301F6050003C002050300F0F0F3
:1091B000DFFEF9132028FB03EE01F2061B00061464
:1091C000E100FADA0F22080BF807E91BF7021B0E81
:1091D0000EFCFEE6F704FC0EFB230AFADF21ED0489
:1091E00015F00AE209DA0F07F72314EEEDF3F1FBAD
:1091F00002F6E4EEFBF9F122EBFAEB0AE00323A816
:10920000F48126E3F744FC311314FFD5A1F6ECE812
:10921000DCDCF4CDB37008FD1115F59F2622180093
:10922000F6EDEA01D20F21C6C0DBFFF2CDFC12EF52
:10923000080316FDC5BBC4F964EACB1FF617361246
:109240001F08051E10FCEEE12F04DDBEF9F70DEE40
:10925000F6030FFFD7000D0E29D6C80201F9F10E53
:10926000E9FBFD171BFCDD0FDBF419EE0CDD12EA48
:1092700017E70FF0370F0608E91F1BFA07FF2C0B43
:1092800005FEF5FFFFED1701191509E2F60F231C86
:10929000F727FCFCEE002A11E80B0415FA3712142C
:1092A000FC0C0C00F80AFFE7F600DA3BF30310CEE3
:1092B00003DBF7F11EF1F30900E8E5FBF4FFD1F45D
:1092C00000F681E84205251EDABBFCD20E5339F9BF
:1092D0001CFB820D10C8FDE4FD1E01FBFB15F7D43D
:1092E00005FB36E704FEF6EAFEF6D501092E19C3A2
:1092F000040D04ACFEEFF20501AAF105180ED6FF2D
:10930000F60B14054BDEF31906FBFC070F27580775
:1093100001FF03FEFBEAF93F0CF7FFD6FC14FC0348
:1093200004A6FEF809D80BFB072B04F41CFA3B1F1C
:109330000AFBDAFF0804CF21E901F40AF002F3B3D3
:10934000AF0D241009B80D040402E1FEF2F1E5129C
:109350000C090EEE0AFAD708F4090B14F702010CF7
:109360009E09060AF41207FEE40E001506FC18FC1E
:10937000E4FEE2050AEEE510B5C9E3E6B9FAE6E176
:10938000F8C5D4E801BFF22CE5F3D83B0811ECD4C2
:10939000F0E9EC00E0D802E058D911200CFFFDFB09
:1093A000D700FDFB4FDA150B1017E60A01FF11126B
:1093B0000E0E1BF48D0502FCCF28AA1F0FEC28000F
:1093C000F3F4017FF1EAAA19CE23F513F505EE0AAD
:1093D00008E2ECF7DE1CABFCF3F60805D609EDF766
:1093E000FEFB00F0F60707CFDCFAEA1811E1E9F21C
:1093F00015FB0ADC205CE8F7051DFE10F2D513C64C
:10940000DBFF022A01080DE70DF01DFC1307E7271B
:10941000EE080EE81026182AA1E3DF0D041BF4DB8A
:10942000F8FC0A0E9A0A142CDA00B706F8D10900E3
:109430000BF8EC06F60CEAF81E1FEA81DFEF02FDDE
:1094400015F3F203EEFCFCF90B09FCFE010008F138
:10945000F908F61303FDF4F1FEFEFF00FDEB150520
:10946000FFFC060DF8F402F1EA00F2741108EF0AAD
:10947000FB02F7FDF5EAFB3201F8010B1710F9D7F3
:10948000D2FDFAFD0C0AFEF3F82413FF0DF0FCB830
:10949000AD261B0DE4010E0B070401040D0413E4BB
:1094A000080D0F000E150E12FEFB0AFE14F4150037
:1094B00007040110170FF7FF0303F132E6FDEEFC7E
:1094C000020EEF0CFF13F8E90F182BFEFCF6121A30
:1094D000FB37DCEBFDFC0B08FED302DA00F50A03D8
:1094E000E10CF7F9FAE6EBF8150A03E91A052A0385
:1094F000050803EFF1FD0BF9B12EF6EADF12CEF10C
:10950000F01FF0F545F22FAFAAC3151405F34E0670
:10951000B3E09BEA12E1ECD002173605F815C34719
:1095200081AB4FEB0BF96A14FC1AB511EE0A044239
:10953000072724ADF6FC0901F205EE0D0006FD102B
:10954000E5161D084B0407B7F4F60EF7160EB4E245
:10955000FAE307FCCDDA0D6F0900EDE5CAF53AE252
:10956000F7E7F8F214EAF9E6EDA9FFFFEFF9F5588D
:1095700010F30203FD0DE93CF9BCF80704F0FBA46D
:109580009B13FBE50830F9070DF4EBFEB6DDEFFAAF
:10959000FEE8EAEAF9E4F1E813F6F443B50BEEF677
:1095A00000F921D90A26EAFDD51F0EEBFD0CFE1AA3
:1095B0000BF20721FFF61FE902F202F4FCF302F7B7
:1095C000010FED01E7F8E3F5811A0016FA1909FB1E
:1095D000F7194DF005E3FFC002FBFFF4FFF9FE2A87
:1095E000DAF6220102F006D8F4E4F301F0110BD20E
:1095F00001FD0DD501E9F9FAF5BDFDF91E0BFAF1F2
:1096000001FDD004630A060100FEFFFAFB01EFF939
:10961000FF030F03F4C0F3EE0301FACCF8080FF9CF
:10962000FAD5FE01FFFEFC050BF5000407011AEA5E
:1096300007F90FFBF80B050FFAFE10F8F9FFF70416
:10964000390A050404260907FFF608F7F9FD16FC98
:109650000CFE09050A060DFA000C08FCF106FFFFD6
:10966000F2FB09FEFFFB12FDF40402FCEFFFEF0D1D
:109670000E11FBFFFDFDF6060CFBECF412D6FA45CD
:10968000F4FBEF01FCE8F7150402F21719F3018D62
:10969000F10708F3B6DDEAFD17F809F7FFFCF5F36B
:1096A0000C0607127FEDF9FD020C03F804FC06031B
:1096B00006FF10FC1C0BFC0ABAFBFA0AFFF710F2BB
:1096C00005E9FECF0104D606C405F60F0B0705FC1D
:1096D00000FEFBFF03F9E4FAFBFE0A05FCF5FEF8C9
:1096E0002BF2F40AF4F80B010004EE06EEFFFFFC87
:1096F00003C4FA11E6080104FC08FF07031A06EA8E
:1097000006030814F2FCDE06F9E90503080300FC71
:10971000FCF70A080408FD0B20F503F7F805F5ED42
:1097200000D1FA00010019ECFAFE03FF07E5F70487
:1097300016EC01F9EB0407FCD91217EEE6FEEF0D6B
:10974000F426E6F1F5EA1DF302FD11F30E16FEE331
:109750001B4FE8200CE51805CAE8FD00FB55FF2665
:1097600006EBE20809F7102681D8163148FFD3F43A
:1097700019E516FEF6FF11DA3A1A1151EFFDDB0E6C
:10978000EF23171BE402F304DE00FFD402F9FD0708
:10979000FFCB2FE30BEE261BF83F0401FB14F7F37E
:1097A00037F829E0EF01FFF308F2F3FA3CA6F20DD7
:1097B0000E0FFEF21A0604F71F02FBFA100FF30554
:1097C000D8070DE0FFEAFBED1FE3110BF5F5EC0503
:1097D000000F0BD4FDF608FAECF519F602FF0B01A9
:1097E0000CF90D120AF610F418F406E8FD0EEEF866
:1097F000F31900FCE3F9FBE9DC19B7D381ECE80BC2
:10980000B5EFEFD3D90A24BEF0E540FFCD00D81D57
:10981000E6EC1AD606E7EBF8E8D3EEEFADE5E70E97
:10982000F21390E3090CF7BC0F03E122FD0628D0E8
:10983000045BD4E504A1EC1B03F50DF1DBEDD302D1
:1098400095EA1F0D1915E7FF20B7C30E18F51FF590
:109850000B26F84808F8E6E8FF0302FC02FE32ACEB
:10986000ED0EEE19F10BD4121E04EF19EEF310EC0D
:10987000FCFAC6F1111513E457EF031509FA0DF4BC
:109880001BE20BB5ECDEF5F40DFB0FF3FFEFED1073
:10989000C4DBE9ECE72A24FCFFDCFAEA08E6CD02A7
:1098A000F6F2EFFAFFDD081AFF24DEF9E2FCDF0F23
:1098B000F112E8170D1D091114F2447F1A161FFD4D
:1098C000EF020B46F50826FEF8142C0BE3FAE0FC39
:1098D00026ECF7EF1A1DFA01F9D8F636D5123EE953
:1098E000F718F50BFFFE0D41FC05E9F0F00CFCFF4D
:1098F00003E5FEEF1B4EEED3F3F310160ACD0A0E6E
:10990000C5F8E2E7E7F5C817FFD5E4FA08FBDFAAD8
:109910009E1123EAAF10ECF3E9F1DD12C3FB17EE61
:1099200003F4FAF5EEF1CDBE08F7ECBE00FFDD0A58
:10993000ED11F3FEE3D2F807061502B91AF0FB01A8
:10994000E60A14FB0E0F081400FCF5F10E1E08D5F4
:10995000F8C8D4FEF6F7FCD502250128C0C60906D2
:10996000E4F4E7F000F4D30017FD0E3A01EEF9FC41
:10997000DFEDEB2C09010910F0DEF8FDFB00EBFA3E
:109980000408CDFE1B190906D71DFBFFF50DE5F5F3
:109990000E2981E3F7CC15ECEAF9E7FCFF180C0F70
:1099A000E1CCF624EEE70D0811F9D80933AE10C367
:1099B000F601F2C7EAEEF5FEFF0BF410B1F9C52788
:1099C00004FE1803F789F004F115EF38F2F826EEDB
:1099D000F3FB23EAF8F60A0CFCD6300CF9EEF90199
:1099E000000603F2EBE003EEF413FBFD60A5F5FEC9
:1099F000FA0807FF0D0BE500F7F5F4ECFB0607F896
:109A0000EE0A1A09FDF2060007FF000FE6DD02FF6D
:109A1000FB0DFAE8E007FAFFF6FD10F505F5E40C9A
:109A2000FCF0040006F3080106200AF7F8FCF6FB38
:109A300001FA01EDF8FD00F79607EE0426114F1626
:109A4000F92C91D8E4111827D40B12CAF3262E044E
:109A5000C61EC8F826F1FFB7EC102EE4F10FFCCAC1
:109A600012213C2501E3F2EB1109D40BED080F1193
:109A700022F91CE7F91FF84C091E06101D06C4F850
:109A80001908FC021F1BDAC21D1A7008FB52CC0C0D
:109A9000032823A1F02CFC45F5EE05810131FBDC08
:109AA0000109EDFA0119021B0AEDFBC8061A1DE0B7
:109AB000F401F40F381BF234D1087803E60E121CBF
:109AC000C92B9EFEFA253022270011E70A1C3A1303
:109AD000010003ECFAFAE4FCFB4A06E81D250F102E
:109AE0003FCF090CF23005FAF22DFF10F3F91CDA22
:109AF00008E800C10E061524FFFFD203FCFF020098
:109B00000100FFFD0100FFF702F8000001FD240045
:109B1000FF03FE0404FC02020401FF025FBA02001C
:109B200060FC0005000006020500FD0105FB01FFC9
:109B30000003FBA101FF06F503000102FFFF000384
:109B400001FD0100FEFDFC020101F90101FF01140C
:109B50009C0110030305FC010003FF1100FEFDFC46
:109B600004FEFF03FD6CFF0008FE010101FC00FF85
:109B7000001AFDFE03D100FB0700FEFEFDFEDC0027
:109B8000020381FC000001FFFCFD00FB000001FE60
:109B900081014A04FF00060AF5FE0732F703F900C7
:109BA000FD04FB160709FFF900FAFA010000FF05A2
:109BB00002F8FF11DC00F9FCF9AE04FCFA01B9FC73
:109BC000E4F9FE02FC13FBFEFE0700000004F503AF
:109BD00000000303FD070C2601D0FE04F2FD0E0277
:109BE00002FD06010C0301010001FEF807A7FD2993
:109BF00000ED400404FD18FFFD02F4FF0FEEFD052B
:109C000001050D64FCFF100202FAE404FE0FFE02DF
:109C1000D8FDFAFE01F8FB0AFDFF02023DED03FD4F
:109C2000000205000506028104F5FE18000504FF88
:109C3000FD01FAFE04F7FFFFF9FFFCFD0D00FDFE3C
:109C4000F103FF1F0401FD00F500FF02187A03FF76
:109C5000F90CFD13FF00FFFAFFFD021303F90402E4
:109C60000D01D1FFEDFD01F901FEFAE90100060148
:109C7000F008FC690E4209FC01040404FF0411FD14
:109C800000FEFE0AF20CFFF8070103FD0103F902D2
:109C9000FDFAFCFDF4FA01FD02FFFF0199FB09FD4D
:109CA000FD010A0DFDFCFFFCF601FF0401FD0003B0
:109CB000FA0010FA01FD0204FFFBF9EBFE02FF01BE
:109CC000FDFF0719F3FC0200FEFAFEFB0001FDFE9A
:109CD000FFFB02A810FC0000FD1501FD01FCE7FCE4
:109CE000F13101FFFE06FFFFFFFFFE0107FF01014B
:109CF00000FE81FDFE00FCFC01F90000FC02FFFFFC
:109D0000FEFB01F5E6FEF70002F201FFFDEBF1F8C4
:109D1000FFFCF5FDFF02F600FFFF09FC00F8F00173
:109D20000000FDD8050005FF0000FFFD02FF00FE5A
:109D3000FE050104FE01FD001804FED61E3C1EE9CE
:109D4000210315F30653DA32CDEBEB6A00E9F4F4A4
:109D5000132ED003E6EA4906D6FBD5BB150303E074
:109D60001213F6090CF9D7DBBB14DABB57241A1B04
:109D7000D62FD30EB7FC0CF3C5FFF8D21CA32E17B9
:109D800009C000374302CDDDE408DFF5DCD005E291
:109D900012DAE6EF353481E307F3B303CE2FF8048C
:109DA000DED1F924CA14FCF4CFBFB9FBFFECD5F91E
:109DB000C6E529170516DDFA0BFFF5D830E4E4F007
:109DC00012EB0F1AE042FFD512FE0AFF0308F90555
:109DD00011D60F020025FF13F505022B08F806FF28
:109DE000F3F601040AF9EE0604000BF70503290156
:109DF0000907FEFF12000309011017FF0B08FE10F0
:109E0000F7060D0820072DFFFCFFFDFE040023EAE6
:109E1000030004B203090508FB14060402FD0D0843
:109E200008060205090BF503E1120303FD210012E8
:109E3000FFFF0226030707E400FFFFAF1207F80346
:109E4000ED061D0F15FF0603FEF908FD030101FADB
:109E500005FE0C00007F00FC0001C50004FFFBFDB7
:109E6000030001000302000500F600FEFEFE39FDBE
:109E700000060201FFFE010109FE02014181FF010E
:109E8000CD050003FE0101FE0201FD00FEFE010101
:109E90000100F8BBFAFD045600FD03E7F700FE00E1
:109EA000FE00F702FFFEFB0401FBFE0000FFF8F9D5
:109EB00031FF1B030109FEFE000003FF000101FE4C
:109EC00004FEFEFF0471FF010DFBFBFFFFFEFE0120
:109ED000032E01FD0897FEFFFA02FEFEFDFCD4FFF3
:109EE0000005ABFD04FB0903F83800FB00F100FDA1
:109EF000E4FF250300FA0BFC00000502810000D8F6
:109F000002FE00FE0003FFFE000F000100FFFF073E
:109F1000FFFD1B00BC0102FFFFAB0100FD0003F3CE
:109F20002F00FF00014AFC000001020002FFFA01BD
:109F3000FE010102FCFF0017FFEFFE00F9FFFF002A
:109F4000FF0001FE0001FBFF00FE01FF01FCFF110D
:109F50000105D356FFFF0A00FF000001FB39DB03B8
:109F6000FF00C1F9F400FEFAFE00050302C1FF0084
:109F70000EF9FF01FFF901FA330004000800FFFFAA
:109F8000FF01FFFFFF010005FF09010D01FFFE00BA
:109F900000FD000001050003FFFE0202FE060101B4
:109FA000FFF6001E01FE2A01FF030001FD01000172
:109FB000FF0404FD030006F40000FFB009EDFE01FC
:109FC0009802F70008F4FB0000FEFD7FFEFF03018E
:109FD0000103FF67FFCF0100FEFFFF02000DF30149
:109FE000FFFEFF0AF10300000703FF000103F70370
:109FF000010114000400030101000200FEFD03FF43
:10A00000FE0100FC0004FF008101FE00FD040000D1
:10A0100000FEF7FEFEFD01FEFD00FAFFFE00000659
:10A02000FDFDFF00FE0100FCFFFE0004FFFF00FF3E
:10A0300000220402FEFFEC01FBF3FEFC01FE000126
:10A040000D0501FEFDFEF20000FFF10002FE02FF21
:10A0500002FDFEFF03FEFEFFFE00FFFF00FFFFFF0D
:10A0600000FB01F401FFFF00FEFFFF00FFF7FE030E
:10A07000FFFBFFDDFF00FEFF00FF00FF00FC3E03D3
:10A08000FF00CEFFFF010200FF01FE0000FA00FF0B
:10A09000FE54FF0300FC01FFF2FFF5E3FF30E2DCBA
:10A0A000FFFDFFD80609E0E7D8EBD0AC0EF8ED09CC
:10A0B000D8F6D5E3C93D2F15D3EBC3260F12F5D63D
:10A0C000F73CE6F703F132E2C802B8E71019FDDA0F
:10A0D00000E8CC0CC013F018E0143F233AC223313F
:10A0E00028E6E5031CB4CECAD1C7DB29E5E1DEDCF6
:10A0F000F7F4E2FF000EF2D607AD1201DEBAB9C2E4
:10A10000E0EF0D03D7FECDFFDDD8FEF4CE1010F644
:10A110002EE40BE88117D83F3FFCD0D4F4FBEDF4DC
:10A12000DA02F30ADDF409E4F3FCFE02021AF7F99D
:10A1300002EBF8EF0704F206CB01E7EE1508FD0D80
:10A14000F4FAFCF3F32A053306E3F210FFFABCF944
:10A15000FA05EE000AF70B0C0106FAFFF10217F6FA
:10A160001DFDF703120B0E0FF723281D07016FA427
:10A1700008EB07D3FE02E3F202FDFEFCF702FA064B
:10A18000FCFBFBF8FFFF20FDAE00DA01F9FFE8F170
:10A1900000FD0C06020CEDA7FFFFDE91F60915008D
:10A1A0004F040905F90BFA0B0ACEFEE50106008102
:10A1B000F10A0BFDC84D03EAFCFD89F8FE00000220
:10A1C000FC00FE001F020300F7DCFCFFF50051EF6E
:10A1D0000205FF03010201FF0301FDF9029C04FFD8
:10A1E000F200FA030FFAFBF9FBFC0100010400FA8C
:10A1F000FEFE00D5FF020903FC0300020300070274
:10A20000010D02000300FEFD00FF00FE00FE06EB54
:10A2100018000D03FEFE02F6FF00067FFFF801FFA7
:10A220000002FEFE00EE020100FF0403F9FC0BF940
:10A230000021F3FDFEFDF612FE01FC01FF0201000C
:10A24000FC141CC601FFD305003CFEFE00FFFD010F
:10A2500007FF0103FEFDF202FFFEF7FA8100FE9602
:10A26000FCFFFBFC00FE00FE0012E8FD01F603F01F
:10A27000FFFF2807B80203FF1BD706FFFF02000FEE
:10A2800029FF00FFF43FFDFFFE0400FC0B00FA0372
:10A2900001FCFC0105FF011901FDFB04FFFE2B027F
:10A2A000000001020402FE01FF0006FCFF09F207A4
:10A2B0000003050900FD0F0100FEFF050D17F50362
:10A2C00002FDE1FC00FE0601F90211FD009900FD0E
:10A2D00009F80002FF02DCFB07FEFB0504FDFFFEA0
:10A2E000FB010203F5FAFF0B047F07F90101FF02EE
:10A2F0000704050203060501FF04F604F801010541
:10A3000001FE01F7FF000002F003020100FB010261
:10A310000603FEF9FA02DBFD0300EA08EEFD06FC87
:10A320000A050C01FF08FAFE050302FC0205FF0402
:10A33000FE040312030304020002FCFA0407120BDA
:10A34000FDFFFE050102FF00FF04FB00FC00EE0420
:10A35000F8082F0215FEFF02FC0011FE03FD08FFA6
:10A3600005EA03D303FE0A020B0100FF00FD00040F
:10A3700009000601020200FEFEFCDC0400000006EB
:10A3800002FDFF00FF04010000FC00F800010102D3
:10A3900001C505FEFD00FE00FE04FFFFFE00FEFFFE
:10A3A000FBF1FF0002F7080102FFF900FE00FCFDCF
:10A3B00003080B000001000AFFFB03FD0200FA0086
:10A3C00000F600F9FF02FF0000FE00FFFFFA02F2B4
:10A3D0000102080100000101FE00FF00FEEBFDECA0
:10A3E000FF0081FFDF0000000201CEFC0201FCFF44
:10A3F000FD30FF020101FA03EE03F6F51CF9EEE56C
:10A4000004FE02EF38FBFEEEE927D6E60303F5086B
:10A41000FF1CDC05DDDEE820E7E2EDEEFD0E13F7C4
:10A42000FDFDE10EFCD80D00ECE7D4F0F904FAE4F0
:10A4300001F9E2F7DE0281FFED1B0BF6FEE0E91009
:10A44000F638F6FD06F3F2E5ECE2E9FFF8F710EF77
:10A45000FBFCE80F0B0BF9E1FECE0BFAF3EAF7E990
:10A46000EDF6F9DFE7F7EC04EEECECF7D1F40831A8
:10A4700007F8DEF4F601FA18F502DFDAFBF9F7FC6B
:10A48000F01CF333EAF42CF3FF04FF03FEFF09FC96
:10A49000040400FA16FE0202D7FAFEFF0CAC040E0A
:10A4A000FBFBFC05F8F1FC79FFED07F704009BFBD3
:10A4B0000300F60106FC0C0813FFF6FEFFFCFFFF8D
:10A4C00009FEFE070E0305FDF61C09FB0200FBDD7D
:10A4D000FF0A02F1FF00FCF8FFFFF70100FD060094
:10A4E00008FFFC03ED061104D900F306FCFE05FB92
:10A4F000FF0202FC0000FDC1FF03FFCCF8000A0AC6
:10A500000E00FF0200FD0704031B01EF00030081A2
:10A51000F80B0300E01207F8EF3EFF1F8000001663
:10A52000A0000C00680C0020A000430200500000B6
:10A5300003000300B83501000200330009000000E9
:10A54000500006000000000000001500500006004A
:10A5500068FC002050000300000000000001000122
:10A56000F9FF0000BE1A0000000000000000020217
:10A570000000000005000000011300008001000140
:10A580000300000000000000A40100010000000022
:10A5900092C10200C8010001000000C0000000C01C
:10A5A000F0000000000100008400000068AC002002
:10A5B00094000001CA35010001003300C80000000A
:10A5C00000000100D0000002000001030317010099
:10A5D00001020000F0000000000100008000000106
:10A5E000A0000D004813002094000001B8350100C0
:10A5F00002003300B000000048FE0020BC00000054
:10A6000000010000C800000000000000D0000002AF
:10A61000000000000500000001130000F000000031
:10A62000000100008400000048B3002094000001F5
:10A63000CA35010001003300C8000000000001001D
:10A64000D000000200000103031701000102000016
:10A65000F00000000001000084000000C81A002083
:10A6600094000001B835010002003300B000000082
:10A6700028000120C800000000000000D0000002F7
:10A68000000000000500000001130000F0000000C1
:10A690000001000084000000C8BA002094000001FE
:10A6A000CA35010001003300C800000000000100AD
:10A6B000D0000002000001030317010001020000A6
:10A6C000F00000000001000084000000482200208B
:10A6D00094000001B835010002003300B000000012
:10A6E00008020120C800000000000000D0000002A5
:10A6F000000000000500000001130000F000000051
:10A70000000100008400000048C200209400000105
:10A71000CA35010001003300C8000000000001003C
:10A72000D000000200000103031701000102000035
:10A73000F00000000001000084000000C829002093
:10A7400094000001B835010002003300B0000000A1
:10A75000E8030120C800000000000000D000000253
:10A76000000000000500000001130000F0000000E0
:10A770000001000084000000C8C90020940000010E
:10A78000CA35010001003300C800000000000100CC
:10A79000D0000002000001030317010001020000C5
:10A7A000F00000000001000084000000483100209B
:10A7B00094000001B835010002003300B000000031
:10A7C000C8050120C800000000000000D000000201
:10A7D000000000000500000001130000F000000070
:10A7E000000100008400000048D100209400000116
:10A7F000CA35010001003300C8000000000001005C
:10A80000D000000200000103031701000102000054
:10A81000F00000000001000084000000C8380020A3
:10A8200094000001B835010002003300B0000000C0
:10A83000A8070120C800000000000000D0000002AE
:10A84000000000000500000001130000F0000000FF
:10A850000001000084000000C8D80020940000011E
:10A86000CA35010001003300C800000000000100EB
:10A87000D0000002000001030317010001020000E4
:10A88000F0000000000100008400000048400020AB
:10A8900094000001B835010002003300B000000050
:10A8A00088090120C800000000000000D00000025C
:10A8B000000000000500000001130000F00000008F
:10A8C000000100008400000048E000209400000126
:10A8D000CA35010001003300C8000000000001007B
:10A8E000D000000200000103031701000102000074
:10A8F000F00000000001000084000000C8470020B4
:10A9000094000001B835010002003300B0000000DF
:10A91000680B0120C800000000000000D000000209
:10A92000000000000500000001130000F00000001E
:10A930000001000084000000C8E70020940000012E
:10A94000CA35010001003300C8000000000001000A
:10A95000D000000200000103031701000102000003
:10A96000F00000000001000084000000484F0020BB
:10A9700094000001B835010002003300B00000006F
:10A98000480D0120C800000000000000D0000002B7
:10A99000000000000500000001130000F0000000AE
:10A9A000000100008400000048EF00209400000136
:10A9B000CA35010001003300C8000000000001009A
:10A9C000D000000200000103031701000102000093
:10A9D000F00000000001000080000001A00009005C
:10A9E000C856002094000001B83501000200330071
:10A9F000A000000050000400AC0000015000040062
:10AA0000280F0120BC00000000010100C800000068
:10AA100000000000D000000200000000050000005F
:10AA200001130000F000000000010000840000009D
:10AA3000C8F6002094000001CA350100010033006F
:10AA4000C800000000000100D00000020000010367
:10AA50000317010001020000F000000000010000E7
:10AA600080000001A0000C00680C00209400000190
:10AA7000D335010002003300A000000050000600A2
:10AA8000AC0000015000060068100120BC0000006E
:10AA900000010001C4000001A555000000000000F5
:10AAA000D0000002000000000500000001130000BB
:10AAB000A8010000229F0000F0000000000100003B
:10AAC0008400000068AC002094000001E53501001E
:10AAD00001003300C800000000000100D0000002A7
:10AAE000000001030317010001020000F000000054
:10AAF0000001000080000001A0000D0048130020AC
:10AB000094000001D335010002003300B0000000C2
:10AB100048120120BC00000000010000C800000035
:10AB200000000000D000000200000000050000004E
:10AB300001130000F000000000010000840000008C
:10AB400048B3002094000001E53501000100330006
:10AB5000C800000000000100D00000020000010356
:10AB60000317010001020000F000000000010000D6
:10AB700084000000C81A002094000001D3350100B1
:10AB800002003300B000000028140120C8000000BB
:10AB900000000000D00000020000000005000000DE
:10ABA00001130000F000000000010000840000001C
:10ABB000C8BA002094000001E5350100010033000F
:10ABC000C800000000000100D000000200000103E6
:10ABD0000317010001020000F00000000001000066
:10ABE000840000004822002094000001D3350100B9
:10ABF00002003300B000000008160120C800000069
:10AC000000000000D000000200000000050000006D
:10AC100001130000F00000000001000084000000AB
:10AC200048C2002094000001E53501000100330016
:10AC3000C800000000000100D00000020000010375
:10AC40000317010001020000F000000000010000F5
:10AC500084000000C829002094000001D3350100C1
:10AC600002003300B0000000E8170120C800000017
:10AC700000000000D00000020000000005000000FD
:10AC800001130000F000000000010000840000003B
:10AC9000C8C9002094000001E5350100010033001F
:10ACA000C800000000000100D00000020000010305
:10ACB0000317010001020000F00000000001000085
:10ACC000840000004831002094000001D3350100C9
:10ACD00002003300B0000000C8190120C8000000C5
:10ACE00000000000D000000200000000050000008D
:10ACF00001130000F00000000001000084000000CB
:10AD000048D1002094000001E53501000100330026
:10AD1000C800000000000100D00000020000010394
:10AD20000317010001020000F00000000001000014
:10AD300084000000C838002094000001D3350100D1
:10AD400002003300B0000000A81B0120C800000072
:10AD500000000000D000000200000000050000001C
:10AD600001130000F000000000010000840000005A
:10AD7000C8D8002094000001E5350100010033002F
:10AD8000C800000000000100D00000020000010324
:10AD90000317010001020000F000000000010000A4
:10ADA000840000004840002094000001D3350100D9
:10ADB00002003300B0000000881D0120C800000020
:10ADC00000000000D00000020000000005000000AC
:10ADD00001130000F00000000001000084000000EA
:10ADE00048E0002094000001E53501000100330037
:10ADF000C800000000000100D000000200000103B4
:10AE00000317010001020000F00000000001000033
:10AE100084000000C847002094000001D3350100E1
:10AE200002003300B0000000681F0120C8000000CD
:10AE300000000000D000000200000000050000003B
:10AE400001130000F0000000000100008400000079
:10AE5000C8E7002094000001E5350100010033003F
:10AE6000C800000000000100D00000020000010343
:10AE70000317010001020000F000000000010000C3
:10AE800084000000484F002094000001D3350100E9
:10AE900002003300B000000048210120C80000007B
:10AEA00000000000D00000020000000005000000CB
:10AEB00001130000F0000000000100008400000009
:10AEC00048EF002094000001E53501000100330047
:10AED000C800000000000100D000000200000103D3
:10AEE0000317010001020000F00000000001000053
:10AEF00080000001A0000900C85600209400000155
:10AF0000D335010002003300A0000000500004000F
:10AF1000AC0000015000040028230120BC00000008
:10AF200000010100C800000000000000D000000285
:10AF3000000000000500000001130000F000000008
:10AF40000001000084000000C8F600209400000109
:10AF5000E535010001003300C800000000000100D9
:10AF6000D0000002000001030317010001020000ED
:10AF7000F00000000001000080000001A0000C00B3
:10AF8000680C002094000001EE350100020033003F
:10AF9000A000000050000600AC00000150000600B8
:10AFA00068240120BC00000000010001C400000171
:10AFB0006944000000000000D00000020000000012
:10AFC0000500000001130000A801000095FF00002B
:10AFD000F0000000000100008400000068AC0020C8
:10AFE000940000010036010001003300C800000099
:10AFF00000000100D000000200000103031701005F
:10B0000001020000F00000000001000080000001CB
:10B01000A0000D004813002094000001EE3501004F
:10B0200002003300B000000048260120BC000000F0
:10B0300000010000C800000000000000D000000275
:10B04000000000000500000001130000F0000000F7
:10B05000000100008400000048B3002094000001BB
:10B060000036010001003300C800000000000100AC
:10B07000D0000002000001030317010001020000DC
:10B08000F00000000001000084000000C81A002049
:10B0900094000001EE35010002003300B000000012
:10B0A00028280120C800000000000000D000000295
:10B0B000000000000500000001130000F000000087
:10B0C0000001000084000000C8BA002094000001C4
:10B0D0000036010001003300C8000000000001003C
:10B0E000D00000020000010303170100010200006C
:10B0F000F000000000010000840000004822002051
:10B1000094000001EE35010002003300B0000000A1
:10B11000082A0120C800000000000000D000000242
:10B12000000000000500000001130000F000000016
:10B13000000100008400000048C2002094000001CB
:10B140000036010001003300C800000000000100CB
:10B15000D0000002000001030317010001020000FB
:10B16000F00000000001000084000000C829002059
:10B1700094000001EE35010002003300B000000031
:10B18000E82B0120C800000000000000D0000002F1
:10B19000000000000500000001130000F0000000A6
:10B1A0000001000084000000C8C9002094000001D4
:10B1B0000036010001003300C8000000000001005B
:10B1C000D00000020000010303170100010200008B
:10B1D000F000000000010000840000004831002061
:10B1E00094000001EE35010002003300B0000000C1
:10B1F000C82D0120C800000000000000D00000029F
:10B20000000000000500000001130000F000000035
:10B21000000100008400000048D1002094000001DB
:10B220000036010001003300C800000000000100EA
:10B23000D00000020000010303170100010200001A
:10B24000F00000000001000084000000C838002069
:10B2500094000001EE35010002003300B000000050
:10B26000A82F0120C800000000000000D00000024C
:10B27000000000000500000001130000F0000000C5
:10B280000001000084000000C8D8002094000001E4
:10B290000036010001003300C8000000000001007A
:10B2A000D0000002000001030317010001020000AA
:10B2B000F000000000010000840000004840002071
:10B2C00094000001EE35010002003300B0000000E0
:10B2D00088310120C800000000000000D0000002FA
:10B2E000000000000500000001130000F000000055
:10B2F000000100008400000048E0002094000001EC
:10B300000036010001003300C80000000000010009
:10B31000D000000200000103031701000102000039
:10B32000F00000000001000084000000C847002079
:10B3300094000001EE35010002003300B00000006F
:10B3400068330120C800000000000000D0000002A7
:10B35000000000000500000001130000F0000000E4
:10B360000001000084000000C8E7002094000001F4
:10B370000036010001003300C80000000000010099
:10B38000D0000002000001030317010001020000C9
:10B39000F00000000001000084000000484F002081
:10B3A00094000001EE35010002003300B0000000FF
:10B3B00048350120C800000000000000D000000255
:10B3C000000000000500000001130000F000000074
:10B3D000000100008400000048EF002094000001FC
:10B3E0000036010001003300C80000000000010029
:10B3F000D000000200000103031701000102000059
:10B40000F00000000001000080000001A000090021
:10B41000C856002094000001EE3501000200330000
:10B42000A000000050000400AC0000015000040027
:10B4300028370120BC00000000010100C800000006
:10B4400000000000D0000002000000000500000025
:10B4500001130000F0000000000100008400000063
:10B46000C8F60020940000010036010001003300FE
:10B47000C800000000000100D0000002000001032D
:10B480000317010001020000F000000000010000AD
:10B4900080000001A0000C00680C00209400000156
:10B4A0000936010002003300A00000005000060031
:10B4B000AC0000015000060068380120BC0000000C
:10B4C00000010001C40000011F080000000000008E
:10B4D000D000000200000000050000000113000081
:10B4E000A801000011410400F0000000000100006C
:10B4F0008400000068AC0020940000011B360100AD
:10B5000001003300C800000000000100D00000026C
:10B51000000001030317010001020000F000000019
:10B520000001000080000001A0000D004813002071
:10B53000940000010936010002003300B000000051
:10B54000483A0120BC00000000010000C8000000D3
:10B5500000000000D0000002000000000500000014
:10B5600001130000F0000000000100008400000052
:10B5700048B30020940000011B3601000100330095
:10B58000C800000000000100D0000002000001031C
:10B590000317010001020000F0000000000100009C
:10B5A00084000000C81A0020940000010936010040
:10B5B00002003300B0000000283C0120C800000059
:10B5C00000000000D00000020000000005000000A4
:10B5D00001130000F00000000001000084000000E2
:10B5E000C8BA0020940000011B360100010033009E
:10B5F000C800000000000100D000000200000103AC
:10B600000317010001020000F0000000000100002B
:10B610008400000048220020940000010936010047
:10B6200002003300B0000000083E0120C800000006
:10B6300000000000D0000002000000000500000033
:10B6400001130000F0000000000100008400000071
:10B6500048C20020940000011B36010001003300A5
:10B66000C800000000000100D0000002000001033B
:10B670000317010001020000F000000000010000BB
:10B6800084000000C8290020940000010936010050
:10B6900002003300B0000000E83F0120C8000000B5
:10B6A00000000000D00000020000000005000000C3
:10B6B00001130000F0000000000100008400000001
:10B6C000C8C90020940000011B36010001003300AE
:10B6D000C800000000000100D000000200000103CB
:10B6E0000317010001020000F0000000000100004B
:10B6F0008400000048310020940000010936010058
:10B7000002003300B0000000C8410120C800000062
:10B7100000000000D0000002000000000500000052
:10B7200001130000F0000000000100008400000090
:10B7300048D10020940000011B36010001003300B5
:10B74000C800000000000100D0000002000001035A
:10B750000317010001020000F000000000010000DA
:10B7600084000000C8380020940000010936010060
:10B7700002003300B0000000A8430120C800000010
:10B7800000000000D00000020000000005000000E2
:10B7900001130000F0000000000100008400000020
:10B7A000C8D80020940000011B36010001003300BE
:10B7B000C800000000000100D000000200000103EA
:10B7C0000317010001020000F0000000000100006A
:10B7D0008400000048400020940000010936010068
:10B7E00002003300B000000088450120C8000000BE
:10B7F00000000000D0000002000000000500000072
:10B8000001130000F00000000001000084000000AF
:10B8100048E00020940000011B36010001003300C5
:10B82000C800000000000100D00000020000010379
:10B830000317010001020000F000000000010000F9
:10B8400084000000C8470020940000010936010070
:10B8500002003300B000000068470120C80000006B
:10B8600000000000D0000002000000000500000001
:10B8700001130000F000000000010000840000003F
:10B88000C8E70020940000011B36010001003300CE
:10B89000C800000000000100D00000020000010309
:10B8A0000317010001020000F00000000001000089
:10B8B00084000000484F0020940000010936010078
:10B8C00002003300B000000048490120C800000019
:10B8D00000000000D0000002000000000500000091
:10B8E00001130000F00000000001000084000000CF
:10B8F00048EF0020940000011B36010001003300D6
:10B90000C800000000000100D00000020000010398
:10B910000317010001020000F00000000001000018
:10B9200080000001A0000900C8560020940000011A
:10B930000936010002003300A0000000500004009E
:10B94000AC00000150000400284B0120BC000000A6
:10B9500000010100C800000000000000D00000024B
:10B96000000000000500000001130000F0000000CE
:10B970000001000084000000C8F6002094000001CF
:10B980001B36010001003300C80000000000010068
:10B99000D0000002000001030317010001020000B3
:10B9A000F00000000001000080000001A0000C0079
:10B9B000680C0020940000012436010002003300CE
:10B9C000A000000050000600AC000001500006007E
:10B9D000684C0120BC00000000010001C40000010F
:10B9E0002818000000000000D00000020000000045
:10B9F0000500000001130000A801000008D30100A9
:10BA0000F0000000000100008400000068AC00208D
:10BA1000940000013636010001003300C800000028
:10BA200000000100D0000002000001030317010024
:10BA300001020000F0000000000100008000000191
:10BA4000A0000D00481300209400000124360100DE
:10BA500002003300B0000000484E0120BC0000008E
:10BA600000010000C800000000000000D00000023B
:10BA7000000000000500000001130000F0000000BD
:10BA8000000100008400000048B300209400000181
:10BA90003636010001003300C8000000000001003C
:10BAA000D0000002000001030317010001020000A2
:10BAB000F00000000001000084000000C81A00200F
:10BAC000940000012436010002003300B0000000A1
:10BAD00028500120C800000000000000D000000233
:10BAE000000000000500000001130000F00000004D
:10BAF0000001000084000000C8BA0020940000018A
:10BB00003636010001003300C800000000000100CB
:10BB1000D000000200000103031701000102000031
:10BB2000F000000000010000840000004822002016
:10BB3000940000012436010002003300B000000030
:10BB400008520120C800000000000000D0000002E0
:10BB5000000000000500000001130000F0000000DC
:10BB6000000100008400000048C200209400000191
:10BB70003636010001003300C8000000000001005B
:10BB8000D0000002000001030317010001020000C1
:10BB9000F00000000001000084000000C82900201F
:10BBA000940000012436010002003300B0000000C0
:10BBB000E8530120C800000000000000D00000028F
:10BBC000000000000500000001130000F00000006C
:10BBD0000001000084000000C8C90020940000019A
:10BBE0003636010001003300C800000000000100EB
:10BBF000D000000200000103031701000102000051
:10BC0000F000000000010000840000004831002026
:10BC1000940000012436010002003300B00000004F
:10BC2000C8550120C800000000000000D00000023C
:10BC3000000000000500000001130000F0000000FB
:10BC4000000100008400000048D1002094000001A1
:10BC50003636010001003300C8000000000001007A
:10BC6000D0000002000001030317010001020000E0
:10BC7000F00000000001000084000000C83800202F
:10BC8000940000012436010002003300B0000000DF
:10BC9000A8570120C800000000000000D0000002EA
:10BCA000000000000500000001130000F00000008B
:10BCB0000001000084000000C8D8002094000001AA
:10BCC0003636010001003300C8000000000001000A
:10BCD000D000000200000103031701000102000070
:10BCE000F000000000010000840000004840002037
:10BCF000940000012436010002003300B00000006F
:10BD000088590120C800000000000000D000000297
:10BD1000000000000500000001130000F00000001A
:10BD2000000100008400000048E0002094000001B1
:10BD30003636010001003300C80000000000010099
:10BD4000D0000002000001030317010001020000FF
:10BD5000F00000000001000084000000C84700203F
:10BD6000940000012436010002003300B0000000FE
:10BD7000685B0120C800000000000000D000000245
:10BD8000000000000500000001130000F0000000AA
:10BD90000001000084000000C8E7002094000001BA
:10BDA0003636010001003300C80000000000010029
:10BDB000D00000020000010303170100010200008F
:10BDC000F00000000001000084000000484F002047
:10BDD000940000012436010002003300B00000008E
:10BDE000485D0120C800000000000000D0000002F3
:10BDF000000000000500000001130000F00000003A
:10BE0000000100008400000048EF002094000001C1
:10BE10003636010001003300C800000000000100B8
:10BE2000D00000020000010303170100010200001E
:10BE3000F00000000001000080000001A0000900E7
:10BE4000C85600209400000124360100020033008F
:10BE5000A000000050000400AC00000150000400ED
:10BE6000285F0120BC00000000010100C8000000A4
:10BE700000000000D00000020000000005000000EB
:10BE800001130000F0000000000100008400000029
:10BE9000C8F600209400000136360100010033008E
:10BEA000C800000000000100D000000200000103F3
:10BEB0000317010001020000F00000000001000073
:10BEC00080000001A0000C00680C0020940000011C
:10BED0003F36010002003300A000000050000600C1
:10BEE000AC0000015000060068600120BC000000AA
:10BEF00000010001C40000015446000000000000E1
:10BF0000D000000200000000050000000113000046
:10BF1000A80100004C9B0000F000000000010000A0
:10BF20008400000068AC002094000001513601003C
:10BF300001003300C800000000000100D000000232
:10BF4000000001030317010001020000F0000000DF
:10BF50000001000080000001A0000D004813002037
:10BF6000940000013F36010002003300B0000000E1
:10BF700048620120BC00000000010000C800000071
:10BF800000000000D00000020000000005000000DA
:10BF900001130000F0000000000100008400000018
:10BFA00048B3002094000001513601000100330025
:10BFB000C800000000000100D000000200000103E2
:10BFC0000317010001020000F00000000001000062
:10BFD00084000000C81A0020940000013F360100D0
:10BFE00002003300B000000028640120C8000000F7
:10BFF00000000000D000000200000000050000006A
:10C0000001130000F00000000001000084000000A7
:10C01000C8BA00209400000151360100010033002D
:10C02000C800000000000100D00000020000010371
:10C030000317010001020000F000000000010000F1
:10C040008400000048220020940000013F360100D7
:10C0500002003300B000000008660120C8000000A4
:10C0600000000000D00000020000000005000000F9
:10C0700001130000F0000000000100008400000037
:10C0800048C2002094000001513601000100330035
:10C09000C800000000000100D00000020000010301
:10C0A0000317010001020000F00000000001000081
:10C0B00084000000C8290020940000013F360100E0
:10C0C00002003300B0000000E8670120C800000053
:10C0D00000000000D0000002000000000500000089
:10C0E00001130000F00000000001000084000000C7
:10C0F000C8C900209400000151360100010033003E
:10C10000C800000000000100D00000020000010390
:10C110000317010001020000F00000000001000010
:10C120008400000048310020940000013F360100E7
:10C1300002003300B0000000C8690120C800000000
:10C1400000000000D0000002000000000500000018
:10C1500001130000F0000000000100008400000056
:10C1600048D1002094000001513601000100330045
:10C17000C800000000000100D00000020000010320
:10C180000317010001020000F000000000010000A0
:10C1900084000000C8380020940000013F360100F0
:10C1A00002003300B0000000A86B0120C8000000AE
:10C1B00000000000D00000020000000005000000A8
:10C1C00001130000F00000000001000084000000E6
:10C1D000C8D800209400000151360100010033004E
:10C1E000C800000000000100D000000200000103B0
:10C1F0000317010001020000F00000000001000030
:10C200008400000048400020940000013F360100F7
:10C2100002003300B0000000886D0120C80000005B
:10C2200000000000D0000002000000000500000037
:10C2300001130000F0000000000100008400000075
:10C2400048E0002094000001513601000100330055
:10C25000C800000000000100D0000002000001033F
:10C260000317010001020000F000000000010000BF
:10C2700084000000C8470020940000013F36010000
:10C2800002003300B0000000686F0120C800000009
:10C2900000000000D00000020000000005000000C7
:10C2A00001130000F0000000000100008400000005
:10C2B000C8E700209400000151360100010033005E
:10C2C000C800000000000100D000000200000103CF
:10C2D0000317010001020000F0000000000100004F
:10C2E00084000000484F0020940000013F36010008
:10C2F00002003300B000000048710120C8000000B7
:10C3000000000000D0000002000000000500000056
:10C3100001130000F0000000000100008400000094
:10C3200048EF002094000001513601000100330065
:10C33000C800000000000100D0000002000001035E
:10C340000317010001020000F000000000010000DE
:10C3500080000001A0000900C856002094000001E0
:10C360003F36010002003300A0000000500004002E
:10C37000AC0000015000040028730120BC00000044
:10C3800000010100C800000000000000D000000211
:10C39000000000000500000001130000F000000094
:10C3A0000001000084000000C8F600209400000195
:10C3B0005136010001003300C800000000000100F8
:10C3C000D000000200000103031701000102000079
:10C3D000F00000000001000080000001A0000C003F
:10C3E000680C0020940000015A360100020033005E
:10C3F000A000000050000600AC0000015000060044
:10C4000068740120BC00000000010001C4000001AC
:10C41000670E000000000000D000000200000000D5
:10C420000500000001130000A8010000E39E0300C6
:10C43000F0000000000100008400000068AC002053
:10C44000940000016C36010001003300C8000000B8
:10C4500000000100D00000020000010303170100EA
:10C4600001020000F0000000000100008000000157
:10C47000A0000D0048130020940000015A3601006E
:10C4800002003300B000000048760120BC0000002C
:10C4900000010000C800000000000000D000000201
:10C4A000000000000500000001130000F000000083
:10C4B000000100008400000048B300209400000147
:10C4C0006C36010001003300C800000000000100CC
:10C4D000D000000200000103031701000102000068
:10C4E000F00000000001000084000000C81A0020D5
:10C4F000940000015A36010002003300B000000031
:10C5000028780120C800000000000000D0000002D0
:10C51000000000000500000001130000F000000012
:10C520000001000084000000C8BA0020940000014F
:10C530006C36010001003300C8000000000001005B
:10C54000D0000002000001030317010001020000F7
:10C55000F0000000000100008400000048220020DC
:10C56000940000015A36010002003300B0000000C0
:10C57000087A0120C800000000000000D00000027E
:10C58000000000000500000001130000F0000000A2
:10C59000000100008400000048C200209400000157
:10C5A0006C36010001003300C800000000000100EB
:10C5B000D000000200000103031701000102000087
:10C5C000F00000000001000084000000C8290020E5
:10C5D000940000015A36010002003300B000000050
:10C5E000E87B0120C800000000000000D00000022D
:10C5F000000000000500000001130000F000000032
:10C600000001000084000000C8C90020940000015F
:10C610006C36010001003300C8000000000001007A
:10C62000D000000200000103031701000102000016
:10C63000F0000000000100008400000048310020EC
:10C64000940000015A36010002003300B0000000DF
:10C65000C87D0120C800000000000000D0000002DA
:10C66000000000000500000001130000F0000000C1
:10C67000000100008400000048D100209400000167
:10C680006C36010001003300C8000000000001000A
:10C69000D0000002000001030317010001020000A6
:10C6A000F00000000001000084000000C8380020F5
:10C6B000940000015A36010002003300B00000006F
:10C6C000A87F0120C800000000000000D000000288
:10C6D000000000000500000001130000F000000051
:10C6E0000001000084000000C8D800209400000170
:10C6F0006C36010001003300C8000000000001009A
:10C70000D000000200000103031701000102000035
:10C71000F0000000000100008400000048400020FC
:10C72000940000015A36010002003300B0000000FE
:10C7300088810120C800000000000000D000000235
:10C74000000000000500000001130000F0000000E0
:10C75000000100008400000048E000209400000177
:10C760006C36010001003300C80000000000010029
:10C77000D0000002000001030317010001020000C5
:10C78000F00000000001000084000000C847002005
:10C79000940000015A36010002003300B00000008E
:10C7A00068830120C800000000000000D0000002E3
:10C7B000000000000500000001130000F000000070
:10C7C0000001000084000000C8E700209400000180
:10C7D0006C36010001003300C800000000000100B9
:10C7E000D000000200000103031701000102000055
:10C7F000F00000000001000084000000484F00200D
:10C80000940000015A36010002003300B00000001D
:10C8100048850120C800000000000000D000000290
:10C82000000000000500000001130000F0000000FF
:10C83000000100008400000048EF00209400000187
:10C840006C36010001003300C80000000000010048
:10C85000D0000002000001030317010001020000E4
:10C86000F00000000001000080000001A0000900AD
:10C87000C8560020940000015A360100020033001F
:10C88000A000000050000400AC00000150000400B3
:10C8900028870120BC00000000010100C800000042
:10C8A00000000000D00000020000000005000000B1
:10C8B00001130000F00000000001000084000000EF
:10C8C000C8F60020940000016C360100010033001E
:10C8D000C800000000000100D000000200000103B9
:10C8E0000317010001020000F00000000001000039
:10C8F00080000001A0000C00680C002094000001E2
:10C900007536010002003300A00000005000060050
:10C91000AC0000015000060068880120BC00000047
:10C9200000010001C4000001C4100000000000006C
:10C93000D00000020000000005000000011300000C
:10C94000A80100009C300200F0000000000100007F
:10C950008400000068AC00209400000187360100CC
:10C9600001003300C800000000000100D0000002F8
:10C97000000001030317010001020000F0000000A5
:10C980000001000080000001A0000D0048130020FD
:10C99000940000017536010002003300B000000071
:10C9A000488A0120BC00000000010000C80000000F
:10C9B00000000000D00000020000000005000000A0
:10C9C00001130000F00000000001000084000000DE
:10C9D00048B30020940000018736010001003300B5
:10C9E000C800000000000100D000000200000103A8
:10C9F0000317010001020000F00000000001000028
:10CA000084000000C81A002094000001753601005F
:10CA100002003300B0000000288C0120C800000094
:10CA200000000000D000000200000000050000002F
:10CA300001130000F000000000010000840000006D
:10CA4000C8BA0020940000018736010001003300BD
:10CA5000C800000000000100D00000020000010337
:10CA60000317010001020000F000000000010000B7
:10CA70008400000048220020940000017536010067
:10CA800002003300B0000000088E0120C800000042
:10CA900000000000D00000020000000005000000BF
:10CAA00001130000F00000000001000084000000FD
:10CAB00048C20020940000018736010001003300C5
:10CAC000C800000000000100D000000200000103C7
:10CAD0000317010001020000F00000000001000047
:10CAE00084000000C8290020940000017536010070
:10CAF00002003300B0000000E88F0120C8000000F1
:10CB000000000000D000000200000000050000004E
:10CB100001130000F000000000010000840000008C
:10CB2000C8C90020940000018736010001003300CD
:10CB3000C800000000000100D00000020000010356
:10CB40000317010001020000F000000000010000D6
:10CB50008400000048310020940000017536010077
:10CB600002003300B0000000C8910120C80000009E
:10CB700000000000D00000020000000005000000DE
:10CB800001130000F000000000010000840000001C
:10CB900048D10020940000018736010001003300D5
:10CBA000C800000000000100D000000200000103E6
:10CBB0000317010001020000F00000000001000066
:10CBC00084000000C8380020940000017536010080
:10CBD00002003300B0000000A8930120C80000004C
:10CBE00000000000D000000200000000050000006E
:10CBF00001130000F00000000001000084000000AC
:10CC0000C8D80020940000018736010001003300DD
:10CC1000C800000000000100D00000020000010375
:10CC20000317010001020000F000000000010000F5
:10CC30008400000048400020940000017536010087
:10CC400002003300B000000088950120C8000000F9
:10CC500000000000D00000020000000005000000FD
:10CC600001130000F000000000010000840000003B
:10CC700048E00020940000018736010001003300E5
:10CC8000C800000000000100D00000020000010305
:10CC90000317010001020000F00000000001000085
:10CCA00084000000C8470020940000017536010090
:10CCB00002003300B000000068970120C8000000A7
:10CCC00000000000D000000200000000050000008D
:10CCD00001130000F00000000001000084000000CB
:10CCE000C8E70020940000018736010001003300EE
:10CCF000C800000000000100D00000020000010395
:10CD00000317010001020000F00000000001000014
:10CD100084000000484F0020940000017536010097
:10CD200002003300B000000048990120C800000054
:10CD300000000000D000000200000000050000001C
:10CD400001130000F000000000010000840000005A
:10CD500048EF0020940000018736010001003300F5
:10CD6000C800000000000100D00000020000010324
:10CD70000317010001020000F000000000010000A4
:10CD800080000001A0000900C856002094000001A6
:10CD90007536010002003300A000000050000400BE
:10CDA000AC00000150000400289B0120BC000000E2
:10CDB00000010100C800000000000000D0000002D7
:10CDC000000000000500000001130000F00000005A
:10CDD0000001000084000000C8F60020940000015B
:10CDE0008736010001003300C80000000000010088
:10CDF000D00000020000010303170100010200003F
:10CE0000F00000000001000080000001A0000C0004
:10CE1000680C0020940000019036010002003300ED
:10CE2000A000000050000600AC0000015000060009
:10CE3000689C0120BC00000000010001C40000014A
:10CE40000F06000000000000D000000200000000FB
:10CE50000500000001130000A8010000865409002D
:10CE6000F0000000000100008400000068AC002019
:10CE700094000001A236010001003300C800000048
:10CE800000000100D00000020000010303170100B0
:10CE900001020000F000000000010000800000011D
:10CEA000A0000D00481300209400000190360100FE
:10CEB00002003300B0000000489E0120BC000000CA
:10CEC00000010000C800000000000000D0000002C7
:10CED000000000000500000001130000F000000049
:10CEE000000100008400000048B30020940000010D
:10CEF000A236010001003300C8000000000001005C
:10CF0000D00000020000010303170100010200002D
:10CF1000F00000000001000084000000C81A00209A
:10CF2000940000019036010002003300B0000000C0
:10CF300028A00120C800000000000000D00000026E
:10CF4000000000000500000001130000F0000000D8
:10CF50000001000084000000C8BA00209400000115
:10CF6000A236010001003300C800000000000100EB
:10CF7000D0000002000001030317010001020000BD
:10CF8000F0000000000100008400000048220020A2
:10CF9000940000019036010002003300B000000050
:10CFA00008A20120C800000000000000D00000021C
:10CFB000000000000500000001130000F000000068
:10CFC000000100008400000048C20020940000011D
:10CFD000A236010001003300C8000000000001007B
:10CFE000D00000020000010303170100010200004D
:10CFF000F00000000001000084000000C8290020AB
:10D00000940000019036010002003300B0000000DF
:10D01000E8A30120C800000000000000D0000002CA
:10D02000000000000500000001130000F0000000F7
:10D030000001000084000000C8C900209400000125
:10D04000A236010001003300C8000000000001000A
:10D05000D0000002000001030317010001020000DC
:10D06000F0000000000100008400000048310020B2
:10D07000940000019036010002003300B00000006F
:10D08000C8A50120C800000000000000D000000278
:10D09000000000000500000001130000F000000087
:10D0A000000100008400000048D10020940000012D
:10D0B000A236010001003300C8000000000001009A
:10D0C000D00000020000010303170100010200006C
:10D0D000F00000000001000084000000C8380020BB
:10D0E000940000019036010002003300B0000000FF
:10D0F000A8A70120C800000000000000D000000226
:10D10000000000000500000001130000F000000016
:10D110000001000084000000C8D800209400000135
:10D12000A236010001003300C80000000000010029
:10D13000D0000002000001030317010001020000FB
:10D14000F0000000000100008400000048400020C2
:10D15000940000019036010002003300B00000008E
:10D1600088A90120C800000000000000D0000002D3
:10D17000000000000500000001130000F0000000A6
:10D18000000100008400000048E00020940000013D
:10D19000A236010001003300C800000000000100B9
:10D1A000D00000020000010303170100010200008B
:10D1B000F00000000001000084000000C8470020CB
:10D1C000940000019036010002003300B00000001E
:10D1D00068AB0120C800000000000000D000000281
:10D1E000000000000500000001130000F000000036
:10D1F0000001000084000000C8E700209400000146
:10D20000A236010001003300C80000000000010048
:10D21000D00000020000010303170100010200001A
:10D22000F00000000001000084000000484F0020D2
:10D23000940000019036010002003300B0000000AD
:10D2400048AD0120C800000000000000D00000022E
:10D25000000000000500000001130000F0000000C5
:10D26000000100008400000048EF0020940000014D
:10D27000A236010001003300C800000000000100D8
:10D28000D0000002000001030317010001020000AA
:10D29000F00000000001000080000001A000090073
:10D2A000C8560020940000019036010002003300AF
:10D2B000A000000050000400AC0000015000040079
:10D2C00028AF0120BC00000000010100C8000000E0
:10D2D00000000000D0000002000000000500000077
:10D2E00001130000F00000000001000084000000B5
:10D2F000C8F6002094000001A236010001003300AE
:10D30000C800000000000100D0000002000001037E
:10D310000317010001020000F000000000010000FE
:10D3200080000001A0000C00680C002094000001A7
:10D33000AB36010002003300A000000050000600E0
:10D34000AC0000015000060068B00120BC000000E5
:10D3500000010001C400000197DA00000000000095
:10D36000D0000002000000000500000001130000D2
:10D37000A8010000843E0000F00000000001000051
:10D380008400000068AC002094000001BD3601005C
:10D3900001003300C800000000000100D0000002BE
:10D3A000000001030317010001020000F00000006B
:10D3B0000001000080000001A0000D0048130020C3
:10D3C00094000001AB36010002003300B000000001
:10D3D00048B20120BC00000000010000C8000000AD
:10D3E00000000000D0000002000000000500000066
:10D3F00001130000F00000000001000084000000A4
:10D4000048B3002094000001BD3601000100330044
:10D41000C800000000000100D0000002000001036D
:10D420000317010001020000F000000000010000ED
:10D4300084000000C81A002094000001AB360100EF
:10D4400002003300B000000028B40120C800000032
:10D4500000000000D00000020000000005000000F5
:10D4600001130000F0000000000100008400000033
:10D47000C8BA002094000001BD360100010033004D
:10D48000C800000000000100D000000200000103FD
:10D490000317010001020000F0000000000100007D
:10D4A000840000004822002094000001AB360100F7
:10D4B00002003300B000000008B60120C8000000E0
:10D4C00000000000D0000002000000000500000085
:10D4D00001130000F00000000001000084000000C3
:10D4E00048C2002094000001BD3601000100330055
:10D4F000C800000000000100D0000002000001038D
:10D500000317010001020000F0000000000100000C
:10D5100084000000C829002094000001AB360100FF
:10D5200002003300B0000000E8B70120C80000008E
:10D5300000000000D0000002000000000500000014
:10D5400001130000F0000000000100008400000052
:10D55000C8C9002094000001BD360100010033005D
:10D56000C800000000000100D0000002000001031C
:10D570000317010001020000F0000000000100009C
:10D58000840000004831002094000001AB36010007
:10D5900002003300B0000000C8B90120C80000003C
:10D5A00000000000D00000020000000005000000A4
:10D5B00001130000F00000000001000084000000E2
:10D5C00048D1002094000001BD3601000100330065
:10D5D000C800000000000100D000000200000103AC
:10D5E0000317010001020000F0000000000100002C
:10D5F00084000000C838002094000001AB36010010
:10D6000002003300B0000000A8BB0120C8000000E9
:10D6100000000000D0000002000000000500000033
:10D6200001130000F0000000000100008400000071
:10D63000C8D8002094000001BD360100010033006D
:10D64000C800000000000100D0000002000001033B
:10D650000317010001020000F000000000010000BB
:10D66000840000004840002094000001AB36010017
:10D6700002003300B000000088BD0120C800000097
:10D6800000000000D00000020000000005000000C3
:10D6900001130000F0000000000100008400000001
:10D6A00048E0002094000001BD3601000100330075
:10D6B000C800000000000100D000000200000103CB
:10D6C0000317010001020000F0000000000100004B
:10D6D00084000000C847002094000001AB36010020
:10D6E00002003300B000000068BF0120C800000045
:10D6F00000000000D0000002000000000500000053
:10D7000001130000F0000000000100008400000090
:10D71000C8E7002094000001BD360100010033007D
:10D72000C800000000000100D0000002000001035A
:10D730000317010001020000F000000000010000DA
:10D7400084000000484F002094000001AB36010027
:10D7500002003300B000000048C10120C8000000F2
:10D7600000000000D00000020000000005000000E2
:10D7700001130000F0000000000100008400000020
:10D7800048EF002094000001BD3601000100330085
:10D79000C800000000000100D000000200000103EA
:10D7A0000317010001020000F0000000000100006A
:10D7B00080000001A0000900C8560020940000016C
:10D7C000AB36010002003300A0000000500004004E
:10D7D000AC0000015000040028C30120BC00000080
:10D7E00000010100C800000000000000D00000029D
:10D7F000000000000500000001130000F000000020
:10D800000001000084000000C8F600209400000120
:10D81000BD36010001003300C80000000000010017
:10D82000D000000200000103031701000102000004
:10D83000F00000000001000080000001A0000C00CA
:10D84000680C002094000001C6360100020033007D
:10D85000A000000050000600AC00000150000600CF
:10D8600068C40120BC00000000010001C4000001E8
:10D87000C712000000000000D000000200000000FD
:10D880000500000001130000A80100003CFF01009A
:10D89000F0000000000100008400000068AC0020DF
:10D8A00094000001D836010001003300C8000000D8
:10D8B00000000100D0000002000001030317010076
:10D8C00001020000F00000000001000080000001E3
:10D8D000A0000D004813002094000001C63601008E
:10D8E00002003300B000000048C60120BC00000068
:10D8F00000010000C800000000000000D00000028D
:10D90000000000000500000001130000F00000000E
:10D91000000100008400000048B3002094000001D2
:10D92000D836010001003300C800000000000100EB
:10D93000D0000002000001030317010001020000F3
:10D94000F00000000001000084000000C81A002060
:10D9500094000001C636010002003300B000000050
:10D9600028C80120C800000000000000D00000020C
:10D97000000000000500000001130000F00000009E
:10D980000001000084000000C8BA002094000001DB
:10D99000D836010001003300C8000000000001007B
:10D9A000D000000200000103031701000102000083
:10D9B000F000000000010000840000004822002068
:10D9C00094000001C636010002003300B0000000E0
:10D9D00008CA0120C800000000000000D0000002BA
:10D9E000000000000500000001130000F00000002E
:10D9F000000100008400000048C2002094000001E3
:10DA0000D836010001003300C8000000000001000A
:10DA1000D000000200000103031701000102000012
:10DA2000F00000000001000084000000C829002070
:10DA300094000001C636010002003300B00000006F
:10DA4000E8CB0120C800000000000000D000000268
:10DA5000000000000500000001130000F0000000BD
:10DA60000001000084000000C8C9002094000001EB
:10DA7000D836010001003300C8000000000001009A
:10DA8000D0000002000001030317010001020000A2
:10DA9000F000000000010000840000004831002078
:10DAA00094000001C636010002003300B0000000FF
:10DAB000C8CD0120C800000000000000D000000216
:10DAC000000000000500000001130000F00000004D
:10DAD000000100008400000048D1002094000001F3
:10DAE000D836010001003300C8000000000001002A
:10DAF000D000000200000103031701000102000032
:10DB0000F00000000001000084000000C838002080
:10DB100094000001C636010002003300B00000008E
:10DB2000A8CF0120C800000000000000D0000002C3
:10DB3000000000000500000001130000F0000000DC
:10DB40000001000084000000C8D8002094000001FB
:10DB5000D836010001003300C800000000000100B9
:10DB6000D0000002000001030317010001020000C1
:10DB7000F000000000010000840000004840002088
:10DB800094000001C636010002003300B00000001E
:10DB900088D10120C800000000000000D000000271
:10DBA000000000000500000001130000F00000006C
:10DBB000000100008400000048E000209400000103
:10DBC000D836010001003300C80000000000010049
:10DBD000D000000200000103031701000102000051
:10DBE000F00000000001000084000000C847002091
:10DBF00094000001C636010002003300B0000000AE
:10DC000068D30120C800000000000000D00000021E
:10DC1000000000000500000001130000F0000000FB
:10DC20000001000084000000C8E70020940000010B
:10DC3000D836010001003300C800000000000100D8
:10DC4000D0000002000001030317010001020000E0
:10DC5000F00000000001000084000000484F002098
:10DC600094000001C636010002003300B00000003D
:10DC700048D50120C800000000000000D0000002CC
:10DC8000000000000500000001130000F00000008B
:10DC9000000100008400000048EF00209400000113
:10DCA000D836010001003300C80000000000010068
:10DCB000D000000200000103031701000102000070
:10DCC000F00000000001000080000001A000090039
:10DCD000C856002094000001C6360100020033003F
:10DCE000A000000050000400AC000001500004003F
:10DCF00028D70120BC00000000010100C80000007E
:10DD000000000000D000000200000000050000003C
:10DD100001130000F000000000010000840000007A
:10DD2000C8F6002094000001D8360100010033003D
:10DD3000C800000000000100D00000020000010344
:10DD40000317010001020000F000000000010000C4
:10DD500080000001A0000C00680C0020940000016D
:10DD6000E136010002003300A00000005000060070
:10DD7000AC0000015000060068D80120BC00000083
:10DD800000010001C4000001BA42000000000000D0
:10DD9000D000000200000000050000000113000098
:10DDA000A801000091FA0000F0000000000100004E
:10DDB0008400000068AC002094000001F3360100EC
:10DDC00001003300C800000000000100D000000284
:10DDD000000001030317010001020000F000000031
:10DDE0000001000080000001A0000D004813002089
:10DDF00094000001E136010002003300B000000091
:10DE000048DA0120BC00000000010000C80000004A
:10DE100000000000D000000200000000050000002B
:10DE200001130000F0000000000100008400000069
:10DE300048B3002094000001F336010001003300D4
:10DE4000C800000000000100D00000020000010333
:10DE50000317010001020000F000000000010000B3
:10DE600084000000C81A002094000001E13601007F
:10DE700002003300B000000028DC0120C8000000D0
:10DE800000000000D00000020000000005000000BB
:10DE900001130000F00000000001000084000000F9
:10DEA000C8BA002094000001F336010001003300DD
:10DEB000C800000000000100D000000200000103C3
:10DEC0000317010001020000F00000000001000043
:10DED000840000004822002094000001E136010087
:10DEE00002003300B000000008DE0120C80000007E
:10DEF00000000000D000000200000000050000004B
:10DF000001130000F0000000000100008400000088
:10DF100048C2002094000001F336010001003300E4
:10DF2000C800000000000100D00000020000010352
:10DF30000317010001020000F000000000010000D2
:10DF400084000000C829002094000001E13601008F
:10DF500002003300B0000000E8DF0120C80000002C
:10DF600000000000D00000020000000005000000DA
:10DF700001130000F0000000000100008400000018
:10DF8000C8C9002094000001F336010001003300ED
:10DF9000C800000000000100D000000200000103E2
:10DFA0000317010001020000F00000000001000062
:10DFB000840000004831002094000001E136010097
:10DFC00002003300B0000000C8E10120C8000000DA
:10DFD00000000000D000000200000000050000006A
:10DFE00001130000F00000000001000084000000A8
:10DFF00048D1002094000001F336010001003300F5
:10E00000C800000000000100D00000020000010371
:10E010000317010001020000F000000000010000F1
:10E0200084000000C838002094000001E13601009F
:10E0300002003300B0000000A8E30120C800000087
:10E0400000000000D00000020000000005000000F9
:10E0500001130000F0000000000100008400000037
:10E06000C8D8002094000001F336010001003300FD
:10E07000C800000000000100D00000020000010301
:10E080000317010001020000F00000000001000081
:10E09000840000004840002094000001E1360100A7
:10E0A00002003300B000000088E50120C800000035
:10E0B00000000000D0000002000000000500000089
:10E0C00001130000F00000000001000084000000C7
:10E0D00048E0002094000001F33601000100330005
:10E0E000C800000000000100D00000020000010391
:10E0F0000317010001020000F00000000001000011
:10E1000084000000C847002094000001E1360100AF
:10E1100002003300B000000068E70120C8000000E2
:10E1200000000000D0000002000000000500000018
:10E1300001130000F0000000000100008400000056
:10E14000C8E7002094000001F3360100010033000D
:10E15000C800000000000100D00000020000010320
:10E160000317010001020000F000000000010000A0
:10E1700084000000484F002094000001E1360100B7
:10E1800002003300B000000048E90120C800000090
:10E1900000000000D00000020000000005000000A8
:10E1A00001130000F00000000001000084000000E6
:10E1B00048EF002094000001F33601000100330015
:10E1C000C800000000000100D000000200000103B0
:10E1D0000317010001020000F00000000001000030
:10E1E00080000001A0000900C85600209400000132
:10E1F000E136010002003300A000000050000400DE
:10E20000AC0000015000040028EB0120BC0000001D
:10E2100000010100C800000000000000D000000262
:10E22000000000000500000001130000F0000000E5
:10E230000001000084000000C8F6002094000001E6
:10E24000F336010001003300C800000000000100A7
:10E25000D0000002000001030317010001020000CA
:10E26000F00000000001000080000001A0000C0090
:10E27000680C002094000001FC360100020033000D
:10E28000A000000050000600AC0000015000060095
:10E2900068EC0120BC00000000010001C400000186
:10E2A0009432000000000000D000000200000000D6
:10E2B0000500000001130000A80100004426010031
:10E2C000F0000000000100008400000068AC0020A5
:10E2D000940000010E37010001003300C800000067
:10E2E00000000100D000000200000103031701003C
:10E2F00001020000F00000000001000080000001A9
:10E30000A0000D004813002094000001FC3601001D
:10E3100002003300B000000048EE0120BC00000005
:10E3200000010000C800000000000000D000000252
:10E33000000000000500000001130000F0000000D4
:10E34000000100008400000048B300209400000198
:10E350000E37010001003300C8000000000001007A
:10E36000D0000002000001030317010001020000B9
:10E37000F00000000001000084000000C81A002026
:10E3800094000001FC36010002003300B0000000E0
:10E3900028F00120C800000000000000D0000002AA
:10E3A000000000000500000001130000F000000064
:10E3B0000001000084000000C8BA002094000001A1
:10E3C0000E37010001003300C8000000000001000A
:10E3D000D000000200000103031701000102000049
:10E3E000F00000000001000084000000482200202E
:10E3F00094000001FC36010002003300B000000070
:10E4000008F20120C800000000000000D000000257
:10E41000000000000500000001130000F0000000F3
:10E42000000100008400000048C2002094000001A8
:10E430000E37010001003300C80000000000010099
:10E44000D0000002000001030317010001020000D8
:10E45000F00000000001000084000000C829002036
:10E4600094000001FC36010002003300B0000000FF
:10E47000E8F30120C800000000000000D000000206
:10E48000000000000500000001130000F000000083
:10E490000001000084000000C8C9002094000001B1
:10E4A0000E37010001003300C80000000000010029
:10E4B000D000000200000103031701000102000068
:10E4C000F00000000001000084000000483100203E
:10E4D00094000001FC36010002003300B00000008F
:10E4E000C8F50120C800000000000000D0000002B4
:10E4F000000000000500000001130000F000000013
:10E50000000100008400000048D1002094000001B8
:10E510000E37010001003300C800000000000100B8
:10E52000D0000002000001030317010001020000F7
:10E53000F00000000001000084000000C838002046
:10E5400094000001FC36010002003300B00000001E
:10E55000A8F70120C800000000000000D000000261
:10E56000000000000500000001130000F0000000A2
:10E570000001000084000000C8D8002094000001C1
:10E580000E37010001003300C80000000000010048
:10E59000D000000200000103031701000102000087
:10E5A000F00000000001000084000000484000204E
:10E5B00094000001FC36010002003300B0000000AE
:10E5C00088F90120C800000000000000D00000020F
:10E5D000000000000500000001130000F000000032
:10E5E000000100008400000048E0002094000001C9
:10E5F0000E37010001003300C800000000000100D8
:10E60000D000000200000103031701000102000016
:10E61000F00000000001000084000000C847002056
:10E6200094000001FC36010002003300B00000003D
:10E6300068FB0120C800000000000000D0000002BC
:10E64000000000000500000001130000F0000000C1
:10E650000001000084000000C8E7002094000001D1
:10E660000E37010001003300C80000000000010067
:10E67000D0000002000001030317010001020000A6
:10E68000F00000000001000084000000484F00205E
:10E6900094000001FC36010002003300B0000000CD
:10E6A00048FD0120C800000000000000D00000026A
:10E6B000000000000500000001130000F000000051
:10E6C000000100008400000048EF002094000001D9
:10E6D0000E37010001003300C800000000000100F7
:10E6E000D000000200000103031701000102000036
:10E6F000F00000000001000080000001A0000900FF
:10E70000C856002094000001FC36010002003300CE
:10E71000A000000050000400AC0000015000040004
:10E7200028FF0120BC00000000010100C80000001B
:10E7300000000000D0000002000000000500000002
:10E7400001130000F0000000000100008400000040
:10E75000C8F60020940000010E37010001003300CC
:10E76000C800000000000100D0000002000001030A
:10E770000317010001020000F0000000000100008A
:10E7800080000001A0000C00680C00209400000133
:10E790001737010002003300A000000050000600FF
:10E7A000AC0000015000060068000220BC00000020
:10E7B00000010001C40000016A0F00000000000019
:10E7C000D00000020000000005000000011300005E
:10E7D000A801000016480400F0000000000100003D
:10E7E0008400000068AC002094000001293701007B
:10E7F00001003300C800000000000100D00000024A
:10E80000000001030317010001020000F0000000F6
:10E810000001000080000001A0000D00481300204E
:10E82000940000011737010002003300B00000001F
:10E8300048020220BC00000000010000C8000000E7
:10E8400000000000D00000020000000005000000F1
:10E8500001130000F000000000010000840000002F
:10E8600048B3002094000001293701000100330063
:10E87000C800000000000100D000000200000103F9
:10E880000317010001020000F00000000001000079
:10E8900084000000C81A002094000001173701000E
:10E8A00002003300B000000028040220C80000006D
:10E8B00000000000D0000002000000000500000081
:10E8C00001130000F00000000001000084000000BF
:10E8D000C8BA00209400000129370100010033006C
:10E8E000C800000000000100D00000020000010389
:10E8F0000317010001020000F00000000001000009
:10E900008400000048220020940000011737010015
:10E9100002003300B000000008060220C80000001A
:10E9200000000000D0000002000000000500000010
:10E9300001130000F000000000010000840000004E
:10E9400048C2002094000001293701000100330073
:10E95000C800000000000100D00000020000010318
:10E960000317010001020000F00000000001000098
:10E9700084000000C829002094000001173701001E
:10E9800002003300B0000000E8070220C8000000C9
:10E9900000000000D00000020000000005000000A0
:10E9A00001130000F00000000001000084000000DE
:10E9B000C8C900209400000129370100010033007C
:10E9C000C800000000000100D000000200000103A8
:10E9D0000317010001020000F00000000001000028
:10E9E0008400000048310020940000011737010026
:10E9F00002003300B0000000C8090220C800000077
:10EA000000000000D000000200000000050000002F
:10EA100001130000F000000000010000840000006D
:10EA200048D1002094000001293701000100330083
:10EA3000C800000000000100D00000020000010337
:10EA40000317010001020000F000000000010000B7
:10EA500084000000C838002094000001173701002E
:10EA600002003300B0000000A80B0220C800000024
:10EA700000000000D00000020000000005000000BF
:10EA800001130000F00000000001000084000000FD
:10EA9000C8D800209400000129370100010033008C
:10EAA000C800000000000100D000000200000103C7
:10EAB0000317010001020000F00000000001000047
:10EAC0008400000048400020940000011737010036
:10EAD00002003300B0000000880D0220C8000000D2
:10EAE00000000000D000000200000000050000004F
:10EAF00001130000F000000000010000840000008D
:10EB000048E0002094000001293701000100330093
:10EB1000C800000000000100D00000020000010356
:10EB20000317010001020000F000000000010000D6
:10EB300084000000C847002094000001173701003E
:10EB400002003300B0000000680F0220C80000007F
:10EB500000000000D00000020000000005000000DE
:10EB600001130000F000000000010000840000001C
:10EB7000C8E700209400000129370100010033009C
:10EB8000C800000000000100D000000200000103E6
:10EB90000317010001020000F00000000001000066
:10EBA00084000000484F0020940000011737010046
:10EBB00002003300B000000048110220C80000002D
:10EBC00000000000D000000200000000050000006E
:10EBD00001130000F00000000001000084000000AC
:10EBE00048EF0020940000012937010001003300A4
:10EBF000C800000000000100D00000020000010376
:10EC00000317010001020000F000000000010000F5
:10EC100080000001A0000900C856002094000001F7
:10EC20001737010002003300A0000000500004006C
:10EC3000AC0000015000040028130220BC000000BA
:10EC400000010100C800000000000000D000000228
:10EC5000000000000500000001130000F0000000AB
:10EC60000001000084000000C8F6002094000001AC
:10EC70002937010001003300C80000000000010036
:10EC8000D000000200000103031701000102000090
:10EC9000F00000000001000080000001A0000C0056
:10ECA000680C00209400000132370100020033009C
:10ECB000A000000050000600AC000001500006005B
:10ECC00068140220BC00000000010001C400000123
:10ECD0005410000000000000D000000200000000FE
:10ECE0000500000001130000A8010000C059040045
:10ECF000F0000000000100008400000068AC00206B
:10ED0000940000014437010001003300C8000000F6
:10ED100000000100D0000002000001030317010001
:10ED200001020000F000000000010000800000016E
:10ED3000A0000D00481300209400000132370100AC
:10ED400002003300B000000048160220BC000000A2
:10ED500000010000C800000000000000D000000218
:10ED6000000000000500000001130000F00000009A
:10ED7000000100008400000048B30020940000015E
:10ED80004437010001003300C8000000000001000A
:10ED9000D00000020000010303170100010200007F
:10EDA000F00000000001000084000000C81A0020EC
:10EDB000940000013237010002003300B00000006F
:10EDC00028180220C800000000000000D000000247
:10EDD000000000000500000001130000F00000002A
:10EDE0000001000084000000C8BA00209400000167
:10EDF0004437010001003300C8000000000001009A
:10EE0000D00000020000010303170100010200000E
:10EE1000F0000000000100008400000048220020F3
:10EE2000940000013237010002003300B0000000FE
:10EE3000081A0220C800000000000000D0000002F4
:10EE4000000000000500000001130000F0000000B9
:10EE5000000100008400000048C20020940000016E
:10EE60004437010001003300C80000000000010029
:10EE7000D00000020000010303170100010200009E
:10EE8000F00000000001000084000000C8290020FC
:10EE9000940000013237010002003300B00000008E
:10EEA000E81B0220C800000000000000D0000002A3
:10EEB000000000000500000001130000F000000049
:10EEC0000001000084000000C8C900209400000177
:10EED0004437010001003300C800000000000100B9
:10EEE000D00000020000010303170100010200002E
:10EEF000F000000000010000840000004831002004
:10EF0000940000013237010002003300B00000001D
:10EF1000C81D0220C800000000000000D000000250
:10EF2000000000000500000001130000F0000000D8
:10EF3000000100008400000048D10020940000017E
:10EF40004437010001003300C80000000000010048
:10EF5000D0000002000001030317010001020000BD
:10EF6000F00000000001000084000000C83800200C
:10EF7000940000013237010002003300B0000000AD
:10EF8000A81F0220C800000000000000D0000002FE
:10EF9000000000000500000001130000F000000068
:10EFA0000001000084000000C8D800209400000187
:10EFB0004437010001003300C800000000000100D8
:10EFC000D00000020000010303170100010200004D
:10EFD000F000000000010000840000004840002014
:10EFE000940000013237010002003300B00000003D
:10EFF00088210220C800000000000000D0000002AC
:10F00000000000000500000001130000F0000000F7
:10F01000000100008400000048E00020940000018E
:10F020004437010001003300C80000000000010067
:10F03000D0000002000001030317010001020000DC
:10F04000F00000000001000084000000C84700201C
:10F05000940000013237010002003300B0000000CC
:10F0600068230220C800000000000000D000000259
:10F07000000000000500000001130000F000000087
:10F080000001000084000000C8E700209400000197
:10F090004437010001003300C800000000000100F7
:10F0A000D00000020000010303170100010200006C
:10F0B000F00000000001000084000000484F002024
:10F0C000940000013237010002003300B00000005C
:10F0D00048250220C800000000000000D000000207
:10F0E000000000000500000001130000F000000017
:10F0F000000100008400000048EF0020940000019F
:10F100004437010001003300C80000000000010086
:10F11000D0000002000001030317010001020000FB
:10F12000F00000000001000080000001A0000900C4
:10F13000C85600209400000132370100020033005D
:10F14000A000000050000400AC00000150000400CA
:10F1500028270220BC00000000010100C8000000B8
:10F1600000000000D00000020000000005000000C8
:10F1700001130000F0000000000100008400000006
:10F18000C8F600209400000144370100010033005C
:10F19000C800000000000100D000000200000103D0
:10F1A0000317010001020000F00000000001000050
:10F1B00080000001A0000C00680C002094000001F9
:10F1C0004D37010002003300A0000000500006008F
:10F1D000AC0000015000060068280220BC000000BE
:10F1E00000010001C400000175740000000000006F
:10F1F000D000000200000000050000000113000024
:10F20000A801000010880000F000000000010000CC
:10F210008400000068AC0020940000015F3701000A
:10F2200001003300C800000000000100D00000020F
:10F23000000001030317010001020000F0000000BC
:10F240000001000080000001A0000D004813002014
:10F25000940000014D37010002003300B0000000AF
:10F26000482A0220BC00000000010000C800000085
:10F2700000000000D00000020000000005000000B7
:10F2800001130000F00000000001000084000000F5
:10F2900048B30020940000015F37010001003300F3
:10F2A000C800000000000100D000000200000103BF
:10F2B0000317010001020000F0000000000100003F
:10F2C00084000000C81A0020940000014D3701009E
:10F2D00002003300B0000000282C0220C80000000B
:10F2E00000000000D0000002000000000500000047
:10F2F00001130000F0000000000100008400000085
:10F30000C8BA0020940000015F37010001003300FB
:10F31000C800000000000100D0000002000001034E
:10F320000317010001020000F000000000010000CE
:10F330008400000048220020940000014D370100A5
:10F3400002003300B0000000082E0220C8000000B8
:10F3500000000000D00000020000000005000000D6
:10F3600001130000F0000000000100008400000014
:10F3700048C20020940000015F3701000100330003
:10F38000C800000000000100D000000200000103DE
:10F390000317010001020000F0000000000100005E
:10F3A00084000000C8290020940000014D370100AE
:10F3B00002003300B0000000E82F0220C800000067
:10F3C00000000000D0000002000000000500000066
:10F3D00001130000F00000000001000084000000A4
:10F3E000C8C90020940000015F370100010033000C
:10F3F000C800000000000100D0000002000001036E
:10F400000317010001020000F000000000010000ED
:10F410008400000048310020940000014D370100B5
:10F4200002003300B0000000C8310220C800000014
:10F4300000000000D00000020000000005000000F5
:10F4400001130000F0000000000100008400000033
:10F4500048D10020940000015F3701000100330013
:10F46000C800000000000100D000000200000103FD
:10F470000317010001020000F0000000000100007D
:10F4800084000000C8380020940000014D370100BE
:10F4900002003300B0000000A8330220C8000000C2
:10F4A00000000000D0000002000000000500000085
:10F4B00001130000F00000000001000084000000C3
:10F4C000C8D80020940000015F370100010033001C
:10F4D000C800000000000100D0000002000001038D
:10F4E0000317010001020000F0000000000100000D
:10F4F0008400000048400020940000014D370100C6
:10F5000002003300B000000088350220C80000006F
:10F5100000000000D0000002000000000500000014
:10F5200001130000F0000000000100008400000052
:10F5300048E00020940000015F3701000100330023
:10F54000C800000000000100D0000002000001031C
:10F550000317010001020000F0000000000100009C
:10F5600084000000C8470020940000014D370100CE
:10F5700002003300B000000068370220C80000001D
:10F5800000000000D00000020000000005000000A4
:10F5900001130000F00000000001000084000000E2
:10F5A000C8E70020940000015F370100010033002C
:10F5B000C800000000000100D000000200000103AC
:10F5C0000317010001020000F0000000000100002C
:10F5D00084000000484F0020940000014D370100D6
:10F5E00002003300B000000048390220C8000000CB
:10F5F00000000000D0000002000000000500000034
:10F6000001130000F0000000000100008400000071
:10F6100048EF0020940000015F3701000100330033
:10F62000C800000000000100D0000002000001033B
:10F630000317010001020000F000000000010000BB
:10F6400080000001A0000900C856002094000001BD
:10F650004D37010002003300A000000050000400FC
:10F66000AC00000150000400283B0220BC00000058
:10F6700000010100C800000000000000D0000002EE
:10F68000000000000500000001130000F000000071
:10F690000001000084000000C8F600209400000172
:10F6A0005F37010001003300C800000000000100C6
:10F6B000D000000200000103031701000102000056
:10F6C000F000000000010000800000035000400036
:10F6D00068FC00205000B3040014000094000001F6
:10F6E0006837010010003300A00000000000000097
:10F6F000AC0000015000400068FC0020B80000028F
:10F70000001400000101010180FF0000CC00000096
:10F7100000000101640100011B470000BFD500008B
:10F72000D800000001000001F0000000000100000E
:10F7300064010001012E0000881401006401000131
:10F74000E21300008BBC01006401000152060000BE
:10F75000846C010064010001C10E000065F5030026
:10F7600064010001B90D000044E2070064010001DA
:10F770000343000031A101006401000159030000AE
:10F78000509A010064010001282D0000FA5B01007D
:10F7900064010001311B0000852F0200640100019B
:10F7A000E80000002184010064010001730B0000E7
:10F7B00052910500640100012A0D000055980400D3
:10F7C00064010001EA3D000016DA00006401000156
:10F7D000F1820000297D000064010001DD3300009A
:10F7E000E4260100800000005000040088000005AD
:10F7F000500083040014040010000100F8370100D9
:10F800001000230110000000A80000010000050006
:10F8100050000400BC00000000000000D400000004
:10F82000031C0100800100010200000000000080B4
:10F83000CC010000000000A064010001FD060000F2
:10F84000E0560800D800000002000001F0000000AF
:10F85000000100006401000195FFFFFFAA350500CB
:10F8600064010001D5E9FFFF617F0B006401000125
:10F8700015360000960D09006401000167240000A0
:10F880003EF20700640100014ACAFFFFE3E80500F9
:10F89000640100019E4700004ED60800640100018B
:10F8A0007F20000040CC080064010001C204000079
:10F8B000188A0700640100016EE3FFFF0B8E06004B
:10F8C00064010001DD1E00000F210700640100013A
:10F8D0001FEAFFFF7EA20B00640100019E0D0000E5
:10F8E00070A10E0064010001652C000029B508001C
:10F8F0006401000141E2FFFFD9AF0700640100018C
:10F90000FC0700003CC2060084000000A8FD0020A7
:10F91000B0000000A8FD002064010001FD06000009
:10F92000E0560800F0000000000100006401000142
:10F9300095FFFFFFAA35050064010001D5E9FFFF2F
:10F94000617F0B006401000115360000960D09006F
:10F9500064010001672400003EF207006401000119
:10F960004ACAFFFFE3E80500640100019E4700006A
:10F970004ED60800640100017F20000040CC080042
:10F9800064010001C2040000188A0700640100013C
:10F990006EE3FFFF0B8E060064010001DD1E000018
:10F9A0000F210700640100011FEAFFFF7EA20B0088
:10F9B000640100019E0D000070A10E0064010001B1
:10F9C000652C000029B508006401000141E2FFFF39
:10F9D000D9AF070064010001FC0700003CC206002B
:10F9E00084000000E8FE0020B0000000E8FE0020D7
:10F9F00064010001FD060000E0560800F000000070
:10FA0000000100006401000195FFFFFFAA35050019
:10FA100064010001D5E9FFFF617F0B006401000173
:10FA200015360000960D09006401000167240000EE
:10FA30003EF20700640100014ACAFFFFE3E8050047
:10FA4000640100019E4700004ED6080064010001D9
:10FA50007F20000040CC080064010001C2040000C7
:10FA6000188A0700640100016EE3FFFF0B8E060099
:10FA700064010001DD1E00000F2107006401000188
:10FA80001FEAFFFF7EA20B00640100019E0D000033
:10FA900070A10E0064010001652C000029B508006A
:10FAA0006401000141E2FFFFD9AF070064010001DA
:10FAB000FC0700003CC20600840000002800012072
:10FAC000B00000002800012064010001FD060000D4
:10FAD000E0560800F0000000000100006401000191
:10FAE00095FFFFFFAA35050064010001D5E9FFFF7E
:10FAF000617F0B006401000115360000960D0900BE
:10FB000064010001672400003EF207006401000167
:10FB10004ACAFFFFE3E80500640100019E470000B8
:10FB20004ED60800640100017F20000040CC080090
:10FB300064010001C2040000188A0700640100018A
:10FB40006EE3FFFF0B8E060064010001DD1E000066
:10FB50000F210700640100011FEAFFFF7EA20B00D6
:10FB6000640100019E0D000070A10E0064010001FF
:10FB7000652C000029B508006401000141E2FFFF87
:10FB8000D9AF070064010001FC0700003CC2060079
:10FB90008400000068010120B0000000680101201D
:10FBA00064010001FD060000E0560800F0000000BE
:10FBB000000100006401000195FFFFFFAA35050068
:10FBC00064010001D5E9FFFF617F0B0064010001C2
:10FBD00015360000960D090064010001672400003D
:10FBE0003EF20700640100014ACAFFFFE3E8050096
:10FBF000640100019E4700004ED608006401000128
:10FC00007F20000040CC080064010001C204000015
:10FC1000188A0700640100016EE3FFFF0B8E0600E7
:10FC200064010001DD1E00000F21070064010001D6
:10FC30001FEAFFFF7EA20B00640100019E0D000081
:10FC400070A10E0064010001652C000029B50800B8
:10FC50006401000141E2FFFFD9AF07006401000128
:10FC6000FC0700003CC2060084000000A80201203E
:10FC7000B0000000A802012064010001FD060000A0
:10FC8000E0560800F00000000001000064010001DF
:10FC900095FFFFFFAA35050064010001D5E9FFFFCC
:10FCA000617F0B006401000115360000960D09000C
:10FCB00064010001672400003EF2070064010001B6
:10FCC0004ACAFFFFE3E80500640100019E47000007
:10FCD0004ED60800640100017F20000040CC0800DF
:10FCE00064010001C2040000188A070064010001D9
:10FCF0006EE3FFFF0B8E060064010001DD1E0000B5
:10FD00000F210700640100011FEAFFFF7EA20B0024
:10FD1000640100019E0D000070A10E00640100014D
:10FD2000652C000029B508006401000141E2FFFFD5
:10FD3000D9AF070064010001FC0700003CC20600C7
:10FD400084000000E8030120B0000000E803012067
:10FD500064010001FD060000E0560800F00000000C
:10FD6000000100006401000195FFFFFFAA350500B6
:10FD700064010001D5E9FFFF617F0B006401000110
:10FD800015360000960D090064010001672400008B
:10FD90003EF20700640100014ACAFFFFE3E80500E4
:10FDA000640100019E4700004ED608006401000176
:10FDB0007F20000040CC080064010001C204000064
:10FDC000188A0700640100016EE3FFFF0B8E060036
:10FDD00064010001DD1E00000F2107006401000125
:10FDE0001FEAFFFF7EA20B00640100019E0D0000D0
:10FDF00070A10E0064010001652C000029B5080007
:10FE00006401000141E2FFFFD9AF07006401000176
:10FE1000FC0700003CC20600840000002805012009
:10FE2000B00000002805012064010001FD0600006B
:10FE3000E0560800F000000000010000640100012D
:10FE400095FFFFFFAA35050064010001D5E9FFFF1A
:10FE5000617F0B006401000115360000960D09005A
:10FE600064010001672400003EF207006401000104
:10FE70004ACAFFFFE3E80500640100019E47000055
:10FE80004ED60800640100017F20000040CC08002D
:10FE900064010001C2040000188A07006401000127
:10FEA0006EE3FFFF0B8E060064010001DD1E000003
:10FEB0000F210700640100011FEAFFFF7EA20B0073
:10FEC000640100019E0D000070A10E00640100019C
:10FED000652C000029B508006401000141E2FFFF24
:10FEE000D9AF070064010001FC0700003CC2060016
:10FEF0008400000068060120B000000068060120B0
:10FF000064010001FD060000E0560800F00000005A
:10FF1000000100006401000195FFFFFFAA35050004
:10FF200064010001D5E9FFFF617F0B00640100015E
:10FF300015360000960D09006401000167240000D9
:10FF40003EF20700640100014ACAFFFFE3E8050032
:10FF5000640100019E4700004ED6080064010001C4
:10FF60007F20000040CC080064010001C2040000B2
:10FF7000188A0700640100016EE3FFFF0B8E060084
:10FF800064010001DD1E00000F2107006401000173
:10FF90001FEAFFFF7EA20B00640100019E0D00001E
:10FFA00070A10E0064010001652C000029B5080055
:10FFB0006401000141E2FFFFD9AF070064010001C5
:10FFC000FC0700003CC2060084000000A8070120D6
:10FFD000B0000000A807012064010001FD06000038
:10FFE000E0560800F000000000010000640100017C
:10FFF00095FFFFFFAA35050064010001D5E9FFFF69
:020000024000BC
:10000000617F0B006401000115360000960D0900A8
:1000100064010001672400003EF207006401000152
:100020004ACAFFFFE3E80500640100019E470000A3
:100030004ED60800640100017F20000040CC08007B
:1000400064010001C2040000188A07006401000175
:100050006EE3FFFF0B8E060064010001DD1E000051
:100060000F210700640100011FEAFFFF7EA20B00C1
:10007000640100019E0D000070A10E0064010001EA
:10008000652C000029B508006401000141E2FFFF72
:10009000D9AF070064010001FC0700003CC2060064
:1000A00084000000E8080120B0000000E8080120FA
:1000B00064010001FD060000E0560800F0000000A9
:1000C000000100006401000195FFFFFFAA35050053
:1000D00064010001D5E9FFFF617F0B0064010001AD
:1000E00015360000960D0900640100016724000028
:1000F0003EF20700640100014ACAFFFFE3E8050081
:10010000640100019E4700004ED608006401000112
:100110007F20000040CC080064010001C204000000
:10012000188A0700640100016EE3FFFF0B8E0600D2
:1001300064010001DD1E00000F21070064010001C1
:100140001FEAFFFF7EA20B00640100019E0D00006C
:1001500070A10E0064010001652C000029B50800A3
:100160006401000141E2FFFFD9AF07006401000113
:10017000FC0700003CC2060084000000280A0120A1
:10018000B0000000280A012064010001FD06000003
:10019000E0560800F00000000001000064010001CA
:1001A00095FFFFFFAA35050064010001D5E9FFFFB7
:1001B000617F0B006401000115360000960D0900F7
:1001C00064010001672400003EF2070064010001A1
:1001D0004ACAFFFFE3E80500640100019E470000F2
:1001E0004ED60800640100017F20000040CC0800CA
:1001F00064010001C2040000188A070064010001C4
:100200006EE3FFFF0B8E060064010001DD1E00009F
:100210000F210700640100011FEAFFFF7EA20B000F
:10022000640100019E0D000070A10E006401000138
:10023000652C000029B508006401000141E2FFFFC0
:10024000D9AF070064010001FC0700003CC20600B2
:1002500084000000680B0120B0000000680B012042
:1002600064010001FD060000E0560800F0000000F7
:10027000000100006401000195FFFFFFAA350500A1
:1002800064010001D5E9FFFF617F0B0064010001FB
:1002900015360000960D0900640100016724000076
:1002A0003EF20700640100014ACAFFFFE3E80500CF
:1002B000640100019E4700004ED608006401000161
:1002C0007F20000040CC080064010001C20400004F
:1002D000188A0700640100016EE3FFFF0B8E060021
:1002E00064010001DD1E00000F2107006401000110
:1002F0001FEAFFFF7EA20B00640100019E0D0000BB
:1003000070A10E0064010001652C000029B50800F1
:100310006401000141E2FFFFD9AF07006401000161
:10032000FC0700003CC2060084000000A80C01206D
:10033000B0000000A80C012064010001FD060000CF
:10034000E0560800F0000000000100006401000118
:1003500095FFFFFFAA35050064010001D5E9FFFF05
:10036000617F0B006401000115360000960D090045
:1003700064010001672400003EF2070064010001EF
:100380004ACAFFFFE3E80500640100019E47000040
:100390004ED60800640100017F20000040CC080018
:1003A00064010001C2040000188A07006401000112
:1003B0006EE3FFFF0B8E060064010001DD1E0000EE
:1003C0000F210700640100011FEAFFFF7EA20B005E
:1003D000640100019E0D000070A10E006401000187
:1003E000652C000029B508006401000141E2FFFF0F
:1003F000D9AF070064010001FC0700003CC2060001
:1004000084000000E80D0120B0000000E80D01208C
:1004100064010001FD060000E0560800F000000045
:10042000000100006401000195FFFFFFAA350500EF
:1004300064010001D5E9FFFF617F0B006401000149
:1004400015360000960D09006401000167240000C4
:100450003EF20700640100014ACAFFFFE3E805001D
:10046000640100019E4700004ED6080064010001AF
:100470007F20000040CC080064010001C20400009D
:10048000188A0700640100016EE3FFFF0B8E06006F
:1004900064010001DD1E00000F210700640100015E
:1004A0001FEAFFFF7EA20B00640100019E0D000009
:1004B00070A10E0064010001652C000029B5080040
:1004C0006401000141E2FFFFD9AF070064010001B0
:1004D000FC0700003CC2060084000000280F012039
:1004E000B0000000280F012064010001FD0600009B
:1004F000E0560800F0000000000100006401000167
:1005000095FFFFFFAA35050064010001D5E9FFFF53
:10051000617F0B006401000115360000960D090093
:1005200064010001672400003EF20700640100013D
:100530004ACAFFFFE3E80500640100019E4700008E
:100540004ED60800640100017F20000040CC080066
:1005500064010001C2040000188A07006401000160
:100560006EE3FFFF0B8E060064010001DD1E00003C
:100570000F210700640100011FEAFFFF7EA20B00AC
:10058000640100019E0D000070A10E0064010001D5
:10059000652C000029B508006401000141E2FFFF5D
:1005A000D9AF070064010001FC0700003CC206004F
:1005B0008400000068FC002094000001F83801006D
:1005C00020002301B000000068FC0020D4000000DF
:1005D000031701008001000103000000000000007B
:1005E000CC010000000000C064010001770C000095
:1005F0009C350200F00000000001000064010001D1
:10060000E801000095A0020064010001CB09000090
:10061000F9FA0000640100018AF9FFFF3C81010042
:10062000640100014AFAFFFFD032010064010001B9
:10063000B3030000F70E0200640100011AFFFFFF80
:100640000C0A01006401000186020000283101004B
:100650006401000107030000BDA20600640100015F
:10066000010F00004F29050064010001A9FFFFFFF1
:10067000050901006401000199F9FFFF0B24010045
:100680006401000110F2FFFF9033010064010001DA
:10069000F73B0000C6A80000640100018AF9FFFFD3
:1006A000C967010064010001D8F3FFFF2A36010089
:1006B00064010001E8FBFFFFF87203006401000120
:1006C000C2FCFFFFAAFD0400640100010904000050
:1006D000C8D800006401000101FFFFFFF194010090
:1006E00064010001FE0500005ED10100640100010B
:1006F00046F7FFFFDD350100640100013202000012
:10070000E86401006401000199F5FFFF4B15010049
:1007100064010001F1000000793A06006401000163
:10072000950700008791010064010001B90A0000EB
:10073000DD090200640100010F050000E35501001E
:1007400064010001E1F7FFFF068E02006401000171
:1007500089FDFFFF8E45010064010001DC000000FF
:10076000F08C0100640100017BFCFFFF576804006E
:1007700084000000A8FD0020B0000000A8FD0020BB
:1007800064010001770C00009C350200F0000000BD
:100790000001000064010001E801000095A00200D2
:1007A00064010001CB090000F9FA000064010001B6
:1007B0008AF9FFFF3C810100640100014AFAFFFF52
:1007C000D032010064010001B3030000F70E020003
:1007D000640100011AFFFFFF0C0A0100640100011F
:1007E00086020000283101006401000107030000B7
:1007F000BDA2060064010001010F00004F290500A1
:1008000064010001A9FFFFFF050901006401000167
:1008100099F9FFFF0B2401006401000110F2FFFFB2
:100820009033010064010001F73B0000C6A80000FE
:10083000640100018AF9FFFFC9670100640100013A
:10084000D8F3FFFF2A36010064010001E8FBFFFF37
:10085000F872030064010001C2FCFFFFAAFD04005E
:100860006401000109040000C8D80000640100010F
:1008700001FFFFFFF194010064010001FE0500008B
:100880005ED101006401000146F7FFFFDD35010084
:100890006401000132020000E8640100640100010B
:1008A00099F5FFFF4B15010064010001F100000004
:1008B000793A060064010001950700008791010064
:1008C00064010001B90A0000DD09020064010001B1
:1008D0000F050000E355010064010001E1F7FFFF8F
:1008E000068E02006401000189FDFFFF8E450100B4
:1008F00064010001DC000000F08C010064010001D3
:100900007BFCFFFF5768040084000000E8FE002025
:10091000B0000000E8FE002064010001770C000038
:100920009C350200F000000000010000640100019D
:10093000E801000095A0020064010001CB0900005D
:10094000F9FA0000640100018AF9FFFF3C8101000F
:10095000640100014AFAFFFFD03201006401000186
:10096000B3030000F70E0200640100011AFFFFFF4D
:100970000C0A010064010001860200002831010018
:100980006401000107030000BDA20600640100012C
:10099000010F00004F29050064010001A9FFFFFFBE
:1009A000050901006401000199F9FFFF0B24010012
:1009B0006401000110F2FFFF9033010064010001A7
:1009C000F73B0000C6A80000640100018AF9FFFFA0
:1009D000C967010064010001D8F3FFFF2A36010056
:1009E00064010001E8FBFFFFF872030064010001ED
:1009F000C2FCFFFFAAFD040064010001090400001D
:100A0000C8D800006401000101FFFFFFF19401005C
:100A100064010001FE0500005ED1010064010001D7
:100A200046F7FFFFDD3501006401000132020000DE
:100A3000E86401006401000199F5FFFF4B15010016
:100A400064010001F1000000793A06006401000130
:100A5000950700008791010064010001B90A0000B8
:100A6000DD090200640100010F050000E3550100EB
:100A700064010001E1F7FFFF068E0200640100013E
:100A800089FDFFFF8E45010064010001DC000000CC
:100A9000F08C0100640100017BFCFFFF576804003B
:100AA0008400000028000120B00000002800012080
:100AB00064010001770C00009C350200F00000008A
:100AC0000001000064010001E801000095A002009F
:100AD00064010001CB090000F9FA00006401000183
:100AE0008AF9FFFF3C810100640100014AFAFFFF1F
:100AF000D032010064010001B3030000F70E0200D0
:100B0000640100011AFFFFFF0C0A010064010001EB
:100B10008602000028310100640100010703000083
:100B2000BDA2060064010001010F00004F2905006D
:100B300064010001A9FFFFFF050901006401000134
:100B400099F9FFFF0B2401006401000110F2FFFF7F
:100B50009033010064010001F73B0000C6A80000CB
:100B6000640100018AF9FFFFC96701006401000107
:100B7000D8F3FFFF2A36010064010001E8FBFFFF04
:100B8000F872030064010001C2FCFFFFAAFD04002B
:100B90006401000109040000C8D8000064010001DC
:100BA00001FFFFFFF194010064010001FE05000058
:100BB0005ED101006401000146F7FFFFDD35010051
:100BC0006401000132020000E864010064010001D8
:100BD00099F5FFFF4B15010064010001F1000000D1
:100BE000793A060064010001950700008791010031
:100BF00064010001B90A0000DD090200640100017E
:100C00000F050000E355010064010001E1F7FFFF5B
:100C1000068E02006401000189FDFFFF8E45010080
:100C200064010001DC000000F08C0100640100019F
:100C30007BFCFFFF5768040084000000680101206E
:100C4000B00000006801012064010001770C000081
:100C50009C350200F000000000010000640100016A
:100C6000E801000095A0020064010001CB0900002A
:100C7000F9FA0000640100018AF9FFFF3C810100DC
:100C8000640100014AFAFFFFD03201006401000153
:100C9000B3030000F70E0200640100011AFFFFFF1A
:100CA0000C0A0100640100018602000028310100E5
:100CB0006401000107030000BDA2060064010001F9
:100CC000010F00004F29050064010001A9FFFFFF8B
:100CD000050901006401000199F9FFFF0B240100DF
:100CE0006401000110F2FFFF903301006401000174
:100CF000F73B0000C6A80000640100018AF9FFFF6D
:100D0000C967010064010001D8F3FFFF2A36010022
:100D100064010001E8FBFFFFF872030064010001B9
:100D2000C2FCFFFFAAFD04006401000109040000E9
:100D3000C8D800006401000101FFFFFFF194010029
:100D400064010001FE0500005ED1010064010001A4
:100D500046F7FFFFDD3501006401000132020000AB
:100D6000E86401006401000199F5FFFF4B150100E3
:100D700064010001F1000000793A060064010001FD
:100D8000950700008791010064010001B90A000085
:100D9000DD090200640100010F050000E3550100B8
:100DA00064010001E1F7FFFF068E0200640100010B
:100DB00089FDFFFF8E45010064010001DC00000099
:100DC000F08C0100640100017BFCFFFF5768040008
:100DD00084000000A8020120B0000000A802012049
:100DE00064010001770C00009C350200F000000057
:100DF0000001000064010001E801000095A002006C
:100E000064010001CB090000F9FA0000640100014F
:100E10008AF9FFFF3C810100640100014AFAFFFFEB
:100E2000D032010064010001B3030000F70E02009C
:100E3000640100011AFFFFFF0C0A010064010001B8
:100E40008602000028310100640100010703000050
:100E5000BDA2060064010001010F00004F2905003A
:100E600064010001A9FFFFFF050901006401000101
:100E700099F9FFFF0B2401006401000110F2FFFF4C
:100E80009033010064010001F73B0000C6A8000098
:100E9000640100018AF9FFFFC967010064010001D4
:100EA000D8F3FFFF2A36010064010001E8FBFFFFD1
:100EB000F872030064010001C2FCFFFFAAFD0400F8
:100EC0006401000109040000C8D8000064010001A9
:100ED00001FFFFFFF194010064010001FE05000025
:100EE0005ED101006401000146F7FFFFDD3501001E
:100EF0006401000132020000E864010064010001A5
:100F000099F5FFFF4B15010064010001F10000009D
:100F1000793A0600640100019507000087910100FD
:100F200064010001B90A0000DD090200640100014A
:100F30000F050000E355010064010001E1F7FFFF28
:100F4000068E02006401000189FDFFFF8E4501004D
:100F500064010001DC000000F08C0100640100016C
:100F60007BFCFFFF5768040084000000E8030120B9
:100F7000B0000000E803012064010001770C0000CC
:100F80009C350200F0000000000100006401000137
:100F9000E801000095A0020064010001CB090000F7
:100FA000F9FA0000640100018AF9FFFF3C810100A9
:100FB000640100014AFAFFFFD03201006401000120
:100FC000B3030000F70E0200640100011AFFFFFFE7
:100FD0000C0A0100640100018602000028310100B2
:100FE0006401000107030000BDA2060064010001C6
:100FF000010F00004F29050064010001A9FFFFFF58
:10100000050901006401000199F9FFFF0B240100AB
:101010006401000110F2FFFF903301006401000140
:10102000F73B0000C6A80000640100018AF9FFFF39
:10103000C967010064010001D8F3FFFF2A360100EF
:1010400064010001E8FBFFFFF87203006401000186
:10105000C2FCFFFFAAFD04006401000109040000B6
:10106000C8D800006401000101FFFFFFF1940100F6
:1010700064010001FE0500005ED101006401000171
:1010800046F7FFFFDD350100640100013202000078
:10109000E86401006401000199F5FFFF4B150100B0
:1010A00064010001F1000000793A060064010001CA
:1010B000950700008791010064010001B90A000052
:1010C000DD090200640100010F050000E355010085
:1010D00064010001E1F7FFFF068E020064010001D8
:1010E00089FDFFFF8E45010064010001DC00000066
:1010F000F08C0100640100017BFCFFFF57680400D5
:101100008400000028050120B0000000280501200F
:1011100064010001770C00009C350200F000000023
:101120000001000064010001E801000095A0020038
:1011300064010001CB090000F9FA0000640100011C
:101140008AF9FFFF3C810100640100014AFAFFFFB8
:10115000D032010064010001B3030000F70E020069
:10116000640100011AFFFFFF0C0A01006401000185
:10117000860200002831010064010001070300001D
:10118000BDA2060064010001010F00004F29050007
:1011900064010001A9FFFFFF0509010064010001CE
:1011A00099F9FFFF0B2401006401000110F2FFFF19
:1011B0009033010064010001F73B0000C6A8000065
:1011C000640100018AF9FFFFC967010064010001A1
:1011D000D8F3FFFF2A36010064010001E8FBFFFF9E
:1011E000F872030064010001C2FCFFFFAAFD0400C5
:1011F0006401000109040000C8D800006401000176
:1012000001FFFFFFF194010064010001FE050000F1
:101210005ED101006401000146F7FFFFDD350100EA
:101220006401000132020000E86401006401000171
:1012300099F5FFFF4B15010064010001F10000006A
:10124000793A0600640100019507000087910100CA
:1012500064010001B90A0000DD0902006401000117
:101260000F050000E355010064010001E1F7FFFFF5
:10127000068E02006401000189FDFFFF8E4501001A
:1012800064010001DC000000F08C01006401000139
:101290007BFCFFFF57680400840000006806012003
:1012A000B00000006806012064010001770C000016
:1012B0009C350200F0000000000100006401000104
:1012C000E801000095A0020064010001CB090000C4
:1012D000F9FA0000640100018AF9FFFF3C81010076
:1012E000640100014AFAFFFFD032010064010001ED
:1012F000B3030000F70E0200640100011AFFFFFFB4
:101300000C0A01006401000186020000283101007E
:101310006401000107030000BDA206006401000192
:10132000010F00004F29050064010001A9FFFFFF24
:10133000050901006401000199F9FFFF0B24010078
:101340006401000110F2FFFF90330100640100010D
:10135000F73B0000C6A80000640100018AF9FFFF06
:10136000C967010064010001D8F3FFFF2A360100BC
:1013700064010001E8FBFFFFF87203006401000153
:10138000C2FCFFFFAAFD0400640100010904000083
:10139000C8D800006401000101FFFFFFF1940100C3
:1013A00064010001FE0500005ED10100640100013E
:1013B00046F7FFFFDD350100640100013202000045
:1013C000E86401006401000199F5FFFF4B1501007D
:1013D00064010001F1000000793A06006401000197
:1013E000950700008791010064010001B90A00001F
:1013F000DD090200640100010F050000E355010052
:1014000064010001E1F7FFFF068E020064010001A4
:1014100089FDFFFF8E45010064010001DC00000032
:10142000F08C0100640100017BFCFFFF57680400A1
:1014300084000000A8070120B0000000A8070120D8
:1014400064010001770C00009C350200F0000000F0
:101450000001000064010001E801000095A0020005
:1014600064010001CB090000F9FA000064010001E9
:101470008AF9FFFF3C810100640100014AFAFFFF85
:10148000D032010064010001B3030000F70E020036
:10149000640100011AFFFFFF0C0A01006401000152
:1014A00086020000283101006401000107030000EA
:1014B000BDA2060064010001010F00004F290500D4
:1014C00064010001A9FFFFFF05090100640100019B
:1014D00099F9FFFF0B2401006401000110F2FFFFE6
:1014E0009033010064010001F73B0000C6A8000032
:1014F000640100018AF9FFFFC9670100640100016E
:10150000D8F3FFFF2A36010064010001E8FBFFFF6A
:10151000F872030064010001C2FCFFFFAAFD040091
:101520006401000109040000C8D800006401000142
:1015300001FFFFFFF194010064010001FE050000BE
:101540005ED101006401000146F7FFFFDD350100B7
:101550006401000132020000E8640100640100013E
:1015600099F5FFFF4B15010064010001F100000037
:10157000793A060064010001950700008791010097
:1015800064010001B90A0000DD09020064010001E4
:101590000F050000E355010064010001E1F7FFFFC2
:1015A000068E02006401000189FDFFFF8E450100E7
:1015B00064010001DC000000F08C01006401000106
:1015C0007BFCFFFF5768040084000000E80801204E
:1015D000B0000000E808012064010001770C000061
:1015E0009C350200F00000000001000064010001D1
:1015F000E801000095A0020064010001CB09000091
:10160000F9FA0000640100018AF9FFFF3C81010042
:10161000640100014AFAFFFFD032010064010001B9
:10162000B3030000F70E0200640100011AFFFFFF80
:101630000C0A01006401000186020000283101004B
:101640006401000107030000BDA20600640100015F
:10165000010F00004F29050064010001A9FFFFFFF1
:10166000050901006401000199F9FFFF0B24010045
:101670006401000110F2FFFF9033010064010001DA
:10168000F73B0000C6A80000640100018AF9FFFFD3
:10169000C967010064010001D8F3FFFF2A36010089
:1016A00064010001E8FBFFFFF87203006401000120
:1016B000C2FCFFFFAAFD0400640100010904000050
:1016C000C8D800006401000101FFFFFFF194010090
:1016D00064010001FE0500005ED10100640100010B
:1016E00046F7FFFFDD350100640100013202000012
:1016F000E86401006401000199F5FFFF4B1501004A
:1017000064010001F1000000793A06006401000163
:10171000950700008791010064010001B90A0000EB
:10172000DD090200640100010F050000E35501001E
:1017300064010001E1F7FFFF068E02006401000171
:1017400089FDFFFF8E45010064010001DC000000FF
:10175000F08C0100640100017BFCFFFF576804006E
:1017600084000000280A0120B0000000280A01209F
:1017700064010001770C00009C350200F0000000BD
:101780000001000064010001E801000095A00200D2
:1017900064010001CB090000F9FA000064010001B6
:1017A0008AF9FFFF3C810100640100014AFAFFFF52
:1017B000D032010064010001B3030000F70E020003
:1017C000640100011AFFFFFF0C0A0100640100011F
:1017D00086020000283101006401000107030000B7
:1017E000BDA2060064010001010F00004F290500A1
:1017F00064010001A9FFFFFF050901006401000168
:1018000099F9FFFF0B2401006401000110F2FFFFB2
:101810009033010064010001F73B0000C6A80000FE
:10182000640100018AF9FFFFC9670100640100013A
:10183000D8F3FFFF2A36010064010001E8FBFFFF37
:10184000F872030064010001C2FCFFFFAAFD04005E
:101850006401000109040000C8D80000640100010F
:1018600001FFFFFFF194010064010001FE0500008B
:101870005ED101006401000146F7FFFFDD35010084
:101880006401000132020000E8640100640100010B
:1018900099F5FFFF4B15010064010001F100000004
:1018A000793A060064010001950700008791010064
:1018B00064010001B90A0000DD09020064010001B1
:1018C0000F050000E355010064010001E1F7FFFF8F
:1018D000068E02006401000189FDFFFF8E450100B4
:1018E00064010001DC000000F08C010064010001D3
:1018F0007BFCFFFF5768040084000000680B012098
:10190000B0000000680B012064010001770C0000AA
:101910009C350200F000000000010000640100019D
:10192000E801000095A0020064010001CB0900005D
:10193000F9FA0000640100018AF9FFFF3C8101000F
:10194000640100014AFAFFFFD03201006401000186
:10195000B3030000F70E0200640100011AFFFFFF4D
:101960000C0A010064010001860200002831010018
:101970006401000107030000BDA20600640100012C
:10198000010F00004F29050064010001A9FFFFFFBE
:10199000050901006401000199F9FFFF0B24010012
:1019A0006401000110F2FFFF9033010064010001A7
:1019B000F73B0000C6A80000640100018AF9FFFFA0
:1019C000C967010064010001D8F3FFFF2A36010056
:1019D00064010001E8FBFFFFF872030064010001ED
:1019E000C2FCFFFFAAFD040064010001090400001D
:1019F000C8D800006401000101FFFFFFF19401005D
:101A000064010001FE0500005ED1010064010001D7
:101A100046F7FFFFDD3501006401000132020000DE
:101A2000E86401006401000199F5FFFF4B15010016
:101A300064010001F1000000793A06006401000130
:101A4000950700008791010064010001B90A0000B8
:101A5000DD090200640100010F050000E3550100EB
:101A600064010001E1F7FFFF068E0200640100013E
:101A700089FDFFFF8E45010064010001DC000000CC
:101A8000F08C0100640100017BFCFFFF576804003B
:101A900084000000A80C0120B0000000A80C012068
:101AA00064010001770C00009C350200F00000008A
:101AB0000001000064010001E801000095A002009F
:101AC00064010001CB090000F9FA00006401000183
:101AD0008AF9FFFF3C810100640100014AFAFFFF1F
:101AE000D032010064010001B3030000F70E0200D0
:101AF000640100011AFFFFFF0C0A010064010001EC
:101B00008602000028310100640100010703000083
:101B1000BDA2060064010001010F00004F2905006D
:101B200064010001A9FFFFFF050901006401000134
:101B300099F9FFFF0B2401006401000110F2FFFF7F
:101B40009033010064010001F73B0000C6A80000CB
:101B5000640100018AF9FFFFC96701006401000107
:101B6000D8F3FFFF2A36010064010001E8FBFFFF04
:101B7000F872030064010001C2FCFFFFAAFD04002B
:101B80006401000109040000C8D8000064010001DC
:101B900001FFFFFFF194010064010001FE05000058
:101BA0005ED101006401000146F7FFFFDD35010051
:101BB0006401000132020000E864010064010001D8
:101BC00099F5FFFF4B15010064010001F1000000D1
:101BD000793A060064010001950700008791010031
:101BE00064010001B90A0000DD090200640100017E
:101BF0000F050000E355010064010001E1F7FFFF5C
:101C0000068E02006401000189FDFFFF8E45010080
:101C100064010001DC000000F08C0100640100019F
:101C20007BFCFFFF5768040084000000E80D0120E2
:101C3000B0000000E80D012064010001770C0000F5
:101C40009C350200F000000000010000640100016A
:101C5000E801000095A0020064010001CB0900002A
:101C6000F9FA0000640100018AF9FFFF3C810100DC
:101C7000640100014AFAFFFFD03201006401000153
:101C8000B3030000F70E0200640100011AFFFFFF1A
:101C90000C0A0100640100018602000028310100E5
:101CA0006401000107030000BDA2060064010001F9
:101CB000010F00004F29050064010001A9FFFFFF8B
:101CC000050901006401000199F9FFFF0B240100DF
:101CD0006401000110F2FFFF903301006401000174
:101CE000F73B0000C6A80000640100018AF9FFFF6D
:101CF000C967010064010001D8F3FFFF2A36010023
:101D000064010001E8FBFFFFF872030064010001B9
:101D1000C2FCFFFFAAFD04006401000109040000E9
:101D2000C8D800006401000101FFFFFFF194010029
:101D300064010001FE0500005ED1010064010001A4
:101D400046F7FFFFDD3501006401000132020000AB
:101D5000E86401006401000199F5FFFF4B150100E3
:101D600064010001F1000000793A060064010001FD
:101D7000950700008791010064010001B90A000085
:101D8000DD090200640100010F050000E3550100B8
:101D900064010001E1F7FFFF068E0200640100010B
:101DA00089FDFFFF8E45010064010001DC00000099
:101DB000F08C0100640100017BFCFFFF5768040008
:101DC00084000000280F0120B0000000280F01202F
:101DD00064010001770C00009C350200F000000057
:101DE0000001000064010001E801000095A002006C
:101DF00064010001CB090000F9FA00006401000150
:101E00008AF9FFFF3C810100640100014AFAFFFFEB
:101E1000D032010064010001B3030000F70E02009C
:101E2000640100011AFFFFFF0C0A010064010001B8
:101E30008602000028310100640100010703000050
:101E4000BDA2060064010001010F00004F2905003A
:101E500064010001A9FFFFFF050901006401000101
:101E600099F9FFFF0B2401006401000110F2FFFF4C
:101E70009033010064010001F73B0000C6A8000098
:101E8000640100018AF9FFFFC967010064010001D4
:101E9000D8F3FFFF2A36010064010001E8FBFFFFD1
:101EA000F872030064010001C2FCFFFFAAFD0400F8
:101EB0006401000109040000C8D8000064010001A9
:101EC00001FFFFFFF194010064010001FE05000025
:101ED0005ED101006401000146F7FFFFDD3501001E
:101EE0006401000132020000E864010064010001A5
:101EF00099F5FFFF4B15010064010001F10000009E
:101F0000793A0600640100019507000087910100FD
:101F100064010001B90A0000DD090200640100014A
:101F20000F050000E355010064010001E1F7FFFF28
:101F3000068E02006401000189FDFFFF8E4501004D
:101F400064010001DC000000F08C0100640100016C
:101F50007BFCFFFF57680400800000075000400032
:101F600068FC00205000B3040014000003000300CC
:101F7000F83A01002000330009000000A800000525
:101F80000000150028002000680C00202800030035
:101F90000005000001010101CC0000000000020268
:101FA00064010001C22E01000A4C0000D8000000AC
:101FB00001000001F00000000001000064010001C8
:101FC000BD1801004A590000640100012B5B0100AB
:101FD000E286000064010001A6290100056A0000F4
:101FE000640100011EEFFFFFFA73000064010001AD
:101FF000903C0000B05B000064010001B12D0100C5
:102000007F790000640100016AFFFFFF9A740000FD
:102010006401000197A0FFFF382F00006401000158
:10202000600F00000C41000064010001C5D9FFFFF2
:102030005682000064010001C71F01001A770000EA
:1020400064010001D9220100358F00006401000104
:102050006A7F00003AD20000640100015F230100A2
:10206000A156000064010001980F01001F650000E7
:10207000640100017F600100C33C000064010001B5
:10208000ECE900006D25000064010001092A01004F
:10209000CE92000064010001042101005F7C000079
:1020A0006401000146200100F958000064010001AC
:1020B0005F78FFFF338F000064010001F76E0100BD
:1020C000C57C0000640100012D190100E7750000C6
:1020D0006401000152DAFEFF665200006401000153
:1020E000311F0100376F000064010001FC91000006
:1020F000B77100006401000125190100BD750000E1
:1021000064010001725F0100E23600006401000119
:10211000FD7EFFFF447E000064010001640C0000AE
:102120007B6F000064010001D05801000F330000F4
:102130008000000728000400680C00202800030924
:102140000005040020000100183C010010004302BB
:1021500020000000A8000001000005002800040085
:10216000BC00000000000000CC00000000000101E5
:10217000D4000000031B01008001000102000000E8
:1021800000000080CC010000000000486401000154
:10219000FD60000051C50500D800000002000001EC
:1021A000F000000000010000640100016143000034
:1021B0000DAE060064010001228AFFFFD6FD030078
:1021C00064010001DA8A0000396C04006401000136
:1021D0006474FFFF618B0400640100015AF5FFFF86
:1021E000EA6C0500640100017597FFFF4B8407004E
:1021F00064010001822E00002ED10500640100015F
:1022000071FFFFFF1FAD0800640100014877000067
:10221000DFAC0500640100010FD2FFFFAFC2070071
:10222000640100013E95FFFF34DF050064010001F9
:102230004D6FFFFFCCFF0500640100011EC0FFFFD2
:1022400032E203006401000144D8FFFF9FA00400B4
:10225000640100010BF6FFFF05FF0500840000008C
:10226000080D0020B0000000080D002064010001EE
:10227000FD60000051C50500F000000000010000F5
:1022800064010001614300000DAE0600640100011D
:10229000228AFFFFD6FD030064010001DA8A0000F4
:1022A000396C0400640100016474FFFF618B040059
:1022B000640100015AF5FFFFEA6C050064010001AA
:1022C0007597FFFF4B84070064010001822E000018
:1022D0002ED105006401000171FFFFFF1FAD080052
:1022E0006401000148770000DFAC050064010001D3
:1022F0000FD2FFFFAFC20700640100013E95FFFF50
:1023000034DF0500640100014D6FFFFFCCFF0500C5
:10231000640100011EC0FFFF32E2030064010001FE
:1023200044D8FFFF9FA00400640100010BF6FFFFEB
:1023300005FF050084000000A80D0020B00000008B
:10234000A80D002064010001FD60000051C50500DA
:10235000F000000000010000640100016143000082
:102360000DAE060064010001228AFFFFD6FD0300C6
:1023700064010001DA8A0000396C04006401000184
:102380006474FFFF618B0400640100015AF5FFFFD4
:10239000EA6C0500640100017597FFFF4B8407009C
:1023A00064010001822E00002ED1050064010001AD
:1023B00071FFFFFF1FAD08006401000148770000B6
:1023C000DFAC0500640100010FD2FFFFAFC20700C0
:1023D000640100013E95FFFF34DF05006401000148
:1023E0004D6FFFFFCCFF0500640100011EC0FFFF21
:1023F00032E203006401000144D8FFFF9FA0040003
:10240000640100010BF6FFFF05FF050084000000DA
:10241000480E0020B0000000480E002064010001BA
:10242000FD60000051C50500F00000000001000043
:1024300064010001614300000DAE0600640100016B
:10244000228AFFFFD6FD030064010001DA8A000042
:10245000396C0400640100016474FFFF618B0400A7
:10246000640100015AF5FFFFEA6C050064010001F8
:102470007597FFFF4B84070064010001822E000066
:102480002ED105006401000171FFFFFF1FAD0800A0
:102490006401000148770000DFAC05006401000121
:1024A0000FD2FFFFAFC20700640100013E95FFFF9E
:1024B00034DF0500640100014D6FFFFFCCFF050014
:1024C000640100011EC0FFFF32E20300640100014D
:1024D00044D8FFFF9FA00400640100010BF6FFFF3A
:1024E00005FF050084000000E80E0020B000000099
:1024F000E80E002064010001FD60000051C50500E8
:10250000F0000000000100006401000161430000D0
:102510000DAE060064010001228AFFFFD6FD030014
:1025200064010001DA8A0000396C040064010001D2
:102530006474FFFF618B0400640100015AF5FFFF22
:10254000EA6C0500640100017597FFFF4B840700EA
:1025500064010001822E00002ED1050064010001FB
:1025600071FFFFFF1FAD0800640100014877000004
:10257000DFAC0500640100010FD2FFFFAFC207000E
:10258000640100013E95FFFF34DF05006401000196
:102590004D6FFFFFCCFF0500640100011EC0FFFF6F
:1025A00032E203006401000144D8FFFF9FA0040051
:1025B000640100010BF6FFFF05FF05008400000029
:1025C000880F0020B0000000880F00206401000187
:1025D000FD60000051C50500F00000000001000092
:1025E00064010001614300000DAE060064010001BA
:1025F000228AFFFFD6FD030064010001DA8A000091
:10260000396C0400640100016474FFFF618B0400F5
:10261000640100015AF5FFFFEA6C05006401000146
:102620007597FFFF4B84070064010001822E0000B4
:102630002ED105006401000171FFFFFF1FAD0800EE
:102640006401000148770000DFAC0500640100016F
:102650000FD2FFFFAFC20700640100013E95FFFFEC
:1026600034DF0500640100014D6FFFFFCCFF050062
:10267000640100011EC0FFFF32E20300640100019B
:1026800044D8FFFF9FA00400640100010BF6FFFF88
:1026900005FF05008400000028100020B0000000A5
:1026A0002810002064010001FD60000051C50500F4
:1026B000F00000000001000064010001614300001F
:1026C0000DAE060064010001228AFFFFD6FD030063
:1026D00064010001DA8A0000396C04006401000121
:1026E0006474FFFF618B0400640100015AF5FFFF71
:1026F000EA6C0500640100017597FFFF4B84070039
:1027000064010001822E00002ED105006401000149
:1027100071FFFFFF1FAD0800640100014877000052
:10272000DFAC0500640100010FD2FFFFAFC207005C
:10273000640100013E95FFFF34DF050064010001E4
:102740004D6FFFFFCCFF0500640100011EC0FFFFBD
:1027500032E203006401000144D8FFFF9FA004009F
:10276000640100010BF6FFFF05FF05008400000077
:10277000C8100020B0000000C81000206401000153
:10278000FD60000051C50500F000000000010000E0
:1027900064010001614300000DAE06006401000108
:1027A000228AFFFFD6FD030064010001DA8A0000DF
:1027B000396C0400640100016474FFFF618B040044
:1027C000640100015AF5FFFFEA6C05006401000195
:1027D0007597FFFF4B84070064010001822E000003
:1027E0002ED105006401000171FFFFFF1FAD08003D
:1027F0006401000148770000DFAC050064010001BE
:102800000FD2FFFFAFC20700640100013E95FFFF3A
:1028100034DF0500640100014D6FFFFFCCFF0500B0
:10282000640100011EC0FFFF32E2030064010001E9
:1028300044D8FFFF9FA00400640100010BF6FFFFD6
:1028400005FF05008000000128000800680C00203A
:102850009000000310000100183E01004000230119
:1028600010000000AC00000128000800680C0020E7
:10287000D4000000031701008001000103000000E4
:1028800000000000CC010000000000C06401000155
:10289000493A0000DFB60000F0000000000100002F
:1028A00064010001CED9FFFF4EF201006401000176
:1028B0008D2300008C400200640100010709000024
:1028C000CA4F01006401000180F8FFFF8817020071
:1028D00064010001407C0000514F000064010001D0
:1028E000E6530000977F000064010001BA0A00006F
:1028F000C8520200640100010A01000009920100AF
:10290000640100019F4E0000DB92000064010001A1
:10291000EB1400005DF801006401000192FEFFFF6E
:1029200034DB0100640100018F100000886D02009B
:1029300064010001C6FEFFFF089C02006401000163
:102940005E3C0000A3C000006401000130FDFFFFF9
:10295000EB04040064010001521800003629010054
:1029600064010001EFF4FFFF21C0020064010001D7
:10297000F0FEFFFFCC4A0100640100011D080000C9
:102980009B66040064010001DBFEFFFF71F702009B
:102990006401000174F9FFFF806502006401000119
:1029A00065FAFFFF33650200640100012BFFFFFFA2
:1029B000A0D50100640100018AE1FFFF7D650100EF
:1029C00064010001DB5900001B620000640100018A
:1029D000D63B00007CAA000064010001FC56000008
:1029E000B7AE0000640100013117000017100100AC
:1029F00064010001F00100004DD4030064010001F6
:102A000026F2FFFFBF9D010064010001A741000005
:102A1000ACAA000064010001322A000074E3000047
:102A2000640100016D28000061D80000640100010C
:102A3000E0F4FFFF56B9010064010001E517000052
:102A4000452A010064010001850700003E73020071
:102A500064010001B0E5FFFF7E7A0200640100011D
:102A60008BFCFFFF1640010064010001CEF1FFFF67
:102A7000FB00020064010001250E00001368030042
:102A8000640100014DFCFFFF2559020064010001B3
:102A90000EFAFFFFA173010064010001900F000016
:102AA0004642020064010001D9220000380A0100F8
:102AB000640100017AFAFFFF80AB010064010001AC
:102AC000060A00009A7E010064010001E2FFFFFF98
:102AD000BC20020064010001190C0000658902009D
:102AE00064010001B30900004E23020064010001EB
:102AF0002BEEFFFF43D301006401000175020000CB
:102B00003F31020064010001BF0C00000A490100CE
:102B10006401000187FAFFFF18EF01006401000162
:102B20002E160000DE32010064010001C1F2FFFF39
:102B3000B32A03006401000196F3FFFF79840100CA
:102B40006401000138E9FFFFF4F2010064010001B3
:102B50006C050000B567030064010001E8E7FFFFB2
:102B6000F9C1020064010001E3FEFFFF98BA020010
:102B700064010001BAF3FFFFD5CF01006401000139
:102B80008C3B000032C1000064010001E5F6FFFF4C
:102B9000E113030084000000A80D0020B000000035
:102BA000A80D002064010001493A0000DFB60000D2
:102BB000F00000000001000064010001CED9FFFF19
:102BC0004EF20100640100018D2300008C400200E0
:102BD0006401000107090000CA4F010064010001FF
:102BE00080F8FFFF8817020064010001407C0000AC
:102BF000514F000064010001E6530000977F000080
:102C000064010001BA0A0000C85202006401000118
:102C10000A01000009920100640100019F4E0000BA
:102C2000DB92000064010001EB1400005DF801007C
:102C30006401000192FEFFFF34DB0100640100012A
:102C40008F100000886D020064010001C6FEFFFFC6
:102C5000089C0200640100015E3C0000A3C000006B
:102C60006401000130FDFFFFEB040400640100017A
:102C7000521800003629010064010001EFF4FFFF43
:102C800021C0020064010001F0FEFFFFCC4A0100F8
:102C9000640100011D0800009B660400640100013E
:102CA000DBFEFFFF71F702006401000174F9FFFF12
:102CB000806502006401000165FAFFFF33650200D0
:102CC000640100012BFFFFFFA0D50100640100019A
:102CD0008AE1FFFF7D65010064010001DB5900000E
:102CE0001B62000064010001D63B00007CAA0000CA
:102CF00064010001FC560000B7AE00006401000151
:102D0000311700001710010064010001F0010000FC
:102D10004DD403006401000126F2FFFFBF9D0100B6
:102D200064010001A7410000ACAA00006401000199
:102D3000322A000074E30000640100016D280000E5
:102D400061D8000064010001E0F4FFFF56B9010002
:102D500064010001E5170000452A0100640100013B
:102D6000850700003E73020064010001B0E5FFFF2B
:102D70007E7A0200640100018BFCFFFF1640010017
:102D800064010001CEF1FFFFFB00020064010001BD
:102D9000250E000013680300640100014DFCFFFFD5
:102DA00025590200640100010EFAFFFFA173010022
:102DB00064010001900F000046420200640100011E
:102DC000D9220000380A0100640100017AFAFFFFED
:102DD00080AB010064010001060A00009A7E010038
:102DE00064010001E2FFFFFFBC200200640100015A
:102DF000190C00006589020064010001B30900009C
:102E00004E230200640100012BEEFFFF43D30100BB
:102E100064010001750200003F31020064010001FD
:102E2000BF0C00000A4901006401000187FAFFFF9E
:102E300018EF0100640100012E160000DE320100CF
:102E400064010001C1F2FFFFB32A03006401000125
:102E500096F3FFFF798401006401000138E9FFFF68
:102E6000F4F20100640100016C050000B567030085
:102E700064010001E8E7FFFFF9C1020064010001FD
:102E8000E3FEFFFF98BA020064010001BAF3FFFFFE
:102E9000D5CF0100640100018C3B000032C100006D
:102EA00064010001E5F6FFFFE11303008400000068
:102EB000E80E0020B0000000E80E002064010001D0
:102EC000493A0000DFB60000F000000000010000F9
:102ED00064010001CED9FFFF4EF201006401000140
:102EE0008D2300008C4002006401000107090000EE
:102EF000CA4F01006401000180F8FFFF881702003B
:102F000064010001407C0000514F00006401000199
:102F1000E6530000977F000064010001BA0A000038
:102F2000C8520200640100010A0100000992010078
:102F3000640100019F4E0000DB920000640100016B
:102F4000EB1400005DF801006401000192FEFFFF38
:102F500034DB0100640100018F100000886D020065
:102F600064010001C6FEFFFF089C0200640100012D
:102F70005E3C0000A3C000006401000130FDFFFFC3
:102F8000EB0404006401000152180000362901001E
:102F900064010001EFF4FFFF21C0020064010001A1
:102FA000F0FEFFFFCC4A0100640100011D08000093
:102FB0009B66040064010001DBFEFFFF71F7020065
:102FC0006401000174F9FFFF8065020064010001E3
:102FD00065FAFFFF33650200640100012BFFFFFF6C
:102FE000A0D50100640100018AE1FFFF7D650100B9
:102FF00064010001DB5900001B6200006401000154
:10300000D63B00007CAA000064010001FC560000D1
:10301000B7AE000064010001311700001710010075
:1030200064010001F00100004DD4030064010001BF
:1030300026F2FFFFBF9D010064010001A7410000CF
:10304000ACAA000064010001322A000074E3000011
:10305000640100016D28000061D8000064010001D6
:10306000E0F4FFFF56B9010064010001E51700001C
:10307000452A010064010001850700003E7302003B
:1030800064010001B0E5FFFF7E7A020064010001E7
:103090008BFCFFFF1640010064010001CEF1FFFF31
:1030A000FB00020064010001250E0000136803000C
:1030B000640100014DFCFFFF25590200640100017D
:1030C0000EFAFFFFA173010064010001900F0000E0
:1030D0004642020064010001D9220000380A0100C2
:1030E000640100017AFAFFFF80AB01006401000176
:1030F000060A00009A7E010064010001E2FFFFFF62
:10310000BC20020064010001190C00006589020066
:1031100064010001B30900004E23020064010001B4
:103120002BEEFFFF43D30100640100017502000094
:103130003F31020064010001BF0C00000A49010098
:103140006401000187FAFFFF18EF0100640100012C
:103150002E160000DE32010064010001C1F2FFFF03
:10316000B32A03006401000196F3FFFF7984010094
:103170006401000138E9FFFFF4F20100640100017D
:103180006C050000B567030064010001E8E7FFFF7C
:10319000F9C1020064010001E3FEFFFF98BA0200DA
:1031A00064010001BAF3FFFFD5CF01006401000103
:1031B0008C3B000032C1000064010001E5F6FFFF16
:1031C000E11303008400000028100020B00000007C
:1031D0002810002064010001493A0000DFB6000019
:1031E000F00000000001000064010001CED9FFFFE3
:1031F0004EF20100640100018D2300008C400200AA
:103200006401000107090000CA4F010064010001C8
:1032100080F8FFFF8817020064010001407C000075
:10322000514F000064010001E6530000977F000049
:1032300064010001BA0A0000C852020064010001E2
:103240000A01000009920100640100019F4E000084
:10325000DB92000064010001EB1400005DF8010046
:103260006401000192FEFFFF34DB010064010001F4
:103270008F100000886D020064010001C6FEFFFF90
:10328000089C0200640100015E3C0000A3C0000035
:103290006401000130FDFFFFEB0404006401000144
:1032A000521800003629010064010001EFF4FFFF0D
:1032B00021C0020064010001F0FEFFFFCC4A0100C2
:1032C000640100011D0800009B6604006401000108
:1032D000DBFEFFFF71F702006401000174F9FFFFDC
:1032E000806502006401000165FAFFFF336502009A
:1032F000640100012BFFFFFFA0D501006401000164
:103300008AE1FFFF7D65010064010001DB590000D7
:103310001B62000064010001D63B00007CAA000093
:1033200064010001FC560000B7AE0000640100011A
:10333000311700001710010064010001F0010000C6
:103340004DD403006401000126F2FFFFBF9D010080
:1033500064010001A7410000ACAA00006401000163
:10336000322A000074E30000640100016D280000AF
:1033700061D8000064010001E0F4FFFF56B90100CC
:1033800064010001E5170000452A01006401000105
:10339000850700003E73020064010001B0E5FFFFF5
:1033A0007E7A0200640100018BFCFFFF16400100E1
:1033B00064010001CEF1FFFFFB0002006401000187
:1033C000250E000013680300640100014DFCFFFF9F
:1033D00025590200640100010EFAFFFFA1730100EC
:1033E00064010001900F00004642020064010001E8
:1033F000D9220000380A0100640100017AFAFFFFB7
:1034000080AB010064010001060A00009A7E010001
:1034100064010001E2FFFFFFBC2002006401000123
:10342000190C00006589020064010001B309000065
:103430004E230200640100012BEEFFFF43D3010085
:1034400064010001750200003F31020064010001C7
:10345000BF0C00000A4901006401000187FAFFFF68
:1034600018EF0100640100012E160000DE32010099
:1034700064010001C1F2FFFFB32A030064010001EF
:1034800096F3FFFF798401006401000138E9FFFF32
:10349000F4F20100640100016C050000B56703004F
:1034A00064010001E8E7FFFFF9C1020064010001C7
:1034B000E3FEFFFF98BA020064010001BAF3FFFFC8
:1034C000D5CF0100640100018C3B000032C1000037
:1034D00064010001E5F6FFFFE1130300800000072F
:1034E00028002000680C0020280093090005000037
:1034F00003000300184201004000330009000000EF
:10350000A80000050000150014001000680C002041
:10351000140003004001000001010101CC00000083
:103520000000020264010001D56900004EBE0000E7
:10353000D800000001000001F000000000010000C0
:103540006401000124C90000BFE002006401000121
:10355000BFD7000095390000640100013348010025
:103560006B4B00006401000130450100AD600000BC
:103570006401000122FCFFFFF64502006401000126
:103580006DFEFFFF7CBC02006401000159B2000027
:103590001B6A00006401000158F90000C47D0000AE
:1035A0006401000146FFFFFF034F010064010001B9
:1035B000737E0000414F000064010001EC3F0100F8
:1035C000DB54000064010001904C0100663F0000E4
:1035D00064010001C7BBFFFFD17500006401000159
:1035E00050040000FBEB010064010001E74302000E
:1035F0008254000064010001C8A20000AC78000001
:1036000064010001A08D0100BD52000064010001B1
:10361000E6FA00007C8100006401000154330100DF
:10362000651F00006401000164BF0000814E0000BE
:1036300064010001981F0000B73A00006401000116
:10364000CE32FFFFDFB9000064010001DD6501003B
:103650001670000064010001772F0100137D000047
:1036600064010001A0FEFFFF9B3502006401000120
:10367000EC050000115D010064010001252E000031
:103680000707010064010001B63C00004E72000013
:1036900064010001A041FFFF325B000064010001F2
:1036A0006E350100778C000064010001403A000093
:1036B0000A0801006401000148F4FFFF55480100B9
:1036C000640100011D010000D6E100006401000159
:1036D000B92101006853000064010001DFFAFFFF17
:1036E0005922010064010001AF0D01001F340000E8
:1036F000640100012E2901002C6800006401000112
:10370000C2C2000094CB0000640100015697000083
:103710009BEC00006401000133ECFFFF7FEF000031
:1037200064010001BC250100106200006401000179
:10373000A255FFFFD15C000064010001A5FEFFFF60
:103740002A3F010064010001B8FAFFFF08D300001E
:103750006401000146E4FEFF7A8C00006401000170
:1037600020010000ADB9000064010001B93801007A
:103770009A46000064010001E7DDFEFFF69F0000AD
:1037800064010001DF1600006D56000064010001B5
:1037900006F40000BCEA0000640100013A380100B0
:1037A0008E930000640100018E89FFFF509200009B
:1037B000640100017FE900008A000100640100014A
:1037C00084F5FFFF6DD1010064010001B6B2000075
:1037D000E92700006401000198010100B47E0000A7
:1037E00064010001B7330100D371000064010001DE
:1037F0009916FFFF1B720000640100012BE5000019
:10380000B16E000064010001587AFFFFB967000043
:1038100064010001E6840000F76900006401000112
:10382000AEFFFFFFFFE60000640100013718010052
:10383000D96D00008000000014000400880000051D
:1038400014008310400104004000010058440100AE
:103850001000230440000000A80000010000050043
:1038600014000400BC00000000000000CC000000B8
:1038700000000101D4000000031B010080010001D1
:103880000200000000000080CC01000000000040A9
:1038900064010001896FFFFF32810200D80000003F
:1038A00002000001F00000000001000064010001BE
:1038B0002248FFFFADF503006401000164FFFEFF35
:1038C000E8DC040064010001A0AEFFFFA8DD0200F7
:1038D0006401000100B20000295B020064010001E4
:1038E0004360FFFFB97E020064010001BB40FFFF9F
:1038F000D15B0200640100017A740000CDC50300B1
:10390000640100015A0C010094C802006401000126
:103910002195FFFFDED1040064010001DB84FFFF7D
:10392000424B030064010001C2D3FEFF2FE50200F9
:10393000640100013DBB00000CF1020064010001C4
:103940006C10FFFF0A0C03006401000162E1FFFF3D
:103950003B3B030064010001A07700009C9902003A
:1039600084000000B80C0020B0000000B80C00205B
:1039700064010001896FFFFF32810200F000000046
:1039800000010000640100012248FFFFADF50300C3
:103990006401000164FFFEFFE8DC04006401000133
:1039A000A0AEFFFFA8DD02006401000100B200002C
:1039B000295B0200640100014360FFFFB97E020041
:1039C00064010001BB40FFFFD15B02006401000104
:1039D0007A740000CDC50300640100015A0C010097
:1039E00094C80200640100012195FFFFDED10400AC
:1039F00064010001DB84FFFF424B0300640100010E
:103A0000C2D3FEFF2FE50200640100013DBB0000B0
:103A10000CF10200640100016C10FFFF0A0C0300AE
:103A20006401000162E1FFFF3B3B03006401000110
:103A3000A07700009C99020084000000080D00207F
:103A4000B0000000080D002064010001896FFFFF35
:103A500032810200F000000000010000640100015A
:103A60002248FFFFADF503006401000164FFFEFF83
:103A7000E8DC040064010001A0AEFFFFA8DD020045
:103A80006401000100B20000295B02006401000132
:103A90004360FFFFB97E020064010001BB40FFFFED
:103AA000D15B0200640100017A740000CDC50300FF
:103AB000640100015A0C010094C802006401000175
:103AC0002195FFFFDED1040064010001DB84FFFFCC
:103AD000424B030064010001C2D3FEFF2FE5020048
:103AE000640100013DBB00000CF102006401000113
:103AF0006C10FFFF0A0C03006401000162E1FFFF8C
:103B00003B3B030064010001A07700009C99020088
:103B100084000000580D0020B0000000580D002067
:103B200064010001896FFFFF32810200F000000094
:103B300000010000640100012248FFFFADF5030011
:103B40006401000164FFFEFFE8DC04006401000181
:103B5000A0AEFFFFA8DD02006401000100B200007A
:103B6000295B0200640100014360FFFFB97E02008F
:103B700064010001BB40FFFFD15B02006401000152
:103B80007A740000CDC50300640100015A0C0100E5
:103B900094C80200640100012195FFFFDED10400FA
:103BA00064010001DB84FFFF424B0300640100015C
:103BB000C2D3FEFF2FE50200640100013DBB0000FF
:103BC0000CF10200640100016C10FFFF0A0C0300FD
:103BD0006401000162E1FFFF3B3B0300640100015F
:103BE000A07700009C9902008000000214001000E1
:103BF000680C002014002313900000031000010043
:103C0000584801003000230110000000AC00000102
:103C10001400100068200020D400000003170100E9
:103C2000800100010300000000000000CC01000042
:103C3000000000C064010001939900001F520000C1
:103C4000F000000000010000640100014D290000A7
:103C5000C6DB000064010001FD4D0000DAA8000091
:103C60006401000171EAFFFF15F700006401000123
:103C70004E280000DFB8000064010001AD2A0000FA
:103C800082310100640100016F100000DB6E010051
:103C900064010001100E00003D08010064010001F4
:103CA000550E0000F821010064010001883A00006F
:103CB00096D60000640100011C080000AECE010091
:103CC0006401000112490000CF8700006401000177
:103CD000FD0F0000AC8D0100640100017C12FFFFAC
:103CE000C1200000640100019B2F0000E00C0100D6
:103CF0006401000128070000DFE9020064010001FF
:103D0000AE420000774E01006401000182ECFFFF2B
:103D1000DF0E010064010001E5120000D45F010024
:103D20006401000182190000CFD400006401000189
:103D3000601100009ED101006401000112FAFFFF32
:103D4000A0E00100640100013F6CFFFF7517000057
:103D5000640100011CFAFFFFB1B20100640100011F
:103D6000B9210000E4A6010064010001F20A00008C
:103D7000A83A0100640100010816000018AC010017
:103D8000640100014B4200002DBA000064010001F3
:103D9000E00100004285010064010001783000006C
:103DA0001D23010064010001234F000092C30000A5
:103DB00064010001EA0600005503010064010001EE
:103DC000F22D00008EEE0000640100015418000086
:103DD000079401006401000103260000109D00000B
:103DE0006401000102330000331501006401000189
:103DF00044360000A9E60000640100016DEDFFFFFC
:103E0000667A010064010001C42D0000A7C800000B
:103E100064010001B6050000FB35010064010001EA
:103E2000BD190000B9520100640100011029000011
:103E30001BE70000640100014D1800004B19010050
:103E400064010001183E000078E6000064010001F2
:103E50004F0F0000462D0200640100011011000008
:103E6000E8FD01006401000135010000CD310100D1
:103E700064010001392C0000F5E100008400000617
:103E8000682000201400F30F40010000030003002D
:103E9000584B01003000330009000000A80000006A
:103EA00000001500BC00000001010101CC00000071
:103EB000000001016401000182FAFFFFF4880400A0
:103EC000D800000001000001F00000000001000027
:103ED00064010001D52100008FC6000064010001CB
:103EE0008B260000227D0000640100019F26000057
:103EF000037D010064010001E6FBFFFF7D880100F6
:103F000064010001AD5F0000EC8E0000640100015F
:103F1000630400003B8501006401000159090000B1
:103F2000285B0100640100017251000062E400009E
:103F3000640100010BFCFFFF803C030064010001F1
:103F4000240600001E2E010064010001EBFFFFFFAC
:103F5000C04E020064010001E3090000C9ED000049
:103F6000640100014D790A00F905000064010001B7
:103F7000C94A00003CA0000064010001890E000055
:103F80008C21010064010001E9FBFFFF92030100A5
:103F90006401000186F300009C68000064010001D8
:103FA0002FFBFFFFEC7F010064010001E70300002D
:103FB000C4D50100640100015EEBFFFF48FD000075
:103FC0006401000139FAFFFF93C800006401000199
:103FD000F845120094030000640100010609000086
:103FE00096ED00006401000132FEFFFF44EA00008C
:103FF0006401000193DBFFFF94B60100640100013E
:1040000056DAFFFFB724010064010001E703000056
:10401000EB8A0100640100010E6500008DA2000022
:10402000640100012D080000DB750100640100013E
:1040300048F5FFFF765B0100640100013B110000C1
:10404000722C0100640100013DFBFFFF0C93010095
:10405000640100014D780000D06600006401000199
:104060002EFCFFFFDAA30000640100011705000029
:10407000BF640100640100012AF7FFFFF34A020058
:1040800064010001F249000070F2000064010001C7
:10409000700000003225020064010001478C00001E
:1040A000080101006401000174F8FFFF7895010028
:1040B00064010001E3FCFFFFBFBE010064010001D9
:1040C000C91700001FCC010064010001A4E0FFFF3C
:1040D00008D80100640100016854FFFFDC9700006C
:1040E00064010001F43900002EF9000064010001B0
:1040F0002C000000EBBE000064010001B0F7FFFFE0
:10410000AD7E02008000000014000600880000055B
:10411000140003124001040030000100084D0100AA
:104120001000030330000000A8000001000005009B
:1041300014000600BC00000000000000D4000000D5
:10414000031B01008001000102000000000000804C
:10415000CC0100000000004064010001A9EDFFFF58
:10416000D0700300D800000002000001F000000041
:104170000001000064010001B3EDFFFF25AF020064
:104180006401000109300000A1B3020064010001D4
:10419000FBB00000B3CF030064010001EC1200008B
:1041A0004D240300640100014D910000C1CA0400C8
:1041B00064010001B28FFFFF7A4502006401000133
:1041C00026F7FFFF6F0C04006401000144DA0000D1
:1041D00038BC020064010001F3CB0000E08A020059
:1041E000640100018679FFFF5DC8030064010001DE
:1041F0009BA7FFFF94BE030064010001A3C7FFFF5C
:104200002CF20200640100015A010000364A02004B
:1042100064010001AB040000F2C803006401000166
:104220006031FFFFE91D040084000000E020002051
:10423000B0000000E020002064010001A9EDFFFFB4
:10424000D0700300F00000000001000064010001D4
:10425000B3EDFFFF25AF020064010001093000004B
:10426000A1B3020064010001FBB00000B3CF030062
:1042700064010001EC1200004D2403006401000100
:104280004D910000C1CA040064010001B28FFFFF1C
:104290007A4502006401000126F7FFFF6F0C04005D
:1042A0006401000144DA000038BC0200640100012E
:1042B000F3CB0000E08A0200640100018679FFFF71
:1042C0005DC80300640100019BA7FFFF94BE0300CB
:1042D00064010001A3C7FFFF2CF20200640100018A
:1042E0005A010000364A020064010001AB040000DC
:1042F000F2C80300640100016031FFFFE91D040002
:10430000800000011400040058210020AC000001CE
:10431000140004005821002064010001A9EDFFFFF2
:10432000D0700300F00000000001000064010001F3
:10433000B3EDFFFF25AF020064010001093000006A
:10434000A1B3020064010001FBB00000B3CF030081
:1043500064010001EC1200004D240300640100011F
:104360004D910000C1CA040064010001B28FFFFF3B
:104370007A4502006401000126F7FFFF6F0C04007C
:104380006401000144DA000038BC0200640100014D
:10439000F3CB0000E08A0200640100018679FFFF90
:1043A0005DC80300640100019BA7FFFF94BE0300EA
:1043B00064010001A3C7FFFF2CF2020064010001A9
:1043C0005A010000364A020064010001AB040000FB
:1043D000F2C80300640100016031FFFFE91D040021
:1043E0008000000714001000682000201400330033
:1043F0004001000014001000680C00201000330081
:1044000040010000AC00000114001000680C002006
:10441000D800000106000000FA516B726001000232
:10442000030F0100DADCF9FF010000007001000059
:1044300000000500F00000000001000084000006FC
:10444000680C002014002313400104001000010038
:10445000085001003000230110000000B0000000EF
:1044600068200020D4000000031701008001000133
:104470000300000000000000CC010000000000C0AC
:1044800064010001DF21000092E80000D800000074
:1044900002000001F00000000001000064010001C2
:1044A000E31D0000D463010064010001010000006D
:1044B0001FC70100640100019B100000FEEC00001A
:1044C0006401000147130000AF69010064010001AD
:1044D0004134000038CF00006401000135050000C0
:1044E0002C890100640100014C270000D0E9000084
:1044F0006401000171F1FFFF614B010064010001E3
:10450000BE080000F9C701006401000188F9FFFF3F
:1045100056E10100640100014E3000006A220100F2
:104520006401000102450000F4E50000640100019F
:1045300001F0FFFFC04401006401000107F2FFFF2A
:10454000825F010064010001EDF4FFFF52EF000003
:104550006401000173080000188602006401000174
:1045600048EBFFFFFCC40000640100018913000058
:10457000A5330100640100018019000093BF000011
:10458000640100018E17000046D40100640100019F
:1045900019140000B6A3010064010001CC0A000058
:1045A0002BF3010064010001F7250000FB6101000D
:1045B00064010001C5F6FFFFACDD000064010001ED
:1045C00037EBFFFFB63C02006401000190030000DE
:1045D000F3C80000640100016113000093FD0000B6
:1045E00064010001C9FEFFFFF6250100640100011E
:1045F00089F1FFFF17E6000064010001C1F2FFFF2F
:10460000E92001006401000174E5FFFFD7AF01005C
:10461000640100010D0B00005FDD0000640100017A
:104620000BC5FFFFEA2601006401000159E2FFFF0C
:10463000DFA401006401000189110000E798010076
:1046400064010001BBF9FFFFB547010064010001EF
:104650003FF7FFFF6B7C010064010001302B00007D
:104660007DAF0000640100011EEBFFFFD71A0100BF
:104670006401000163F6FFFF40C70100640100010F
:1046800000400000556E000064010001AAC6FFFF53
:10469000AAF3000064010001D208000000EC000051
:1046A00064010001BFE8FFFF196601006401000119
:1046B00045F5FFFF81D401006401000195FAFFFF79
:1046C000EEED000064010001E5210000B02A0100C8
:1046D00084000006682000201400F30F4001000051
:1046E00003000300085301003000330009000000FC
:1046F000A8000001000015000A000800B400000234
:104700000C0003006000000001010101CC0000006A
:104710000000020264010001A84B01007D5200006C
:10472000D800000001000001F000000000010000BE
:104730006401000102880000844900006401000156
:1047400086380100F26A000064010001172F0100A1
:1047500046940000640100014CF60000B07D0000AA
:1047600064010001DB570000084F000064010001F4
:10477000542B0100B772000064010001817A00002F
:1047800076760000640100013E8901005783000035
:1047900064010001043D010034980000640100013F
:1047A000AC510100C18B0000640100018A79010055
:1047B0007640000064010001129D0000DF5D0000F2
:1047C000640100015126FFFFB707010064010001E9
:1047D000984001009A890000640100011A2001003C
:1047E00004A500006401000118720100634000008C
:1047F0006401000103E40000CE61020064010001D5
:10480000632E0100B066000064010001470B010047
:10481000C88200006401000186810000F9460000A2
:1048200064010001EE6601006A3C000064010001C1
:10483000603901007D7D00006401000149410100F3
:104840009E4D000064010001EC3501002DFA0000CE
:10485000640100018D64010009E6000064010001AB
:104860000301FFFF01930000640100018D38010086
:104870008DA7000064010001DB460000025C00001F
:10488000640100017A0001008471010064010001EB
:1048900031EDFFFF066A0000640100019A4F01003C
:1048A000207900006401000138130000259F0000FA
:1048B000640100015946FFFF14B1000064010001CA
:1048C000E25B0100FE5C00006401000181D3FEFF99
:1048D00089B00000640100018D72FFFF3D8200007D
:1048E000640100014B1F01004270000064010001DF
:1048F000263A000038A50000640100019D1FFFFF5B
:1049000028F700006401000163370100F182000014
:104910006401000125810000819200006401000112
:104920004E54FFFFEEB10000640100012A3A01007D
:104930007D7B000064010001D93D01003339010095
:10494000640100016896FFFF667D000064010001BC
:1049500012540100C386000064010001157F0000AD
:1049600074630000800000000A0008008800000551
:104970000C00031E6000040030000100B854010068
:104980002000030330000000A80000000000050024
:10499000BC00000000000000CC000000000001018D
:1049A000D4000000031C010080010001020000008F
:1049B00000000080CC010000000000406401000104
:1049C0009DEDFFFF9CE90800D800000002000001F7
:1049D000F0000000000100006401000140C0FFFF82
:1049E0008C2A0A006401000159590000AE36070004
:1049F00064010001A4610000C97F0A006401000194
:104A00009E0300009AD70800640100011DA5FEFF67
:104A1000012904006401000187D5FFFFA1310B00CB
:104A20006401000193A5FFFF1E0E0E00640100014A
:104A3000C9CAFFFFF9950A0064010001D8F2FFFF1F
:104A40007FDC09006401000156E3FFFF3AD10B004F
:104A500064010001C788FFFFC7780B0064010001F3
:104A600000020000862E0B0064010001EE08000029
:104A70006CB10B0064010001C970FFFF0D700B00E9
:104A800064010001D9C7FFFF94DF0A00640100013F
:104A9000100A0000664C0A0064010001B14E0000DB
:104AA00075B00B0064010001DB38FFFF95C0080002
:104AB0006401000100E7FFFFE0060A006401000155
:104AC000E730000074D90B0064010001BBD5FFFF83
:104AD000363C0B00640100010BC6FFFF4F620B0068
:104AE000640100014422000090EC08006401000110
:104AF0000823FFFF8DA4090064010001418F00001D
:104B0000FAB40C0064010001E8FBFFFFAAD50A001B
:104B100064010001127600007BD8090064010001E5
:104B20008CC8FFFF292C0B00640100015B0500000D
:104B3000E2980D0064010001A30400001D6B090050
:104B40006401000116050000E3770C0088000000F6
:104B50000C00831F9000000320000100B85A0100E0
:104B6000C000430220000000D40000000317010031
:104B7000800100010300000000000000CC010000E3
:104B8000000000C064010001E11A00000E0C0100E9
:104B9000F000000000010000640100010E3300007D
:104BA000F8B3000064010001663C00007881000059
:104BB00064010001354B0000DB6500006401000169
:104BC0001C3B0000AA9D000064010001BC290000FC
:104BD00059A700006401000190DFFFFF069F00005D
:104BE000640100013A47000051890000640100019E
:104BF0006A2D00001303010064010001E42000009D
:104C0000F59C00006401000181560000CF76000091
:104C100064010001D91A000037D6000064010001C8
:104C2000953A0000618E000064010001C936000061
:104C3000BB88000064010001E64D0000C58900004A
:104C40006401000189F8FFFFD6F000006401000153
:104C50000F070000A9AA0000640100011D13000055
:104C60007DB4000064010001975D0000B3600000A6
:104C700064010001B1F8FFFFFF7E00006401000144
:104C800063330000469E0000640100016F3600009F
:104C90005E9E0000640100013A310000ABD00000CC
:104CA00064010001F00D0000A8BF000064010001D4
:104CB00064180000E2940000640100012D3000003F
:104CC0001676000064010001172F00004BB30000AE
:104CD000640100013C0000005FAC000064010001C1
:104CE000821000005004010064010001A1130000C3
:104CF0001DC90000640100011D0A00001BC900005D
:104D000064010001073700006B65000064010001C9
:104D1000CBE5FFFF12FF000064010001ECEDFFFF97
:104D2000E7A1000064010001C32D00003EAB0000BC
:104D300064010001235000005F8000006401000155
:104D40002D300000716C000064010001434C000034
:104D5000B78F000064010001C31D000001000100C5
:104D60006401000173110000FCF700006401000100
:104D7000512000003EEC0000640100011BFBFFFF1E
:104D8000FC070100640100018CEAFFFF9CEA0000BF
:104D900064010001C6F0FFFFB4D10000640100010E
:104DA000AFF4FFFFDD8A0000640100011A1C00005F
:104DB000CCC200006401000150080000E70E0100B1
:104DC00064010001BD3A00002EA000006401000152
:104DD000B32A000052850000640100017105000043
:104DE00032B7000064010001AB1E000085B3000073
:104DF000640100019F520000E07F00006401000197
:104E0000BA1E000043F00000640100011F610000B1
:104E1000AB650000640100015D5000005F670000A9
:104E200064010001BEFEFFFF51A700006401000104
:104E3000C5EFFFFF9232010064010001113D000047
:104E400030A900006401000197F0FFFF592E010016
:104E500064010001FC28000081B70000640100012A
:104E6000BD080000A9D8000064010001AB6000008B
:104E7000B07E000064010001AD2D0000AFB2000063
:104E800064010001802C00009DC700006401000146
:104E90005D2B000081CE0000640100014AFFFFFF8E
:104EA00030FC000064010001845A0000A17D000074
:104EB00064010001A4E4FFFFCEB100006401000121
:104EC00061EFFFFF25E5000064010001EDEFFFFF4A
:104ED000CDA4000064010001DBF2FFFFC5EE00007D
:104EE000640100014C2F00009A8000006401000161
:104EF000BB18000052D2000064010001F211000052
:104F0000ABCD000064010001E3060000DBF9000006
:104F10006401000163DBFFFF23B1000064010001B5
:104F200079EDFFFF3FD400006401000163FEFFFF45
:104F3000DC3A010064010001E1FFFFFF7CDF0000BB
:104F400064010001C0F3FFFFC81901006401000102
:104F50008BE9FFFF4F0C01006401000147360000A0
:104F6000FF6200006401000188000000B90F010029
:104F70006401000104030000271301006401000123
:104F80008E2600003FAA000064010001FE0B000015
:104F9000CFA600006401000129F4FFFF6BF10000BF
:104FA000640100014C1100000FFE000064010001CB
:104FB00093FEFFFF6C1F010064010001D2FCFFFFA4
:104FC000DF07010064010001BCF4FFFF577400001B
:104FD00064010001964600005C410000640100018C
:104FE0005FF7FFFF13FE000064010001AE41000007
:104FF0002D4600006401000108260000E9B500000C
:1050000064010001E06000009A50000064010001AA
:1050100074E3FFFF7FDC000064010001AC270000A7
:105020008E82000064010001D8F8FFFF2AAB000067
:1050300064010001ECECFFFF468A000064010001FE
:10504000ECE3FFFF927000006401000135080000EE
:10505000F4C4000064010001F10100009DFD0000A6
:1050600064010001351E000066A900006401000112
:10507000F0040000A7A2000064010001FDF5FFFF9D
:10508000FABB000064010001CA140000E5FA000048
:105090006401000189280000BD8100006401000155
:1050A000F84F0000C44A000064010001F7F5FFFF5B
:1050B0006FC1000064010001D803000004E7000094
:1050C000640100013C340000A7830000640100017A
:1050D0008B180000B09D000064010001001000006A
:1050E000181C010064010001C0160000BF920000FE
:1050F000640100010EEBFFFFB0D800006401000165
:10510000744D0000365A0000640100016F67000012
:10511000FD4500006401000169FBFFFFB7D30000FB
:10512000640100016D0E0000FAA40000640100019A
:1051300054EEFFFF2FAB0000640100010E010000E0
:10514000CE830000640100019F530000655C0000F5
:105150006401000133FFFFFF8E8F01006401000135
:10516000FBF6FFFF70F5000064010001D43E000073
:105170009964000064010001BEEEFFFF357100007C
:1051800064010001FD190000AAC1000064010001D2
:1051900021000000DACD00006401000118F3FFFFD8
:1051A0000DB0000064010001DD2800006560000012
:1051B00064010001D9F3FFFF4429010064010001EB
:1051C000920100001D120100640100013DE3FFFF98
:1051D00015A200006401000166E4FFFFEB9F0000E0
:1051E00064010001A9F0FFFF68D400006401000120
:1051F000783700007FAB000064010001F11000006F
:10520000567F000064010001F3EFFFFFECF60000A1
:105210006401000113050000D2C800006401000110
:1052200070F6FFFF9B08010064010001B70E00004B
:10523000C51601006401000146EEFFFF295A010076
:10524000640100013BFAFFFF4AC300006401000152
:10525000A4F4FFFF35CA0000640100016BF6FFFFF4
:105260000D8D00006401000178F0FFFF67A00000D1
:1052700064010001DDE0FFFF8DCD0000640100014D
:105280008D220000D073000064010001D9F5FFFFFA
:1052900007F80000640100018F03000095C60000BC
:1052A0006401000130F6FFFF0225010064010001E6
:1052B00015FAFFFF4EA4000064010001D12C00008C
:1052C0004F63000064010001E3F2FFFF53A10000FF
:1052D000640100019A2100004E7400006401000185
:1052E000222000008C8A000064010001BFE2FFFF61
:1052F000807A000064010001664B00000666000031
:105300006401000148600000C12C0000640100013C
:10531000AC180000F4A4000064010001420F00007A
:105320005FF5000064010001DACAFFFF847000002D
:10533000640100019001000048F2000064010001D6
:105340007E030000BCB500006401000118FFFFFFF0
:1053500048DD00006401000148FEFFFF4E0001002F
:10536000640100014F1E000019F9000064010001F2
:10537000EA590000055000006401000107300000F8
:1053800066A30000640100016D02000055AC00003E
:1053900064010001BC1300003DC90000640100016C
:1053A000115D000005420000640100013267000049
:1053B0002F5B000064010001D50600006CCE0000E8
:1053C0006401000177E8FFFF88FC00006401000130
:1053D000C4050000DF1A0100640100014BE3FFFF78
:1053E00055BC000064010001B10E000012B80000BD
:1053F00064010001711900007DBA00006401000120
:10540000D609000075030100640100017A0C000058
:10541000949B00006401000194E2FFFFE0BB0000E8
:1054200064010001A94400004C5400006401000123
:10543000843A0000475F000064010001A0DEFFFF26
:10544000DE940000640100013301000035DB000040
:10545000640100011E740000804C00006401000122
:105460005A2200004C9C000064010001BE1F000095
:10547000FA94000064010001832600001E71000000
:105480006401000143590000C75400008800000572
:105490000C0003186000000003000300B872010054
:1054A000C000330009000000A80000000000150043
:1054B000BC00000001010101CC000000000001015E
:1054C0006401000197BC000042530000D8000000B6
:1054D00001000001F0000000000100006401000173
:1054E000643400004B5E0100640100016B20000089
:1054F000F0CC0100640100010D2C0000EE5501000C
:10550000640100019D310000275601006401000183
:10551000A6580000C5C50000640100011930000054
:1055200053FC010064010001005900002ABE000084
:1055300064010001AFEA00009D6700006401000102
:105540001E0100008B08010064010001001C000026
:1055500002D200006401000185610000AFBC0000C0
:10556000640100017C2A000077270100640100012A
:10557000BD4500005F22010064010001022A000015
:105580001884010064010001BD5C00004AD80000DD
:10559000640100013A400000A9D900006401000143
:1055A000BF4C0000AC9F0000640100012A0900000C
:1055B0009B32010064010001BD3A0000BE070100FA
:1055C00064010001D0E4FFFF9019010064010001B3
:1055D000F031000093FE000064010001303700004C
:1055E0000BEA00006401000145D9FFFF5FBD000028
:1055F000640100017D42000008D600006401000142
:1056000004360000FFCB000064010001B63A000040
:105610003094010064010001C5740000F37B0000B8
:1056200064010001C4A100000072000064010001D7
:10563000BDBF0000414C00006401000118E1FFFF04
:10564000DA4C010064010001B21600006E3B01005B
:1056500064010001448500006B86010064010001C3
:10566000F61F00000A58010064010001B56F000038
:10567000817400006401000158EDFFFF98FC0000F8
:1056800064010001CC330000F55501006401000104
:1056900012290000C296010064010001D9E4FFFF55
:1056A0003757000064010001862C0000E69C0000D2
:1056B00064010001A51A0000B67500006401000134
:1056C0004F0B000011D50100640100018E3E000067
:1056D000CE3E010064010001626F0000239C0000C7
:1056E00064010001FA4400003CE90000640100018B
:1056F0004328000089E2000064010001237D0000CE
:10570000588B000064010001A08F0000E1A100009F
:105710006401000159E7FFFF393401006401000111
:10572000FB2300002A8C01006401000136290000DF
:10573000626501006401000119EEFFFF88E00000CE
:105740006401000185FBFFFF8F2B01006401000154
:105750002EFEFFFFE4670100640100014F18000006
:10576000DA2F010064010001D76600000B0101007F
:10577000640100018D5C0000F1FC00006401000187
:105780003E120000F7DB000064010001EA0E000099
:105790005CC5000064010001435C000093C300008D
:1057A00064010001FE650000729A000064010001BE
:1057B0004DF6FFFF0DDB0000640100013AFEFFFF24
:1057C000504001006401000146FBFFFF1CEF000098
:1057D0006401000164070000B5BB01006401000121
:1057E000BA46000046D9000064010001A2CFFFFFC5
:1057F0001CFF0000640100018E4B00007D290100A8
:1058000064010001948400000A1501006401000194
:105810008F50000094090200640100016C4C0000EC
:10582000DAF0000064010001A6F8FFFF51BB01009F
:1058300064010001E532FFFF2CAB000064010001B0
:10584000C92F0000DA430100640100010C180000B8
:10585000ADD400006401000122690000933A020007
:105860006401000197220000364801006401000134
:1058700057FDFFFFA7B2020064010001EA550000D6
:105880005ABF0000640100018F4D0000C3FC0000FE
:1058900064010001F06800004AFB0000640100019F
:1058A000520100005B8E02006401000141480000CB
:1058B00089BE0000640100017D05000064940000C1
:1058C0006401000140F6FFFF0617020064010001B9
:1058D0006F7300007B1C010064010001398A000025
:1058E000D1EF000064010001373BFFFF04720000AC
:1058F00064010001A479000093CD0000640100015F
:1059000048760000A49F000064010001B6AF0000CB
:105910004533010064010001FB23000049BE010082
:10592000640100017734000048EC000064010001CC
:10593000F900000069C201006401000169FAFFFF7B
:1059400007380100640100010C0400008CF601001E
:10595000640100014A5500009EDE00006401000160
:10596000FED6FFFFC4710200640100018D3F0000FC
:10597000653801006401000143CAFFFFB6EB000077
:105980006401000168460000130202006401000186
:10599000753E0000C8AF000064010001A56BFFFF69
:1059A000B3640000640100011004000067B6010048
:1059B00064010001D9200000F1FD00006401000134
:1059C0005FAF0000B39B000064010001C062FFFFF5
:1059D0004588000064010001650B0000C1920100D0
:1059E000640100016FFAFFFFCBE0010064010001D8
:1059F000593900000F4B01006401000148FFFEFF10
:105A00003C420000640100017CFAFFFF74E40100E5
:105A100064010001822A000032510100640100018A
:105A2000642300001E6C01006401000137EAFFFFDF
:105A3000B52F01006401000129A1000006B6000095
:105A400064010001F7FBFFFF116102006401000126
:105A5000CAF0FFFF69090200640100014E970000CF
:105A6000089800006401000135440000D1C4000022
:105A700064010001B63F0000905301006401000181
:105A8000CEFCFFFF72E900006401000132F9FFFF64
:105A90007900020064010001715F000051550000AF
:105AA000640100015A77FFFFABB2000064010001FE
:105AB00059FDFFFFF23B0200640100010CF8FFFFFB
:105AC0003F4A0100640100015007000046530100F5
:105AD000640100016B650000140E01006401000107
:105AE000C240000035EA000064010001EBF7FFFF4F
:105AF0001911020064010001FD7E0000DCB8000005
:105B000064010001991200005D08010064010001B8
:105B1000BB630000F87B010064010001B72D0000A9
:105B2000634701006401000170380000000F0100AC
:105B3000640100013EF9FFFF4479010064010001A6
:105B4000910E00001B580100640100012B6600004B
:105B500066E3000064010001C1110000A7B000006D
:105B6000640100011151000017C900006401000127
:105B700033310000CF33010064010001143900000B
:105B80002AF3000064010001F685000043040100CF
:105B9000640100015D750000A7ED000064010001D3
:105BA000A684FFFF0CB10000640100011BB50000DA
:105BB000AAA6000064010001DBBFFFFF9C94000067
:105BC0006401000166D7FFFFC742010064010001C4
:105BD000237D0000033E0100640100018E3BFFFFB6
:105BE000C4AC000064010001539800000DA5000042
:105BF00064010001C185000045B700006401000197
:105C00003EE9FFFF6355020064010001DD5DFFFF17
:105C10009C6B000064010001EDEDFFFFB048010046
:105C200064010001B0E4FFFFC02C01006401000129
:105C300010310000C8010100640100017C71FFFF08
:105C4000801C010064010001482C0000DF0E0300ED
:105C50006401000141F8FFFFE35F010064010001FE
:105C60005F1800004673010064010001453A00001E
:105C7000D1860100640100019D2D0000E084010037
:105C800064010001203A00005D98000064010001F9
:105C9000C36D0000D0D70000640100014E81FFFFFA
:105CA000DE980000640100017DC2FFFF6F9B0000D1
:105CB000640100017EEBFFFF68DB0200640100016C
:105CC000A3F9FFFFDC070100640100010A0D0000D9
:105CD0008ACD01006401000135E5FFFF88C701009E
:105CE0006401000172E2FFFF4C090200640100013F
:105CF000DADFFFFF6865020064010001B034FFFFD6
:105D000019700000640100016476000014D00000E6
:105D100064010001FAFAFFFF61DE00006401000186
:105D200067CCFFFF2EBE000064010001D7CFFFFF4C
:105D30006716010064010001B28AFFFFEDB70000A1
:105D400064010001C8EEFFFF02970000640100013A
:105D500076E5FFFF74A5000064010001A660000065
:105D6000B791010064010001852A000049BF0000CD
:105D700064010001CDFCFFFFF30702006401000194
:105D80005539000020380100640100012A15000087
:105D90009C0D0100640100015AD9FFFFABC4010052
:105DA0006401000122FCFFFFFEFD00006401000110
:105DB0009ADBFFFFDB2E0100640100010058FFFFAA
:105DC0001BC9000064010001C6F5FFFF761902003F
:105DD0008000000008000400880000050C0003306B
:105DE00060000400C0000100787901002000030C6D
:105DF000C0000000A8000001000005000800040029
:105E0000BC00000000000000D4000000031C0100E2
:105E1000800100010200000000000080CC010000B1
:105E20000000007064010001A3CDFFFFD25A0400FE
:105E3000D800000002000001F00000000001000096
:105E400064010001DA68FFFF391B070064010001EB
:105E500001DA0000507205006401000112B1000077
:105E6000D8E305006401000197080300EDE0050098
:105E700064010001576D0000F48F0400640100010B
:105E800082BDFEFFCA3E040064010001385E0100CD
:105E90002763050064010001923F0100859804001A
:105EA00064010001774AFFFF5BCF07006401000136
:105EB0001BEAFFFF1EAB050064010001909D00007E
:105EC0004E2E0400640100015206FDFF2F2A04003B
:105ED000640100014D67FFFF3627050064010001E2
:105EE0007AD8FDFFB58C050064010001ECBDFEFF12
:105EF000211C060064010001E1080200844805003D
:105F000064010001935D00003A6C06006401000129
:105F1000E938FDFFAEA40400640100018621FFFF03
:105F200077AA050064010001B8EBFFFF5CAB040039
:105F30006401000128CDFFFFA68305006401000174
:105F4000FF7301008064050064010001295FFFFF09
:105F500021F9040064010001D99AFFFF7A74050059
:105F600064010001058FFFFFC0A706006401000166
:105F70006C150200733A05006401000185F3FEFF11
:105F8000B42508006401000116F500001D4A050053
:105F9000640100012AEFFDFF77C1060064010001E2
:105FA000E5E5FEFF06650500640100010C67FCFFE6
:105FB000983504008400000098200020B000000004
:105FC0009820002064010001A3CDFFFFD25A0400F5
:105FD000F00000000001000064010001DA68FFFF2A
:105FE000391B07006401000101DA0000507205004E
:105FF0006401000112B10000D8E305006401000152
:1060000097080300EDE0050064010001576D0000F2
:10601000F48F04006401000182BDFEFFCA3E04004B
:1060200064010001385E010027630500640100017E
:10603000923F01008598040064010001774AFFFF48
:106040005BCF0700640100011BEAFFFF1EAB0500E8
:1060500064010001909D00004E2E040064010001C7
:106060005206FDFF2F2A0400640100014D67FFFF67
:1060700036270500640100017AD8FDFFB58C0500C4
:1060800064010001ECBDFEFF211C0600640100015B
:10609000E10802008448050064010001935D0000EE
:1060A0003A6C060064010001E938FDFFAEA404006B
:1060B000640100018621FFFF77AA05006401000149
:1060C000B8EBFFFF5CAB04006401000128CDFFFFCB
:1060D000A683050064010001FF73010080640500D0
:1060E00064010001295FFFFF21F904006401000140
:1060F000D99AFFFF7A74050064010001058FFFFF44
:10610000C0A70600640100016C150200733A050087
:106110006401000185F3FEFFB4250800640100015D
:1061200016F500001D4A0500640100012AEFFDFF7D
:1061300077C1060064010001E5E5FEFF0665050084
:10614000640100010C67FCFF983504008000000228
:1061500004000500702000200C00033CAC0000018E
:10616000040005007020002064010001A3CDFFFFA2
:10617000D25A0400F0000000000100006401000198
:10618000DA68FFFF391B07006401000101DA000033
:10619000507205006401000112B10000D8E305004F
:1061A0006401000197080300EDE0050064010001AF
:1061B000576D0000F48F04006401000182BDFEFFF2
:1061C000CA3E040064010001385E01002763050037
:1061D00064010001923F0100859804006401000100
:1061E000774AFFFF5BCF0700640100011BEAFFFF56
:1061F0001EAB050064010001909D00004E2E0400BE
:10620000640100015206FDFF2F2A04006401000111
:106210004D67FFFF36270500640100017AD8FDFFB6
:10622000B58C050064010001ECBDFEFF211C0600D9
:1062300064010001E10802008448050064010001D6
:10624000935D00003A6C060064010001E938FDFF2F
:10625000AEA40400640100018621FFFF77AA0500B7
:1062600064010001B8EBFFFF5CAB040064010001B6
:1062700028CDFFFFA683050064010001FF73010024
:106280008064050064010001295FFFFF21F904001B
:1062900064010001D99AFFFF7A74050064010001CE
:1062A000058FFFFFC0A70600640100016C15020006
:1062B000733A05006401000185F3FEFFB425080070
:1062C0006401000116F500001D4A0500640100018B
:1062D0002AEFFDFF77C1060064010001E5E5FEFF3E
:1062E00006650500640100010C67FCFF9835040099
:1062F0008000000104000300AC200020AC0000017D
:1063000004000300AC20002064010001A3CDFFFFC6
:10631000D25A0400F00000000001000064010001F6
:10632000DA68FFFF391B07006401000101DA000091
:10633000507205006401000112B10000D8E30500AD
:106340006401000197080300EDE00500640100010D
:10635000576D0000F48F04006401000182BDFEFF50
:10636000CA3E040064010001385E01002763050095
:1063700064010001923F010085980400640100015E
:10638000774AFFFF5BCF0700640100011BEAFFFFB4
:106390001EAB050064010001909D00004E2E04001C
:1063A000640100015206FDFF2F2A04006401000170
:1063B0004D67FFFF36270500640100017AD8FDFF15
:1063C000B58C050064010001ECBDFEFF211C060038
:1063D00064010001E1080200844805006401000135
:1063E000935D00003A6C060064010001E938FDFF8E
:1063F000AEA40400640100018621FFFF77AA050016
:1064000064010001B8EBFFFF5CAB04006401000114
:1064100028CDFFFFA683050064010001FF73010082
:106420008064050064010001295FFFFF21F9040079
:1064300064010001D99AFFFF7A740500640100012C
:10644000058FFFFFC0A70600640100016C15020064
:10645000733A05006401000185F3FEFFB4250800CE
:106460006401000116F500001D4A050064010001E9
:106470002AEFFDFF77C1060064010001E5E5FEFF9C
:1064800006650500640100010C67FCFF98350400F7
:10649000800000020A000800682000200C00831F12
:1064A0009000000320000100789101008000430269
:1064B00020000000AC0000010A000800682C002049
:1064C000D400000003170100800100010300000058
:1064D00000000000CC010000000000C064010001C9
:1064E000BBDAFFFF25CD0000F00000000001000036
:1064F000640100016AEDFFFF55DF00006401000147
:1065000016F9FFFFE32D010064010001079D010062
:10651000C03E000064010001C0E3FFFFD59400000D
:10652000640100010ADDFFFF9C27010064010001F6
:106530008F1F0000B423010064010001CDCBFFFFD9
:106540008EDF00006401000114D7FFFF9DD300001F
:10655000640100013CE5FFFF44CB00006401000141
:1065600010F1FFFF8A2F01006401000144270000A1
:106570003EC400006401000153E9FFFFCDDE0000CE
:1065800064010001DCC8FFFF33AA000064010001C0
:10659000E2E2FFFF3EF9000064010001A9FAFFFFFB
:1065A0003DF300006401000197E1FFFFB07C0100B2
:1065B0006401000121EBFFFF5CAD000064010001FC
:1065C00074F2FFFF08BC0000640100017EEEFFFFD3
:1065D000E9D5000064010001B2D5FFFF7FCB0000C8
:1065E000640100018DFEFFFF053E01006401000112
:1065F0002BD7FFFFE35B010064010001BEE2FFFF58
:1066000034FA000064010001D8F0FFFF99F10000A6
:1066100064010001F2DCFFFFF9F0000064010001F9
:106620007CE1FFFF2EBF00006401000181C3FFFF7A
:10663000D8A2000064010001C1F9FFFFDEE60000FE
:10664000640100010BDEFFFFBB13010064010001C8
:10665000E8FEFFFF23530100640100013FE9FFFF53
:10666000A1E700006401000199DDFFFF1CE20000CA
:10667000640100014AFDFFFFAFD600006401000184
:10668000FEFCFFFF6C0701006401000159050000DA
:10669000E4DE000064010001D810000050D70000C3
:1066A00064010001EAD2FFFF060D01006401000150
:1066B00076F3FFFF202601006401000190FDFFFF3B
:1066C000B2FA000064010001DFF8FFFF97DE00006E
:1066D0006401000182EFFFFF23C300006401000199
:1066E00077F7FFFFD63A01006401000195E1FFFF53
:1066F00019E8000064010001B3EDFFFF5638010006
:106700006401000139D8FFFF1DF30000640100019E
:1067100010EFFFFF56F000006401000168E2FFFF88
:10672000CB06010064010001DBEDFFFFE28C0100FC
:10673000640100012FF0FFFF774E010064010001AA
:1067400052F7FFFFCBF6000064010001CCD9FFFF38
:1067500073170100640100010DEFFFFFFD0601004A
:106760006401000193F4FFFFCF27010064010001E1
:1067700088EDFFFFDFF4000064010001DCE0FFFFB3
:10678000F53E01006401000139EEFFFF27FF000024
:106790006401000128F7FFFF32AF0000640100012F
:1067A000E6DEFFFFA6DF000064010001782900009B
:1067B000CE9F000064010001CEECFFFFFBD1000082
:1067C0006401000140E2FFFF21E4000064010001D8
:1067D00011D5FFFFAFB80000640100010ADCFFFF24
:1067E000C1A6000064010001A2D7FFFF89BE00001E
:1067F00064010001840F00004523010064010001D1
:1068000090D0FFFF18CE0000640100015BDDFFFFA8
:10681000461F01006401000166D5FFFF300601003C
:10682000640100012BECFFFFBEF6000064010001D3
:106830004BF3FFFF01DD00006401000153E8FFFF9F
:10684000C3BE000064010001FBFAFFFF7BC0000033
:106850006401000154100000A6160100640100014B
:106860000E2A000094EC000064010001D8D0FFFF64
:1068700082E9000064010001E7F5FFFF06F5000072
:1068800064010001B2CBFFFF41B4000064010001CC
:1068900094F8FFFFA266010064010001703E000051
:1068A0007165000064010001CBC5FFFF01C300005A
:1068B00064010001CFD9FFFF89CF0000640100010E
:1068C00014000000C0A80000640100018E02000056
:1068D00019D20000640100013606000022CA00003F
:1068E0006401000176EAFFFF8CDB00006401000117
:1068F000E2C8FFFF24A20000640100018EE2FFFF56
:10690000DAC400006401000127CBFFFF8EB1000054
:10691000640100018FEAFFFF982901006401000172
:106920007F0500002518010064010001BA1700006E
:10693000A99C0000640100016EE6FFFF6FC8000023
:1069400064010001B9D7FFFF5FDF000064010001AF
:106950001ADEFFFF4305010064010001F6F3FFFFAB
:10696000153001006401000183D8FFFFEC9A00009C
:1069700064010001F0DAFFFFE1CB000064010001D7
:1069800063E0FFFFE6A700006401000171D9FFFF8B
:106990006F9B000064010001A8F0FFFF7FE2000090
:1069A00064010001D5D3FFFFDCAF000064010001EA
:1069B000A3F1FFFFEDD1000064010001B1DAFFFF98
:1069C000260F010064010001B9F1FFFF43C9000077
:1069D000640100017A0A00001E4801006401000100
:1069E00060C7FFFF7EA3000064010001C11A000020
:1069F0001AE100006401000142D2FFFF8A6C00002E
:106A000064010001CAEAFFFF59E4000064010001CB
:106A10000DC8FFFFB2A600006401000141DEFFFFC8
:106A200006C40000640100011AEAFFFFE20C010045
:106A300064010001E3E9FFFF1FC3000064010001DE
:106A4000FDDCFFFF1EF100006401000109F1FFFF02
:106A5000E5ED000064010001A9FEFFFFC9D50000BB
:106A600064010001D9E5FFFF009B00006401000103
:106A700027FCFFFF510001006401000158E7FFFF00
:106A8000EBBC000064010001B008000088AB00000E
:106A900064010001F3ECFFFFE8C1000064010001A4
:106AA00027D6FFFFB5970000640100017AE6FFFFDB
:106AB000E8B2000064010001211500002EC10000B1
:106AC0006401000194E1FFFF64BF00006401000164
:106AD000E4060000C6D7000064010001AD16000006
:106AE000DBCB000084000006682C00200C0003189B
:106AF000600000000300030078A101008000330063
:106B000009000000A80000010000150005000400B5
:106B1000B400000208000300200000000101010190
:106B2000CC00000000000202640100017CF60000BD
:106B300079570100D800000001000001F0000000BA
:106B4000000100006401000107B7FEFFA4900000EF
:106B5000640100014E750100C5440000640100019C
:106B6000EE0FFFFF3D7D010064010001DAA8FFFF89
:106B7000C95E000064010001592F0000BAAB00009B
:106B800064010001A5290100CA260000640100017A
:106B9000AC540100E7A3000064010001555B010053
:106BA000066E000064010001E45EFFFF03AC00001C
:106BB0006401000131ECFFFF0B4F00006401000194
:106BC000C42B00002C410000640100012B3C01009B
:106BD00076870000640100017041010017B40000D5
:106BE000640100012B50010029D300006401000161
:106BF000E76B0100295B000064010001EF61010007
:106C00001CA30000640100015D48FFFF006B000051
:106C100064010001693C0100A47C000064010001E2
:106C20007E3401007675000064010001361B01000E
:106C30003796000064010001AB41010035500000AF
:106C4000640100014A44FFFFADC700006401000178
:106C5000A43001004560000064010001AB41010067
:106C6000006A0000640100017E6C0100C39F000007
:106C7000640100011D7BFFFF2F650000640100011E
:106C80000E09FFFFF739010064010001FF55010003
:106C90007157000064010001993B01005BC30000D3
:106CA0006401000156CCFFFF795600006401000129
:106CB0007293FFFF0C86000064010001E583FFFF73
:106CC000CB79000064010001EAEFFFFF0A580000E1
:106CD0006401000193AFFFFFD6530000640100017F
:106CE000230CFFFFAF9A000064010001842800001C
:106CF000C944000064010001C33901002B390100BF
:106D000064010001C6530100E45200006401000167
:106D1000BFB3FFFF3949000064010001C84801000A
:106D20007C760000640100019F3A0100C8710000F8
:106D300064010001A67801002F57000064010001E2
:106D4000AE3B01003A81000064010001FB27000016
:106D5000C947000064010001FE3F0100F01A010074
:106D60006401000186B9FFFF0760000064010001B3
:106D7000AB5E0100F8EA0000640100013D5B010028
:106D80003C6C0000640100012D3F01006A690000B5
:106D90006401000136BAFFFF0467000064010001CE
:106DA0005F91010029F000006401000173400100BF
:106DB000DA43000064010001E74E0100F44A0000DC
:106DC00064010001D32D01009190000064010001D5
:106DD000102501004A7C010064010001472E0100DA
:106DE000C3720000640100010F1E0000733C00002C
:106DF00064010001316301008D9400006401000111
:106E0000D2BFFFFF8A5D000064010001272E010050
:106E1000636A0000640100017668FFFF63160100E9
:106E200064010001FAE7FEFF892501006401000109
:106E30002A3201003675000064010001D8320100D9
:106E40007DE20000640100014DA8FFFF5133000006
:106E5000640100015E4C01000A130100640100019D
:106E60008C2501009FB3000064010001983C0100E3
:106E7000F503010064010001993EFFFF1A9D000027
:106E8000640100013AAEFEFFE17A000064010001F6
:106E90006A76FFFF3458000064010001C741FFFF1C
:106EA000DA7D0000640100011B0F0100443C00007A
:106EB00064010001564A0000263F00006401000101
:106EC0003B5001002E990000640100013519FFFFBD
:106ED00078670000640100013E3F01007229010053
:106EE000640100016C72FFFF9B3F00006401000120
:106EF00015E6FFFF52B100006401000106680100C1
:106F0000CF2D0100640100011F2B0100B67F00009E
:106F100064010001D00CFFFF5A640000640100010D
:106F2000F5190100B17500006401000199CFFEFF61
:106F30003B6E0000640100017A31FFFF59870000B9
:106F4000640100010A5801005A5201006401000165
:106F50006E3C010053A1000064010001B81801005B
:106F6000CEDF000064010001282D01007FBC00007D
:106F700064010001BE14FFFFD8510000640100014C
:106F80000211FFFF7163000064010001ED43010085
:106F90005DD2000064010001E74A0100A1BC0000CD
:106FA00064010001835C010058C00000640100011D
:106FB000338BFFFF1B3E000064010001AE42010065
:106FC000C841010064010001E92F0100779A000027
:106FD00064010001A38801006283000064010001D4
:106FE0003E51010068050100640100014667FFFF92
:106FF000B06E000064010001F3740100BFDD000009
:1070000064010001E8230100407F000064010001E9
:107010002C500100A20D0100640100010DFCFEFFD7
:1070200083D50000640100014EF2FFFFFE3900002D
:1070300064010001814201007CC90000640100017B
:107040002750000004460000640100015B3A010083
:1070500019BE01006401000197350100722701008B
:1070600064010001F534010049E5000064010001FC
:10707000A6470100E3CD000064010001614D01005D
:10708000AD85000064010001F24201003694000069
:10709000640100016BDD0000248500006401000133
:1070A000492E0100B786000064010001FBD8FEFFF5
:1070B0002680000064010001192DFFFF1F5C000005
:1070C000640100011879FFFF1C67000064010001E2
:1070D0008958010041AA000064010001CFA3FFFF0D
:1070E00020A00000640100011D47FFFF7A4E000050
:1070F000640100010041010059C300006401000166
:10710000810F0100B134010064010001C3EAFEFFF8
:10711000AD6C0000640100011D4F0100A50D0100D0
:10712000640100012EDFFEFFD27D0000640100013A
:107130005B0CFFFF4D820000800000000500040092
:107140008800000508004329200004008000010099
:10715000F8A501003000430880000000A8000000EE
:1071600000000500BC00000000000000CC00000092
:1071700000000101D4000000031C01008001000197
:107180000200000000000080CC0100000000007040
:107190006401000154B2FFFF96750600D80000009C
:1071A00002000001F0000000000100006401000185
:1071B0003DD1FFFFD2E90600640100017E230000FB
:1071C0008A8A08006401000164EE0000C59B060085
:1071D0006401000124ADFFFF644604006401000166
:1071E0005E52FEFFC3DD040064010001AB16010026
:1071F000B6490500640100013FC6FFFFF019050014
:1072000064010001DC62FFFF5556060064010001C5
:1072100073F1FEFF5E210600640100010DF5FEFF23
:107220002A720700640100012FD90000A44C050058
:10723000640100010948FFFFB2E807006401000192
:107240009488FFFF74560400640100019E1B000037
:10725000F5DE070064010001248100007CA1060026
:1072600064010001B858FFFFAEB4060064010001DC
:10727000307AFEFF710F0700640100013DF1FEFF4F
:107280002F0D080064010001EBB3FFFF9A360600E2
:107290006401000183D8FFFFD4DF06006401000110
:1072A000F3430000697A0600640100011DE8FEFF57
:1072B0009B59050064010001414A01007E5305000D
:1072C0006401000151F8FFFF449E050064010001C4
:1072D0000FA0010071A3050064010001AD000000D2
:1072E000CC95080064010001BC0B0000B6F305005A
:1072F00064010001099CFFFF70B00D0064010001F2
:10730000184AFFFF2F860500640100018F93FFFFDD
:107310004C03070064010001136CFFFFB74D06002A
:107320006401000129B30000049F0500640100010D
:107330002D210100394F050064010001AE3BFFFF24
:107340002121050064010001C9930100CBCD060095
:1073500064010001738000009E3B05006401000190
:10736000C51E000006B00500640100010782000090
:10737000A3890700640100014443FFFFEB99060065
:10738000640100015F1E0000F04506006401000179
:10739000413300001A95050064010001D513000077
:1073A000E449090064010001BAB0000030BC0600E5
:1073B00064010001A31BFFFF60B30600640100012C
:1073C000C260FFFFA29E05006401000162BFFFFFD3
:1073D0000831070064010001A8F2FFFF77F2050001
:1073E0008800000008000330900000033000010016
:1073F000F8BD0100C000030330000000B000000031
:1074000068320020D4000000031701008001000151
:107410000300000000000000CC010000000000C0DC
:10742000640100014D5A000008600000F0000000F7
:107430000001000064010001145C0000B7A7000017
:1074400064010001F5EFFFFFFC370100640100015A
:1074500063FEFFFFE6C7000064010001B7330000D0
:10746000419C000064010001171F0000DCB900000E
:1074700064010001EE20000064F9000064010001D5
:107480000EDEFFFFC4CA000064010001C2E3FFFF7B
:107490003DD0000064010001E1FAFFFF2A40010035
:1074A000640100010EFFFFFFB30F01006401000142
:1074B0000317000082C7000064010001E6310000EC
:1074C0007FA20000640100012C1800003FDC0000D6
:1074D00064010001BD260000EF9500006401000179
:1074E000384D0000255300006401000131220000E6
:1074F000BBA5000064010001D6080000139A00003B
:107500006401000149100000AFAE010064010001F8
:10751000C8110000DA22010064010001D8F6FFFF63
:107520006CD20000640100012B2A0000EDB40000C1
:1075300064010001410F00009A0A0100640100018A
:10754000AC0000007AB4000064010001E9290000E9
:107550002B700000640100016F2B000005AD0000DE
:1075600064010001E2DEFFFF84A10000640100016C
:107570008DF7FFFFB61F010064010001FDE1FFFF71
:10758000E33F010064010001855C0000917300008D
:1075900064010001183200001C5A0000640100015F
:1075A000CC2B0000F0DB00006401000188FCFFFF31
:1075B0009D260100640100014FB5FFFF242B000050
:1075C00064010001ED1B0000748F000064010001E4
:1075D000FB1B000066AC0000640100016BFAFFFFBA
:1075E0008AFB0000640100019E010000B3C8000096
:1075F000640100016F0600001C2601006401000107
:107600005F21000044C30000640100017309000011
:10761000F4920000640100015AEFFFFFF1E700005F
:1076200064010001832D0000C2D400006401000148
:1076300062430000B05E00006401000131290000D7
:10764000359800006401000152FBFFFFB9DC000027
:10765000640100019FFAFFFFEABB00006401000122
:107660001AEDFFFFBE37010064010001432C00004A
:10767000C572000064010001E9FAFFFF7FD8000035
:107680006401000189F9FFFFC18D0100640100015F
:10769000FD11000063A2000064010001F724000056
:1076A000CA8C00006401000154F9FFFF5962010017
:1076B00064010001A4D2FFFF3F3801006401000112
:1076C000F8270000ECA60000640100012A02000077
:1076D0007AC8000064010001ECE5FFFFF2600100E0
:1076E000640100018803000015BA00006401000174
:1076F000B3EDFFFFF5E10000640100011806000092
:1077000052E900006401000138E5FFFF71E6000066
:10771000640100016F1D0000EDBB00006401000169
:107720008C150000B40401006401000187FCFFFF18
:1077300049F4000064010001DEF5FFFF6BBD0000AD
:107740006401000157D7FFFF86AD0000640100010E
:10775000DEF9FFFF9260010064010001BC2D000012
:10776000C4670000640100012D320000D66D0000E6
:107770006401000117E6FFFFD799000064010001D2
:10778000F41300009B130100640100015513000075
:10779000EA9B000064010001642C000016800000D8
:1077A00064010001262B00002AA6000064010001EC
:1077B0000D030000C8D10000640100019E240000F8
:1077C000F01D01006401000194230000D284000038
:1077D00064010001853B0000F09900006401000194
:1077E0009BCBFFFFEA8D000064010001BB3F00005E
:1077F0004769000064010001ACF1FFFF7D660100F4
:107800006401000164FAFFFF3AC80000640100014E
:1078100020F7FFFF5F0E01006401000144F8FFFF45
:107820001AAE000064010001B3060000936E01006F
:10783000640100016B3E0000199100006401000129
:107840003DE7FFFF29440100640100019D2A00007B
:10785000419A000064010001721A0000FAD300008E
:107860006401000157100000108A0000640100014B
:10787000B91D000085B800006401000114E3FFFF9A
:10788000158B000064010001DD0500002D7C000067
:107890006401000151050000C2F100006401000113
:1078A000A31300009E7C000064010001F717000094
:1078B00057C5000064010001C7EDFFFFC09D000037
:1078C000640100018D270000AEAF000064010001DB
:1078D0002E0C0000B0DE000064010001E0F3FFFFA9
:1078E0007A0F010064010001D6F2FFFFB4BD000071
:1078F00064010001351E0000F2A3000064010001D4
:107900004A11000007E700006401000181F7FFFF52
:107910000EBC000064010001D1400000FE620000C6
:1079200064010001ECFCFFFF90AE00006401000167
:1079300015200000FA8A000064010001CE04000056
:1079400089AE0000640100012AE8FFFFB9B700001A
:10795000640100016F0E0000DFDB00006401000124
:107960007814000042B0000064010001CA05000064
:10797000F3D40000640100012CF3FFFF129E00000D
:107980006401000100170000C4C20000640100018E
:1079900053310000A6F10000640100018B360000A5
:1079A000937000006401000163F6FFFF19A5010058
:1079B0006401000131070000BFF000006401000114
:1079C000C71400004EF10000640100019025000082
:1079D000BBA300006401000199350000B97B0000E1
:1079E00064010001262F0000BA9F0000640100011D
:1079F0009908000028BC0000640100011720000065
:107A000018CA000064010001FA2D00001581000071
:107A100064010001BF0C0000C57500006401000195
:107A200002F1FFFFDBDB0000640100015C190000D4
:107A300000AE00006401000137E8FFFF13B600004C
:107A4000640100018C1D000085B20000640100018A
:107A5000C8E2FFFF20E800006401000112110000ED
:107A6000D18F000064010001490D0000E98C000085
:107A7000640100011F06000000890000640100018C
:107A8000FD0D00003AB50000640100018AF4FFFF1B
:107A90007F3C01006401000167120000F6BE000097
:107AA000640100010C170000CEDB0000640100013E
:107AB0001905000005B100006401000171EEFFFF2F
:107AC00021BA000064010001EE0B00005F97000086
:107AD000640100010B1B0000750701006401000137
:107AE000EB1800005FA200006401000161070000C4
:107AF000C4B4000064010001031200005CE3000054
:107B0000640100018215000004AE00006401000160
:107B1000A8F9FFFF95B5000064010001F41300000F
:107B20006A9F000064010001D1EEFFFF81BF0000E9
:107B300064010001EB2100005EB800006401000157
:107B40007B590000F28900006401000127EDFFFF6E
:107B50008766010064010001F2060000F0EC0000FD
:107B60006401000139E3FFFF4234010064010001B8
:107B7000C6F0FFFF9CF6000064010001E13A00003E
:107B80001DBC0000640100014F0C0000ABEB0000C5
:107B900064010001BAD3FFFF78F500006401000121
:107BA00082E3FFFFB8CC0000640100013A3300001B
:107BB000F08E000064010001B7480000CB670000B0
:107BC0006401000184250000C08A000064010001F6
:107BD000543C0000F46B000064010001C619000071
:107BE00034A7000064010001591B00002696000024
:107BF00064010001A40B00009CEA00006401000184
:107C0000AEF5FFFF032F01006401000178050000BD
:107C1000C808010064010001E6FEFFFFD31D01005A
:107C200064010001762F000065AA000064010001D4
:107C3000CC1100008FBC00006401000109FAFFFFB5
:107C4000A9AB00006401000187E9FFFFC9B900008A
:107C500064010001CBD9FFFF77A900006401000196
:107C60009CFCFFFFA4E4000064010001FCF5FFFFA1
:107C700041C3000064010001EB2D00007F6900009A
:107C800064010001BA0300002EC400006401000179
:107C90003D2C000067780000640100018FE9FFFFC0
:107CA00094D10000640100012D0F000066A50000C2
:107CB00064010001EC2B0000657A00006401000102
:107CC000F109000038880000640100010BF3FFFF98
:107CD000BECE000064010001AC2700001996000030
:107CE00064010001F1150000FCDD000064010001E9
:107CF00074FEFFFFE9B4000064010001B825000034
:107D00004C810000640100012F0A0000C61D010023
:107D100064010001500600008D11010064010001A2
:107D2000071E0000F0830000840000066832002077
:107D3000080003182000000003000300F8E1010020
:107D4000C000330009000000A8000000000015007A
:107D5000BC00000001010101CC0000000000010195
:107D600064010001FDC3FEFF2F430100D8000000A5
:107D700001000001F00000000001000064010001AA
:107D8000F7FAFFFFE9EC00006401000156F700007C
:107D900053C4000064010001C4EA0000860601002B
:107DA00064010001C3A4FFFFEDF8010064010001BC
:107DB0009437000073740100640100011B2500006A
:107DC0008C660100640100010C0AFFFFC8D00000AE
:107DD000640100013CAC0000C61A0100640100010E
:107DE000E4160000AB8D000064010001220CFFFFCF
:107DF000F8DF000064010001330C00007889000006
:107E000064010001BD2900007AA5000064010001A1
:107E1000C008FFFF7EE2000064010001A41D000015
:107E200058B4000064010001D0D0FFFF25F4010028
:107E300064010001A3040000873001006401000117
:107E400034DBFEFFADF300006401000165F8FFFFC5
:107E5000EB0C0100640100019EE5FFFF1DFA00002C
:107E6000640100012F24FFFF3D07010064010001B0
:107E7000EE19000001220100640100013E420000F1
:107E8000015F01006401000140170000F55001008E
:107E900064010001990F00004EAF0200640100016F
:107EA0008963FFFF780A010064010001A605000054
:107EB000A86E0200640100015532FFFFA4D9000042
:107EC000640100016F7700001C36010064010001AD
:107ED00043170000B683010064010001AF22FFFFD9
:107EE00099E20000640100018936000033F20000CD
:107EF00064010001A59E0000D9A7000064010001F3
:107F0000A44BFDFFEB1700006401000106E7FFFF33
:107F1000BFD5010064010001827FFFFF084101001D
:107F200064010001FDDDFFFFD9A90000640100012B
:107F30008726FFFFC3DE000064010001B3B5FEFF2A
:107F40003AAB00006401000103180000A7B3000071
:107F500064010001F8B7FFFF40D300006401000195
:107F600071390100D5E20000640100018440FFFF87
:107F7000D2B20000640100013C3EFFFF69EC00004A
:107F800064010001B7230000BB1701006401000178
:107F9000C6D40000162001006401000184D900004D
:107FA00034D9000064010001F572FFFF0B6100008D
:107FB000640100019D64FFFFD1F100006401000134
:107FC0005E13010096ED000064010001730E0100D4
:107FD000F5970000640100014129FFFF062301001D
:107FE000640100011407FFFF0E7700006401000127
:107FF0009F5F00008DB0000064010001ABDA00005B
:108000001FA5010064010001FA000000124A0100EE
:1080100064010001BC2CFFFFD6E3000064010001F5
:10802000823E00005678020064010001D170FEFF1C
:1080300013AA0000640100010C1F010016DA000001
:10804000640100014100000093E5000064010001AB
:10805000D530FFFFA6EA0000640100016E50FFFF6B
:108060002DE3000064010001583B00002D1A0100BF
:1080700064010001A07E0000B93B01006401000121
:10808000009F0000D8980100640100013956FFFFED
:10809000DCF8000064010001AE6E0000FFAB0000E0
:1080A00064010001C474FFFFA0B500006401000179
:1080B000AAF2FFFF1659010064010001C4A6FEFFE9
:1080C000422F010064010001CB440000F8C500000C
:1080D00064010001AC2800000FE901006401000107
:1080E00027CDFFFFB944020064010001E841000010
:1080F000CB0001006401000166F8FEFFA00601004C
:1081000064010001785F0000BDA50000640100016A
:10811000E9C2FEFFB6D5000064010001D2B7FFFF3F
:1081200093A9000064010001C1EBFEFF4CF80000C0
:1081300064010001C9EDFFFFA71A020064010001FC
:10814000E852000003E00000640100010312FFFF99
:1081500094D3000064010001EA3A000019D700003E
:108160006401000193CEFFFF9EF500006401000151
:108170004F1401006F99000064010001483BFFFFAC
:10818000EEF400006401000123E400005A8F0000B7
:10819000640100018E01FFFF18C4000064010001AA
:1081A000BD2DFFFFEAB800006401000166CEFFFFAD
:1081B000C964020064010001B417FFFFF8B10000B8
:1081C00064010001EE810000F77601006401000106
:1081D00070D8FFFF7EE4010064010001818D000082
:1081E00073B60000640100018167FFFF29D301001D
:1081F00064010001BAFBFFFFA5F900006401000162
:108200009F2200005DE500006401000129E3FFFFFB
:10821000D19D000064010001EBD0FEFFDCAE000048
:1082200064010001E44C0000A63401006401000177
:10823000B0F0FEFF4F0E0100640100016FDCFFFF94
:10824000D126010064010001036EFFFFD5FF00008D
:1082500064010001038B0000FA13010064010001B6
:1082600079F2FFFFF8180200640100011ED100003E
:10827000E624010064010001A3B6FEFF78BB000004
:1082800064010001DE88FFFF418D000064010001F0
:108290003C830000EA860100640100015EFAFFFFF2
:1082A000C3C300006401000190E9FEFFCBED0000B4
:1082B000640100018CC7000031C2000064010001AC
:1082C000F5E0FEFFABD9000064010001F31D0000E2
:1082D000F5FD000064010001474D0000D38B000054
:1082E00064010001D761FFFF7A3E010064010001D3
:1082F0007EDA00009FFB00006401000125F1FFFF12
:1083000099CA000064010001CE5FFFFF09F0000080
:10831000640100011ABDFFFFA6B80100640100015D
:1083200094ACFFFF4CAD010064010001C4EBFFFF02
:10833000C8DA0000640100010EE2FFFFD5780000FA
:1083400064010001D2280000B71A01006401000195
:10835000042100008BCE010064010001FFC8FFFF73
:1083600019D60100640100011EDEFEFF67E3000074
:1083700064010001BEB0FFFFA6A700006401000178
:1083800026A30000C1F0000064010001F6FFFFFF1A
:108390003B23010064010001C9C400007CFC000013
:1083A000640100016CE7FFFFE4C201006401000109
:1083B0007EE2FFFFAF860100640100014BB2FEFFC9
:1083C000E7A70000640100015BEBFEFF77070100F7
:1083D00064010001C061000079B300006401000184
:1083E0000F4C000052F1000064010001EFE2FFFFBA
:1083F0007DB40100640100011F500000FB33010047
:1084000064010001D9FDFEFF950B0100640100012C
:10841000134600009BBB01006401000168C9FFFF17
:10842000B16F010064010001311B0000DE3F01005B
:10843000640100012F020000A6CD000064010001CC
:1084400040E8FFFF9B720100640100013F32000021
:10845000D43B010064010001F2C3000049F90000AF
:108460006401000141FDFEFF1ABA00006401000131
:108470006384FFFF86DF000064010001DB8AFFFFE9
:108480005CA000006401000116AFFFFF949700009C
:1084900064010001C1B80000B49A00006401000149
:1084A0007A7C000054C100006401000113BB00008D
:1084B000F1D00000640100011ECC000028A00000E3
:1084C00064010001C8E5FFFF62F8000064010001DB
:1084D00072F6FFFF6352010064010001C533000022
:1084E0000CAC01006401000170830000F421010064
:1084F00064010001646A0000C7BF0000640100015C
:108500002A020000E25C020064010001C9E0FEFFF3
:1085100006C9000064010001CB6DFFFF792E010048
:10852000640100018FF0FFFFA16C010064010001F4
:108530008C16000003AA01006401000159E8FFFF46
:108540008DA5000064010001FAD70000D694000058
:108550006401000123C6FEFF8703010064010001DE
:10856000C4E50000B64D000064010001AFFCFFFF50
:108570009F51010064010001CE69FEFF107F0000E1
:10858000640100016FF1FFFFAD37010064010001DC
:10859000B55C0000C9390100640100014FAC000066
:1085A000534401006401000126B2FEFFA5810000D2
:1085B000640100016D2FFFFF85EE000064010001E2
:1085C0005AEAFFFF3F92010064010001BF23FFFF51
:1085D0003BE60000640100016DF5FFFFAD190200EC
:1085E0006401000121F5FFFF30CF000064010001AC
:1085F0007E110000803A0100640100014D4CFFFF34
:108600004E57010064010001BC330000950A0200CE
:10861000640100019E3C0100042B01006401000183
:10862000E9FAFFFF6B760100640100014D170000BD
:108630007CCC00006401000184C9FFFFF41A010032
:10864000640100015EEBFFFFAD9D010064010001CC
:108650004F47000036BF000064010001385B000096
:1086600036CA0000640100017AE9FFFFAD3E010057
:10867000880000050800033020000400C00001004D
:10868000B8E801003000030CC0000000A8000000A2
:1086900000000500BC00000000000000D400000045
:1086A000031E0100800100010200000000000080A4
:1086B000CC01000000000000640100018A91FEFF6F
:1086C000031E1100D800000002000001F0000000AD
:1086D0000001000064010001AD9A0000F195110055
:1086E000640100019858FEFF2B1718006401000177
:1086F0009BB3FEFFEBD51000640100016FE9FDFFA5
:108700008A19110064010001543CFEFFE4A20E002E
:108710006401000176E10200D4160C00640100013E
:10872000E41E0000ACED0B006401000119290200F9
:10873000CBC412006401000110C3FEFFA6021000AA
:10874000640100016AC5FEFF551A110064010001B1
:10875000846CFDFFA3B30F006401000102C3FFFF9F
:10876000DF0F160064010001EDF600002414100074
:10877000640100018E2DFFFF560F0B006401000104
:108780004B4D00007A270F00640100012DB000005E
:1087900004671200640100019A61FEFF918F1200CC
:1087A00064010001370CFEFFF3E1100064010001D9
:1087B00000E3FFFFA98C0F0064010001F427010012
:1087C000F16D0F0064010001CE78000036521100F7
:1087D000640100018D2F00002909100064010001CF
:1087E0003D5FFFFFDCDA0F0064010001C8380100C3
:1087F000291D140064010001B24200005FEB10006B
:1088000064010001A0E8FDFFE276120064010001AE
:10881000142E0000A98C130064010001843AFFFFAC
:108820007C412300640100019829FEFFE3070F004B
:1088300064010001DEC2FEFFDC8013006401000160
:1088400055DAFEFF5E0E0C0064010001DF2DFFFF14
:10885000517B0E00640100016F0B0000A4A00D000D
:10886000640100015AEDFFFF0727110064010001B8
:10887000CDF6010033A912006401000193E9FEFF67
:10888000BCF40E006401000197B30000B6AF120003
:1088900064010001B1C0FFFFB0FC110064010001E0
:1088A000C800FFFFC742110064010001C45A000064
:1088B00078310D00640100011C2AFEFFD4A80B00D2
:1088C00064010001366CFEFFADDA0C0064010001AA
:1088D000B1F601005F810C006401000113B9FEFFD5
:1088E0007BFF0B0064010001BE14000048CB0D00AB
:1088F000640100016112FEFFA87111006401000112
:108900000872FFFFDDBB10008000000008000400BB
:108910008800000508003300200000000800040063
:10892000682C00203000330020000000AC00000163
:1089300008000400682C0020D80000010600000098
:108940001663286960010002030F0100EA1FFDFFA2
:1089500001000000700100000080FFFFF000000037
:10896000000100008000000705000400682C0020C2
:10897000080003302000040030000100B80C0200A1
:10898000C000030330000000AC000001050004003B
:1089900068320020D40000000317010080010001AC
:1089A0000300000000000000CC010000000000C037
:1089B00064010001FA300000627C0000D800000071
:1089C00002000001F000000000010000640100014D
:1089D000D3DAFFFFEF84000064010001D20300003E
:1089E0004A8B000064010001EEF1FFFFCEAD0000F4
:1089F00064010001A1190000BF9F00006401000193
:108A000002F0FFFF3ADB00006401000120E1FFFFFC
:108A1000B2B100006401000148E9FFFF00A10000BD
:108A2000640100015BD1FFFF4C950000640100016F
:108A3000CA3400008E710000640100018D2E000018
:108A400095B500006401000115110000DD890000EA
:108A5000640100016B11000040BA000064010001D4
:108A6000203E00004080000064010001DA030000A5
:108A70003285000064010001A1B5FFFF5BD5000055
:108A80006401000183F2FFFF840D01006401000115
:108A900075D3FFFF22A400006401000155ECFFFF25
:108AA0007FAC00006401000197E5FFFFA7620000B2
:108AB000640100012D16000032AD000064010001C8
:108AC000EC080000598C000064010001610B0000FB
:108AD00044700000640100017223000051D60000C0
:108AE000640100016B150000AA92000064010001FE
:108AF00089EAFFFF5C7C0000640100018C02000039
:108B0000A3DD00006401000186330000F47400005E
:108B100064010001ACDAFFFF4D7200006401000146
:108B2000C90700001764000064010001FB1B00007E
:108B300061CC000064010001E72300004E8A0000C0
:108B400064010001B0E1FFFF62C2000064010001A6
:108B50006377FFFFB3690000640100015328000040
:108B60000277000064010001DE2600004BA7000030
:108B7000640100015EDBFFFF9791000064010001CA
:108B8000E3470000F08400006401000186D0FFFF8D
:108B90001C850000640100010A210000116A000028
:108BA00064010001E1C9FFFFDC97000064010001DE
:108BB000DFE7FFFFB7A800006401000119D7FFFF3E
:108BC0003B9A000064010001FF1000007AD500000C
:108BD0006401000164330000388F0000640100016B
:108BE00056450000A35B000064010001AEF8FFFFE2
:108BF000938700006401000176EDFFFF33720000EF
:108C00006401000102EEFFFF5FB600006401000195
:108C100094090000087E000064010001410000008A
:108C2000B5A800006401000190F1FFFF39AB00001E
:108C30006401000116000000BB7300006401000124
:108C4000D0040000DDD60000640100013E540000A5
:108C500027750000640100017A2B0000E4930000F6
:108C600064010001771B00001DB3000064010001D6
:108C700058260000648F0000640100017EF6FFFFAB
:108C8000BDBB000064010001CB2D0000E1A300008A
:108C9000640100015441000083710000640100017F
:108CA00084D8FFFF5588000064010001021900000C
:108CB000ED5B000064010001891D000026980000A2
:108CC000640100019334000081760000640100011A
:108CD0004122000024BE0000640100014FB8FFFFE4
:108CE000F08A0000640100019BA2FFFFF273000004
:108CF00064010001D7E7FFFF6B98000064010001E9
:108D0000113300008F8B0000640100018DF0FFFF24
:108D100051620000640100012BE3FFFFDDB400009D
:108D200064010001A3EFFFFFE6AA00006401000157
:108D3000D7020000B6B2000064010001FFF5FFFF9A
:108D400045A0000064010001DF0000000FB3000037
:108D50006401000161F6FFFF0DAB0000640100013A
:108D6000201800008F7A0000640100016BE0FFFF13
:108D70001F0C010064010001880A00002A5D000048
:108D800064010001630F000017B8000064010001D6
:108D9000F8E0FFFFBE8700006401000179210000B8
:108DA000786F000064010001AB2D0000E47000004A
:108DB0006401000161320000AD6500006401000142
:108DC00019480000956E000064010001D3250000E1
:108DD00012850000640100017FEFFFFF049A00008C
:108DE00064010001E1C8FFFFA584000064010001E7
:108DF00070F3FFFF3E9900006401000111F7FFFFCF
:108E0000408D00006401000131010000FBAF000053
:108E100064010001F01C0000A6AD00006401000127
:108E200031DAFFFFB8C7000064010001C2D4FFFFC0
:108E30007B8E0000640100012C2B000002A50000C5
:108E4000640100013A1E00005EAC000064010001F4
:108E5000E4C7FFFF3E81000064010001C41600006A
:108E60008A8600006401000122410000CF710000E9
:108E7000640100018B04000036A0000064010001C1
:108E8000B64100009A61000064010001EFF8FFFFA5
:108E90000FC7000064010001C35A00004D470000E5
:108EA0006401000105070000718B000064010001EE
:108EB000D93D0000357400006401000100FCFFFF93
:108EC000C2E50000640100017E2A000075910000E7
:108ED00064010001C4380000765E000064010001F6
:108EE000913700006685000064010001FD19000053
:108EF000E0BE00006401000125F1FFFFF262000006
:108F000064010001485E0000BF37000064010001F9
:108F100029DCFFFF627300006401000103310000DF
:108F20003A72000064010001F5230000737B000029
:108F3000640100012A250000E5920000640100019F
:108F4000142400008B7B000064010001832D0000CD
:108F5000878E00006401000120E9FFFF3A8E0000C7
:108F600064010001CA4B0000BE5A00006401000108
:108F7000E00600005DAF0000640100016BEFFFFF41
:108F80002899000064010001F505000060A90000B7
:108F90006401000129560000A14B0000640100019A
:108FA000F5050000DFF50000640100014813000032
:108FB000ED97000064010001852F0000A55F00000F
:108FC00064010001ED5B0000015800006401000134
:108FD00073E1FFFFF790000064010001B6DDFFFFC1
:108FE0007563000064010001E212000020A100008E
:108FF00064010001130F00007AB000006401000159
:109000006FDBFFFFE5AC000064010001542D0000A0
:10901000F35A000064010001050D0000E68F000016
:1090200064010001A02700007F9500006401000199
:10903000C33E00009D6C000064010001C02D0000D3
:10904000088F000064010001B94E0000A95400001F
:10905000640100019D2000007D7400006401000196
:10906000A23C00007473000064010001F5070000D9
:109070008B9F000064010001A8FCFFFF5B850000DE
:109080006401000153F2FFFF9963000064010001D5
:1090900036240000425B00006401000178E4FFFF19
:1090A0008A87000064010001500A00004DAF0000F3
:1090B00064010001250D0000109100006401000111
:1090C000DA2A0000948400006401000111E0FFFF2F
:1090D0004F910000640100013DF9FFFF6994000019
:1090E00064010001B3F5FFFFBE96000064010001BA
:1090F000094200004262000064010001D604000041
:109100004E7A000064010001FF0A0000ABA60000D7
:1091100064010001D7710000413A000064010001C0
:109120005B040000D58D000064010001220E0000E8
:10913000BB4D0000640100013F0F00003D810000B5
:10914000640100012F1A0000BA8C000064010001C4
:109150005EFCFFFF1498000064010001A44F0000B2
:1091600016470000640100017CF4FFFFB8C700004F
:1091700064010001F11A0000F39300006401000192
:10918000001A000059C0000064010001D91A000053
:109190007296000064010001F0FDFFFFB99E00001F
:1091A000640100017721000045780000640100019E
:1091B000332E0000B4860000640100017E00000030
:1091C000AE81000064010001322E00003B760000F9
:1091D000640100015D140000A6AF000064010001FD
:1091E000EBF0FFFF8EA7000064010001D124000016
:1091F000E368000064010001C00C0000A0B700009B
:10920000640100017C120000BEA2000064010001A4
:10921000FFFCFFFF29CD00006401000199F8FFFF6A
:10922000FE8600006401000129FEFFFFC09B0000D4
:109230006401000178190000E76F0000640100017B
:10924000BA170000E580000064010001B2260000AA
:10925000D195000064010001DE020000979F00002C
:109260006401000161C8FFFF97680000640100010C
:10927000CE02000049AD000064010001FEEFFFFFD7
:109280003D850000640100010EFDFFFF6E6C0000D3
:1092900064010001AF2000008E6D00006401000138
:1092A000C01A0000D674000064010001F50300003C
:1092B00094CB000064010001CDF9FFFFA86D000010
:1092C0008400000668320020080003182000000017
:1092D00003000300B8300200C000330009000000A2
:1092E000A800000000001500BC0000000101010101
:1092F000CC0000000000010164010001F6DDFFFF69
:10930000FA930000D800000001000001F000000006
:109310000001000064010001F103010001CC000024
:109320006401000151EFFFFF40A300006401000150
:10933000333E01005C7D000064010001AA5D000075
:10934000D2D4000064010001A3B300004852000021
:10935000640100015355000074CA0100640100015A
:10936000950D010030ED00006401000170A00000C7
:1093700075E3000064010001990D000067E500003D
:10938000640100010B0B000034C200006401000105
:10939000CA3D0000D5500000640100019764000040
:1093A000F4B60000640100017C3B00000B190100D1
:1093B00064010001F8450000732C01006401000104
:1093C0007DD5FFFF857F030064010001828B0000D3
:1093D0002AC400006401000124E300007258010067
:1093E000640100011F790000177E00006401000184
:1093F000BFBA0000E190010064010001967800000E
:10940000D5B50000640100012E7C00003BE70000A0
:1094100064010001C9900000E978000064010001C6
:10942000D355000019D1000064010001EC150000C3
:10943000119A000064010001C03C00008136010067
:1094400064010001A927000025FD0000640100015E
:1094500029310000884E010064010001952EFFFFB4
:10946000BC7F000064010001B3E7FFFF686A0100F0
:109470006401000139CC0000CE4F000064010001FE
:10948000F62B0000062D01006401000133D6000018
:109490002DF700006401000104E1FFFF862F3B006F
:1094A000640100014397FFFF189F00006401000161
:1094B000875100002454000064010001EC58FFFFB4
:1094C000CCE10100640100012FE9FEFF3CC0000077
:1094D000640100019AA0000002EE01006401000195
:1094E000081D00009DE301006401000150770000A9
:1094F000F211010064010001BCF90000B7D20000C4
:1095000064010001E21C01008C980000640100016C
:1095100050D5FFFF11B00000640100012499000044
:109520005965000064010001261E0000DE7E010076
:1095300064010001A65E00002C2901006401000105
:109540005AB2000079E600006401000135D5000040
:109550003FB0000064010001B01400006F0302007E
:10956000640100011A9F0000C59800006401000119
:10957000A9C800005691000064010001300DFFFFF2
:10958000D1950000640100013CA2FFFF67C6000006
:1095900064010001EA2600006A6301006401000121
:1095A0002021000090E5000064010001889D00007A
:1095B000C67000006401000167880000987F000009
:1095C00064010001D8DB0000B1E300006401000188
:1095D000042E00001E1501006401000157FEFFFF6C
:1095E000E8D2000064010001AC720000FCB200008F
:1095F0006401000139480000BE6A010064010001F5
:1096000055790000795B000064010001BA53000045
:10961000C3F4000064010001D00E000041570000B7
:10962000640100016AD30000467B0100640100016F
:1096300043CDFFFF31350400640100014CCF000031
:10964000556B00006401000155F3FFFF73D5000066
:1096500064010001DDFC000018B800006401000195
:10966000DDE60000D6FA000064010001C9C0000078
:10967000E5C30000640100011D3F000090AC000044
:1096800064010001886E000075E7000064010001BC
:109690008A910000BFAE0000640100014B5301003D
:1096A000ED810000640100018089FEFF84950000C7
:1096B0006401000120610000E4F400006401000185
:1096C0001A5100009AF3000064010001D85700000D
:1096D000FFD6000064010001CCA9000057DC0000A7
:1096E00064010001AB2F000028B2000064010001FA
:1096F00054FFFFFF266E0100640100011905000000
:1097000098540200640100012E190000A86F0000A7
:1097100064010001CF2C00001478010064010001F5
:10972000A9300100A4950000640100014F5F000012
:10973000FBAF010064010001579B0000AFBC0000BB
:1097400064010001682F00008269000064010001CB
:109750004663FFFF3E950000640100013B42FFFFAE
:10976000894F0000640100011324FFFF5E0B02001B
:10977000640100017D9F00002201020064010001DC
:10978000150FFFFFE89A0000640100019F27FFFF0B
:1097900045C1000064010001C886FFFF907D000004
:1097A000640100012ED80000BCAC0000640100017F
:1097B000F8FDFFFFBAC7000064010001D36F00008D
:1097C000449100006401000169DAFEFF69B5000000
:1097D00064010001964500008CB0000064010001A6
:1097E00057E3FEFF7DA10000640100017C0E000034
:1097F0008DF70000640100011036FFFF32DD00002C
:109800006401000164650000FED1000064010001F4
:10981000C85BFFFF2CCC000064010001ED020000DA
:10982000FF33020064010001B56F0000EEC80000C4
:1098300064010001AE29FFFF578E000064010001A2
:10984000521100001C1E010064010001DCF2FFFF48
:10985000B9F8020064010001994F0000866F010011
:109860006401000187B3FFFFE3CA00006401000147
:10987000212B00001CCD0000640100015AD8FEFF1E
:10988000A7A40000640100018F9CFEFF2F48000088
:10989000640100017F120000DFE3000064010001A9
:1098A000E5080000A8910000640100016A2EFFFF96
:1098B000043D0100640100013D160000FAFC0000B7
:1098C00064010001B73BFFFFEFA500006401000148
:1098D00048C9FFFF540E010064010001F4150000A7
:1098E00084D5010064010001977E0000C0AB000038
:1098F00064010001FB87000073AE000064010001F9
:109900004DF8FFFFD7BE020064010001BA62FFFFFD
:10991000F3FD000064010001E856000019CB0000CF
:1099200064010001FEBBFFFF95820000640100019D
:10993000520CFFFF52A6000064010001679DFEFF6C
:109940005351000064010001B35900008B8F0100E6
:1099500064010001420D00000B5801006401000188
:10996000F56C0000529C000064010001B758000033
:10997000BEC2000064010001D0BFFEFF15A10000BF
:109980006401000118100000CB44010064010001D3
:10999000C9DBFFFFC18D0100640100019AEBFFFFED
:1099A0008B300100640100017848FFFF4E1A01006E
:1099B00064010001613A00008A170100640100019E
:1099C000B9BA000050AA0000640100017940FFFF0D
:1099D00070EB00006401000133D4FEFF8FB2000081
:1099E000640100011C73000012E200006401000128
:1099F000F6E9FEFF8583000064010001B7A60000C0
:109A0000129E000064010001FF1DFFFF8EC80000D0
:109A100064010001A7D8FFFFA02202006401000139
:109A200002320000E317010064010001906D0000A4
:109A300059E10000640100016D030000CE950100B2
:109A400064010001253EFFFF6EA3000064010001D8
:109A5000DF07000068D90000640100017BC4FFFF3C
:109A600057EC010064010001F9F7FFFFCBAE0000E5
:109A7000640100012E16FFFFC4B80000640100015C
:109A80009996FEFF607E00006401000144F9FFFF2B
:109A9000D54E000064010001A2AE000072C00000BB
:109AA00064010001A134FFFFA3CA000064010001AA
:109AB000BBBD00009AA7000064010001E0F4FFFFB5
:109AC000E37C01006401000119BDFFFFB52B01001B
:109AD0006401000184E2FFFFC5320100640100015E
:109AE000806CFFFFE8FA000064010001220600001C
:109AF000F51B010064010001AAACFFFFD0070100C3
:109B00006401000108500000F3E00000640100015E
:109B100070F0FFFF8B640100640100012D0700005D
:109B20008226010064010001EC4CFFFFF78C00006D
:109B300064010001E74300008BA9000064010001FB
:109B400000EFFFFF341C010064010001E70E00007C
:109B5000E7FB0000640100015D4600007EC90000D3
:109B600064010001EEC4FFFFB50C010064010001B7
:109B7000B1240000AD14010064010001DC3CFFFFD2
:109B800073CD0000640100017529FFFFDE020100B2
:109B9000640100014BDFFFFF80E100006401000170
:109BA0003AD5FFFF39DC000064010001E91B000029
:109BB0003B7C030064010001986E000074CC00003F
:109BC0006401000131CEFFFFF803010064010001D0
:109BD000762000000D2A0100640100012219FFFF18
:109BE000EABD0000640100011458FFFFBDCE000073
:109BF00064010001710D0000C40201006401000154
:109C000018500000EE8100008800000508000330B5
:109C100020000400C0000100783702003000030C6F
:109C2000C0000000A800000000000500BC0000000B
:109C300000000000D4000000031B010080010001AF
:109C40000200000000000080CC0100000000007055
:109C500064010001C5A30000AC740300D80000003B
:109C600002000001F000000000010000640100019A
:109C700089A50000CAFA02006401000198CEFFFF26
:109C800073DA03006401000125F80000927A0300F2
:109C9000640100013C620000B2E6030064010001BF
:109CA000587B0000816A020064010001B4190000C1
:109CB000634A020064010001DD4A0000431A020009
:109CC00064010001312C00009E8302006401000148
:109CD000714FFFFFD5D20200640100011155000051
:109CE0000C540300640100011D7EFFFFFF7104009E
:109CF00064010001F79601009A90020064010001DE
:109D0000588D01004AD20300640100018F3B00001E
:109D100089970200640100013010000029B402009C
:109D200064010001387FFFFFA52E030064010001DC
:109D30003E65FFFF77D80100640100018EAA000094
:109D40000FF2010064010001732200009C7B0200FD
:109D500064010001B062FFFF5400040064010001CF
:109D600038A3000038D1020064010001EB45FFFF79
:109D7000327402006401000190AF0200640D020021
:109D8000640100013E1600009D58030064010001BB
:109D9000DC3FFDFF9554030064010001F2E3020083
:109DA0007F96020064010001714D010034BD030083
:109DB000640100010A1E0000576D040064010001E7
:109DC000BBE5010042E0030064010001385AFFFFD7
:109DD00095340200640100017B2D00008AB203006B
:109DE00064010001A29CFFFF14FD03006401000157
:109DF00079B1FDFF600D0300640100010D6D0000ED
:109E0000A2C002006401000130DA0200478D0200A6
:109E10006401000125AEFEFF0C370400640100015F
:109E200091570000BBA3020064010001576DFFFFC2
:109E3000AB9E02006401000191AC00000E8C020098
:109E400064010001C1390200DD1203006401000158
:109E5000BC130200BA39030064010001A80A010022
:109E60006EF3030064010001D12EFFFFE343030002
:109E700064010001360AFEFFC272030064010001A2
:109E8000CE8EFFFF5C4F0200640100013CD8FFFF53
:109E9000770603006401000122240000E0B80200FC
:109EA000800000000800040088000005080033005E
:109EB0002000000008000400682C0020300033005F
:109EC00020000000AC00000108000400682C002005
:109ED000D800000106000000CB73633D6001000262
:109EE000030F010050E8F9FF0100000070010000BD
:109EF00000800400F0000000000100008000000766
:109F000005000400682C0020080003302000040035
:109F100030000100785B02002000030330000000E5
:109F2000AC0000010500040068320020D4000000ED
:109F30000317010080010001030000000000000081
:109F4000CC010000000000C0640100014B5F000074
:109F5000FAC90000D800000002000001F000000073
:109F60000001000064010001914B000022C90000C3
:109F700064010001A85A00007FA6000064010001EE
:109F8000043D000028DF0000640100019A4D00003C
:109F9000B9B60000640100011F1B0000761D01001E
:109FA0006401000103430000461A0100640100013E
:109FB0006F390000CDBA000064010001A44900001F
:109FC000E7C8000064010001AD53000091CF00001C
:109FD00064010001650F00000BCE00006401000168
:109FE0000465000079A9000064010001E15C000043
:109FF000E8B20000640100019CEEFFFF6EEB000080
:10A0000064010001D650000081B400006401000129
:10A01000C22D0000CEC8000064010001E141000033
:10A0200098B8000064010001683D000084D1000080
:10A03000640100016D3F00003CDE0000640100018E
:10A04000C54E000068DD000064010001A23500007B
:10A0500034FD0000640100011035000086DB0000C3
:10A06000640100010752000099C60000640100016C
:10A070003233000074DD000064010001B6400000CE
:10A08000F892000064010001383F000003BD0000A9
:10A0900064010001734E00003FAA0000640100014A
:10A0A000DC540000B3F0000064010001962D0000B4
:10A0B000C315010064010001594D0000EDBF00000F
:10A0C0006401000164F3FFFF97EC000064010001EC
:10A0D0009F310000A7C800000900FF2F0100000009
:10A0E000ED2C0000060000006832002068360020D9
:10A0F0000400050008000A002000200008000000FD
:10A10000C903FF1F8000000F0A000800682000201C
:10A110000C003300600000000A00080068360020D0
:10A12000200033005000000000000000000000008C
:10A13000000005000A000800682000200C00030051
:10A140006000000000000000C4000006C1FB110018
:10A15000000001000000010100000103030F0100E5
:10A1600006000000286AC6298001000102000000E4
:10A1700000000080A40100010000000001000000B8
:10A18000CC0100000080F1FFF000000000010000A1
:10A19000880000050C00831F6000040020000100FF
:10A1A000786102006000430220000000B00000005F
:10A1B00068320020D4000000031701008001000174
:10A1C0000300000000000000C8010001000000C002
:10A1D000000000C0640100012209000030A9000055
:10A1E000D800000002000001F000000000010000A3
:10A1F0006401000161330000289600006401000141
:10A200004CF2FFFF48D6000064010001AF1E0000C1
:10A210005BD30000640100018501000089C90000D2
:10A2200064010001EB00000026BF00006401000192
:10A23000F8800000D24A0000640100017E4D000059
:10A240009B87000064010001EC17000062A9000078
:10A2500064010001BE2A000095A300006401000112
:10A260004017000066A80000640100012B0A0000EE
:10A2700085DD000064010001E8E0FFFF139F00009E
:10A2800064010001B0ECFFFF2CFF0000640100013D
:10A29000A7F5FFFFDEAB0000640100010D17000011
:10A2A000B0BA0000640100013FFEFFFF4AA50000B4
:10A2B0006401000107440000A0E100006401000106
:10A2C0002E4A0000DB7D0000640100010FCAFFFF81
:10A2D000BDBF0000640100011CE8FFFFCBCF000000
:10A2E000640100011D280000ED6F00006401000101
:10A2F0008C3600004FA70000640100010C8D0000A7
:10A300008A57000064010001D7030000D90501004D
:10A31000640100010D6D0000DD64000064010001B6
:10A32000631F0000C4EC000064010001CE2800009F
:10A33000879B000064010001BE400000AB8100006B
:10A340006401000151EBFFFFC6A60000640100019B
:10A35000D9FEFFFF6CEB000064010001A3D9FFFFF1
:10A3600019A800006401000168FBFFFF6EFA0000FD
:10A3700064010001D8E5FFFFB1170100640100018D
:10A380005BE0FFFFEDC80000640100011FDAFFFF82
:10A3900074E600006401000147DFFFFF226E000049
:10A3A000640100014FF1FFFF6CD200006401000165
:10A3B000D2FDFFFFA2E5000064010001410D000095
:10A3C0000AD20000640100018FB40000406C00005C
:10A3D00064010001AACBFFFF1B7E000064010001A5
:10A3E00084E0FFFF1CD6000064010001B01B0000E8
:10A3F00052CD00006401000184D7FFFFF10F01007E
:10A4000064010001290F0000AEA9000064010001F1
:10A41000CB280000D3C50000640100016E9E00003F
:10A42000904700006401000129F0FFFFB5B600006D
:10A430006401000105300000609900006401000122
:10A44000770C000006CC00006401000191D8FFFFEA
:10A450007BE8000064010001670E0000E8D1000005
:10A460006401000126280000BF9000006401000183
:10A470009B4C0000786B0000640100018D520000CD
:10A480007F8300006401000104F3FFFFECA10000E2
:10A4900064010001B10400005E8B00006401000152
:10A4A000D20B0000250A010064010001E5670000ED
:10A4B000A95800006401000127470000DB6000008C
:10A4C00064010001CD480000376400006401000110
:10A4D000E2010000A69C0000640100012C070000BE
:10A4E00094F8000064010001F2DAFFFF6FEA000057
:10A4F000640100019DD0FFFFE9A300006401000199
:10A5000079F4FFFFFCDB0000640100017FE8FFFF3E
:10A510004D9C00006401000188F6FFFF969D00003D
:10A5200064010001AEDAFFFF52C0000064010001C7
:10A53000D4EFFFFFA2D80000640100016E0C000000
:10A5400030CD000064010001CCF1FFFF0DB500002B
:10A5500064010001BC0E000044D100006401000150
:10A56000211E0000C1D700006401000167BCFFFF8D
:10A57000466100006401000122F9FFFF4817010055
:10A580006401000134FFFFFFEEBA00006401000126
:10A590000C480000EA5D00006401000152FAFFFF70
:10A5A000B0C4000064010001AF600000786A0000E0
:10A5B00064010001661B00002ED000006401000150
:10A5C00098FFFFFFA48F00006401000153FDFFFF0F
:10A5D000D08F00006401000146E4FFFF3FCD000082
:10A5E0006401000198F6FFFF3F9E00006401000136
:10A5F000C9F9FFFFA51D0100640100015CF1FFFF27
:10A60000B191000064010001B4E5FFFF1BBB000035
:10A6100064010001F1C1FFFF4B92000064010001E1
:10A62000561E0000218400006401000118FDFFFF98
:10A6300021BA000064010001231C0000D79F000024
:10A6400064010001DA4200004F6F00006401000164
:10A6500004EFFFFFB79900006401000144DAFFFF37
:10A66000A796000084000006683200200C00031842
:10A670006000000003000300786D020060003300FA
:10A6800009000000A800000000001500BC00000147
:10A690000101010180FF0000CC0000000000010169
:10A6A00064010001B6320000F34E0100D800000042
:10A6B00001000001F0000000000100006401000141
:10A6C00018360000115601006401000118B900009D
:10A6D000955D0000640100010644000052940000F2
:10A6E00064010001142F00000AE20000640100016F
:10A6F000F1B200008E720000640100011837000002
:10A70000666A01006401000177E0FFFFD3A1000049
:10A7100064010001C2700000D59B000064010001CB
:10A720003FF4FFFFDD99000064010001CA51000001
:10A7300015FE00006401000156690000139D000031
:10A7400064010001DA9B000089DE00006401000161
:10A75000A2340000F7D6000064010001207E000052
:10A7600064A60000640100014E350000DD16010002
:10A7700064010001CF0801000F3E000064010001E8
:10A78000983C00009169000064010001631500001D
:10A7900077C801006401000170AA0000E50901000A
:10A7A000640100012F290000DE470100640100015F
:10A7B0007A4500002931010064010001AA7E0000F1
:10A7C000E77B000064010001F1C1FFFF21A7000049
:10A7D0006401000120A200009F320000640100011A
:10A7E000CCE5FFFFDBA1010064010001164300007E
:10A7F0008ABF000064010001A529000003000100D8
:10A8000064010001BA7D0000CD98000064010001E0
:10A810009EFBFFFF2E50000064010001702000002D
:10A820002B440000640100010D390000C4CE00007B
:10A8300064010001FD72FFFFD740000064010001C8
:10A84000CA320000D43801006401000157860000BC
:10A85000E9D7000064010001F3A90000FB710000CA
:10A86000640100014F43000092EE0000640100010A
:10A87000231F01007658000064010001C764000036
:10A88000ACAF0000640100013D760000897F00004C
:10A890006401000182E0FFFFC36F0000640100015A
:10A8A0005989000098D90000640100014732000076
:10A8B0004029010064010001EB3A0000702401000E
:10A8C000640100011968000001A400006401000196
:10A8D000A6660000E08F0000640100019EAFFFFF4C
:10A8E000A7A200006401000181BBFFFF450C02002C
:10A8F00064010001EDAC0000C2A40000640100018D
:10A90000FDD3FFFF2861000064010001294B000016
:10A9100065A200006401000111590000F7F4000075
:10A920006401000180B30000B5470000640100012C
:10A93000FC0500009080010064010001D6A6FFFF25
:10A94000813400006401000194D2FFFF80BB00004D
:10A9500064010001F090FFFF7F9900006401000195
:10A960001775000057C70000640100018968FFFFE8
:10A97000B95800006401000106460000A647010026
:10A98000640100015EC5FFFFA7A000006401000193
:10A9900051F0FFFF0D9F0100640100019C38000091
:10A9A0007D2E010064010001FE55000029E1000038
:10A9B0006401000139120000372E0100640100011A
:10A9C000D43400008226010064010001D93800005F
:10A9D000642D010064010001E94D00003D160100F5
:10A9E0006401000118350000D2E500006401000197
:10A9F0007C4900009DA90100640100019E1B00002C
:10AA00008BC8000064010001A44000003FA60000C4
:10AA100064010001402AFFFF1A7500006401000173
:10AA20001A690000DC9C0000640100018C13000026
:10AA30009C40010064010001E36D00006DDA01003B
:10AA400064010001427E0000356E000064010001D7
:10AA5000DE4200002CAF00006401000189C4FFFF4A
:10AA6000E40B020064010001594CFFFF795F000014
:10AA7000640100017BBDFFFFB1BA00006401000169
:10AA8000292F000088A90000640100017244000021
:10AA9000F1A8000064010001DB530000ABF80000E6
:10AAA00064010001193C000049E500006401000157
:10AAB000C16D0000D5D1000064010001C75700003E
:10AAC000CF7B000064010001DA7FFFFF2DAD0000A5
:10AAD000640100010E540000C00A0100640100017D
:10AAE000455C0000A7C8030064010001490FFFFF97
:10AAF000176F000064010001F82E00006B190100BF
:10AB00006401000123B7FFFFF24C00006401000163
:10AB1000D98EFFFFFE66000064010001964C000024
:10AB20006D88010064010001485100004563020086
:10AB3000800000000A000500880000050C00031ECC
:10AB40006000040060000100D870020020000306CD
:10AB500060000000A8000001000005000A000500D8
:10AB6000BC00000000000000D4000000031B010036
:10AB7000800100010200000000000080CC01000004
:10AB800000000040640100011492FFFF66430500CD
:10AB9000D800000002000001F000000000010000E9
:10ABA00064010001D8AA010048A303006401000168
:10ABB0002A8EFFFF91B00400640100019398FEFF0C
:10ABC000056E04006401000114810000D5B6030085
:10ABD00064010001C6ECFFFF7B7105006401000108
:10ABE000AF9BFFFF0FC0040064010001486A010031
:10ABF0007B560400640100010429FFFF8F3C040020
:10AC00006401000142D9FEFFD8DA030064010001AB
:10AC10000CE9FFFF9C430300640100019B9CFFFFC4
:10AC2000E79A0300640100015F9EFFFFCD920300DD
:10AC300064010001D108FFFFB66003006401000158
:10AC4000811EFEFFDE0403006401000161B9FEFF06
:10AC50008645030064010001D36F0000D028030083
:10AC6000640100017C320000A28A0300640100013B
:10AC7000021A0000AF18030064010001E7F3FFFFB0
:10AC80002658030064010001FF6BFFFF8ECE040015
:10AC900064010001188FFEFF13AF0400640100017E
:10ACA000AF19FFFFC1C6020064010001E86CFFFF9D
:10ACB000104304006401000113F7FEFF6CA60200BC
:10ACC000640100012E6E0100276103006401000190
:10ACD000B9DBFEFFF52A060064010001EA5BFFFF15
:10ACE000E6EA0300640100011F5700003AB50200C4
:10ACF00064010001E90900000CEC06006401000198
:10AD000072930000FD5B0300640100010A71FFFF04
:10AD1000E4830300800000010A000300A432002045
:10AD2000AC0000010A000300A4320020640100010D
:10AD30001492FFFF66430500F000000000010000D0
:10AD400064010001D8AA010048A3030064010001C6
:10AD50002A8EFFFF91B00400640100019398FEFF6A
:10AD6000056E04006401000114810000D5B60300E3
:10AD700064010001C6ECFFFF7B7105006401000166
:10AD8000AF9BFFFF0FC0040064010001486A01008F
:10AD90007B560400640100010429FFFF8F3C04007E
:10ADA0006401000142D9FEFFD8DA0300640100010A
:10ADB0000CE9FFFF9C430300640100019B9CFFFF23
:10ADC000E79A0300640100015F9EFFFFCD9203003C
:10ADD00064010001D108FFFFB660030064010001B7
:10ADE000811EFEFFDE0403006401000161B9FEFF65
:10ADF0008645030064010001D36F0000D0280300E2
:10AE0000640100017C320000A28A03006401000199
:10AE1000021A0000AF18030064010001E7F3FFFF0E
:10AE20002658030064010001FF6BFFFF8ECE040073
:10AE300064010001188FFEFF13AF040064010001DC
:10AE4000AF19FFFFC1C6020064010001E86CFFFFFB
:10AE5000104304006401000113F7FEFF6CA602001A
:10AE6000640100012E6E01002761030064010001EE
:10AE7000B9DBFEFFF52A060064010001EA5BFFFF73
:10AE8000E6EA0300640100011F5700003AB5020022
:10AE900064010001E90900000CEC060064010001F6
:10AEA00072930000FD5B0300640100010A71FFFF63
:10AEB000E4830300800000060C00080068320020D4
:10AEC0000C003300600000000C0008006820002027
:10AED00020003300AC0000010C00080068200020B6
:10AEE000D8000001060000008C71473960010002A3
:10AEF000030F0100B5F00200010000007001000026
:10AF00000080FFFFF000000000010000800000074B
:10AF10000A000800682000200C00831F6000040065
:10AF200020000100D87C0200100043022000000035
:10AF3000AC0000010A00080068320020D4000000C4
:10AF40000317010080010001030000000000000061
:10AF5000CC010000000000C0640100015620000088
:10AF6000B25A0100D800000002000001F000000009
:10AF70000001000064010001C4180000249B0000CF
:10AF800064010001121F0000F1F6000064010001DD
:10AF9000C431000078DD00006401000125360000A6
:10AFA00034C80000640100016D240000032E01007C
:10AFB000640100013E39000051C900006401000134
:10AFC000EA3A0000D7C10000640100011A6E0000D7
:10AFD00014E8000064010001813000001FB500008A
:10AFE000640100014E160000F4D700006401000166
:10AFF000B17A0000C5C2000064010001191400000C
:10B00000FF0E0100640100015F2D0000B429010062
:10B01000640100011AD60000A07B00006401000159
:10B020002B3C0000630F01000900FF2F010000000E
:10B03000ED2C000006000000683200206838002077
:10B0400008000A0010001400100010000C0000009E
:10B050001C19FF1F8000000F14001000683800202A
:10B06000140033004001000014001000680C0020A0
:10B07000100033004001000000000000000000004C
:10B080000000050014001000680C002014000300EC
:10B090004001000000000000C40000061B11100069
:10B0A000000001000000010100000103030F010086
:10B0B0000600000037286E678001000102000000D2
:10B0C00000000080A4010001000000000100000059
:10B0D000CC0100000000F4FFF000000000010000BF
:10B0E00084000006680C00201400231340010400B3
:10B0F00010000100D87E0200200023011000000093
:10B10000B000000068320020D400000003170100E6
:10B11000800100010300000000000000C8010001E0
:10B12000000000C0000000C064010001C2F6FFFF83
:10B1300098530100D800000002000001F000000058
:10B1400000010000640100010218000085C3000036
:10B150006401000116FDFFFF5DFC000064010001B9
:10B160002B990000BB6F000064010001ECD0FFFFD1
:10B17000C6AE000064010001723C000095D40000DE
:10B18000640100018F390000B7AF000064010001C5
:10B19000ED330000FBD4000064010001E80F000063
:10B1A0000D280100640100015626000060EE010038
:10B1B0006401000119750000C2B4000064010001BF
:10B1C00004150000DFA80000640100012B1200003C
:10B1D00071B0000064010001786400002461000087
:10B1E000640100017D150000FE870000640100017C
:10B1F00088390000FA740000640100014720000053
:10B200005998000064010001CF09000054080100B2
:10B2100064010001FC2300008FAF00006401000105
:10B220009B0900005BDB0000640100010D030000CE
:10B23000CAFB000064010001121A0000ACA2000069
:10B24000640100018A0200008137010064010001ED
:10B25000A1640000BB700000640100016FF7FFFFF4
:10B26000440D01006401000105E3FFFF58EC0000FC
:10B2700064010001C62B0000D59B000064010001A1
:10B280004F1D000053D5000064010001B4C9FFFF49
:10B290005FD90000640100013F0000005FE9000089
:10B2A0006401000107060000F11D010064010001B6
:10B2B0009E050000D9BA0000840000066832002014
:10B2C0001400F30F4001000003000300D8800200C7
:10B2D0002000330009000000A80000000000150055
:10B2E000BC0000010101010180FF0000CC00000052
:10B2F0000000010164010001E04000001AE10000CB
:10B30000D800000001000001F00000000001000072
:10B3100064010001380200000ACE0100640100014E
:10B32000A15200006E080100640100019F1400009A
:10B330007541010064010001425A0000A7B70000F6
:10B3400064010001F01C00007A2101006401000189
:10B35000D4060000D1060200640100010AB9000011
:10B36000E370000064010001B5640000C3C6000082
:10B370006401000129EBFFFFDC7A00006401000199
:10B38000784400009DBC0000640100019A4A00005E
:10B3900075F1000064010001764800007579000035
:10B3A000640100012EB7FFFFA4C300006401000187
:10B3B000E45A0000D1B7000064010001AB5700005F
:10B3C00040D0000064010001304E0000F70501008C
:10B3D00064010001C586000018BA00006401000184
:10B3E000309F0000647C000064010001AD2A000071
:10B3F00087FB0000640100012554000082BD0000AD
:10B40000640100013475000036A8000064010001E9
:10B4100081AF0000335300006401000146260000A4
:10B42000D044010064010001439B000090780000BB
:10B43000640100012558000056F400006401000179
:10B44000301C0000C28F010064010001A731000020
:10B45000FEFE00006401000155020100855C010050
:10B46000640100015B1400004568010064010001F3
:10B47000634100008DC5000064010001EE5B000027
:10B4800074210100800000001400080088000005FD
:10B49000140003124001040020000100F8810200A2
:10B4A0001000430220000000A80000010000050079
:10B4B00014000800BC00000000000000D4000000E0
:10B4C000031B010080010001020000000000008059
:10B4D000CC010000000000B8640100013F72FFFFD2
:10B4E0005D720500D800000002000001F0000000BD
:10B4F00000010000640100015875FFFF8EBD0200CD
:10B5000064010001CBC2FFFF357C03006401000130
:10B5100023ACFFFFB36A0400640100018D880000C2
:10B52000A8B40200640100012F170000C9470400FD
:10B530006401000138F5FFFF7A5503006401000142
:10B5400033DFFFFFC8AB050064010001CFE6FFFF5A
:10B55000360A040064010001F1F8FFFF8CCA020002
:10B560006401000165260000ADE1030064010001F3
:10B570009090FFFFB6CD0400640100013C04000080
:10B580004CEC040064010001B94A000003FB060012
:10B590006401000193720000521B0300640100016A
:10B5A00070D9FFFF76740600840000000833002085
:10B5B000B000000008330020640100013F72FFFF6B
:10B5C0005D720500F0000000000100006401000150
:10B5D0005875FFFF8EBD020064010001CBC2FFFF62
:10B5E000357C03006401000123ACFFFFB36A040053
:10B5F000640100018D880000A8B40200640100010C
:10B600002F170000C94704006401000138F5FFFF4F
:10B610007A5503006401000133DFFFFFC8AB05006A
:10B6200064010001CFE6FFFF360A04006401000157
:10B63000F1F8FFFF8CCA02006401000165260000DA
:10B64000ADE10300640100019090FFFFB6CD04005E
:10B65000640100013C0400004CEC040064010001A2
:10B66000B94A000003FB0600640100019372000068
:10B67000521B03006401000170D9FFFF76740600BD
:10B68000800000071400100068320020140033000E
:10B690004001000014001000680C0020100033006E
:10B6A00040010000AC00000114001000680C0020F4
:10B6B000D800000106000000956CF545600100020D
:10B6C000030F01003E600A0001000000700100004D
:10B6D0000000F3FFF0000000000100008400000102
:10B6E000680C00201400F30F90000000020002001C
:10B6F0009800000010000B00A800000400001500D6
:10B700000A000800683200200C00030060000000FE
:10B71000C80000010000000000000202D400000187
:10B720000300000003000000CC0100000000000046
:10B73000F000000000010000880000051400231341
:10B740004001040010000100F883020040002301C2
:10B7500010000000A8000004000005001400100004
:10B76000683800201400030040010000C8000001F8
:10B770000000010000000101D400000003170100D7
:10B78000800100010300000000000000CC01000067
:10B79000000000C0640100011C4300004AF10000E9
:10B7A000D800000002000001F000000000010000CD
:10B7B000640100016A5500004B570100640100015B
:10B7C0000D3800004C2C0100640100015DBEFFFF3C
:10B7D0001D3E0200640100015525000099FE010094
:10B7E00064010001EC38000010D500006401000184
:10B7F000A12300002B70010064010001EC11000086
:10B80000A407010064010001196A0000E9BE0000FC
:10B81000640100014F55000021C2000064010001D5
:10B82000C62D0000B71C010064010001CA570000CA
:10B83000B6AF000064010001412F000097E6000050
:10B8400064010001FF1600002AFD010064010001EF
:10B8500040280000D002010064010001C32A00005A
:10B860008FCF0000640100017F2000000E12010054
:10B8700064010001B0840000296800006401000137
:10B88000FB2E0000E7DE000064010001FB5C00000D
:10B89000019B000064010001A5EBFFFFD2470100FE
:10B8A000640100012B0B000045D001006401000180
:10B8B000DBBCFFFFC230020064010001F5B7FFFFEF
:10B8C0009988020064010001619DFFFF1EE90100EB
:10B8D0006401000197F4FFFF57710100640100014A
:10B8E00001CCFFFF6A690100640100012F4A0000DA
:10B8F000F8880000640100018C4B0000FEA50000E8
:10B900006401000109E1FFFFF0D9000064010001BA
:10B91000DFA6FFFFD4EB010064010001A5260000B3
:10B920004CBD0000640100013F050000EF990000DC
:10B930006401000185FAFFFF320301006401000188
:10B94000C61A0000BFD70000640100018CDEFFFFB3
:10B95000E076010064010001C63B0000D37F0000D7
:10B960006401000125FAFFFFEB03010064010001FF
:10B970000C160000F4E7000064010001B043000071
:10B980005BD000006401000113F8FFFF60D10000EC
:10B9900064010001F4F3FFFFB7A00100640100019E
:10B9A0008A3E0000D699000064010001F0F7FFFF15
:10B9B00089C5000064010001361A0000520601002A
:10B9C00064010001C7160000A8F80000640100012E
:10B9D00029FFFFFF0A510100640100018B3B0000B9
:10B9E0001D76000064010001B62E0000C1BD0000FC
:10B9F0006401000105470000919F000064010001FF
:10BA00008E37000077A700006401000167E1FFFFA7
:10BA1000DB800000640100012618000030BD00003A
:10BA2000640100015809000093EA0000640100016C
:10BA3000434100006CB0000064010001B9530000F4
:10BA40007E66000064010001A21B00008F8B0000D5
:10BA500064010001CA1C00003FF400006401000101
:10BA6000FDFEFFFF6B870000640100016321000001
:10BA7000C91001006401000166030000AAB10100C1
:10BA800064010001336800008D8000006401000142
:10BA900067260000A16E000064010001831E000003
:10BAA000217F0000800000030A00080068320020A7
:10BAB0000C00831F6000040094000001F88702005E
:10BAC00020002301AC0000030A000800680C0020DD
:10BAD0000C00030060000000640100019CF1FFFF06
:10BAE00051A10100F000000000010000640100010C
:10BAF000102B00005248010064010001672400007F
:10BB0000FEAA010064010001E21C0000A1970100EF
:10BB100064010001CC0C0000B511020064010001B9
:10BB2000D51C0000297F010064010001811E000076
:10BB300023E7010064010001B920000073B4010093
:10BB4000640100016D0A0000CD3F010064010001A5
:10BB500001250000569C010064010001EF02000075
:10BB6000BEF90100640100016714000023690200AE
:10BB700064010001C72F0000F710010064010001FB
:10BB80005EF5FFFF8ACD0300640100017400000030
:10BB9000898101006401000188160000E16901004B
:10BBA00064010001CF040000A95A020064010001F1
:10BBB000C10200007E8F010064010001AF2A000075
:10BBC000FAB3010064010001261A0000A82B02004C
:10BBD00064010001F80D0000FA6301006401000136
:10BBE000552700000D5601006401000140110000BE
:10BBF000A7910100640100011F17000096B6010023
:10BC00006401000184390000959101006401000184
:10BC10000B01000005E3020064010001820900003D
:10BC2000CA6601006401000151030000F9B9010076
:10BC30006401000146310000074201006401000177
:10BC4000BB24000065220100640100018D07000093
:10BC5000148D010064010001961B000056BA01001A
:10BC60008000000714001000683800201400F30F53
:10BC70004001000003000300F88902004000330087
:10BC800009000000A80000050000150014001000C5
:10BC90006838002014000300400100000101010188
:10BCA000CC0000000000010164010001E5840000F7
:10BCB00045A10000D800000001000001F0000000D4
:10BCC0000001000064010001FD8601004029000020
:10BCD000640100018E680000BB7C0000640100016B
:10BCE000165A0000D30B030064010001694E0000E6
:10BCF000256100006401000138780000CC96000046
:10BD000064010001444D000050B0000064010001D6
:10BD1000C59600000B9B000064010001FD2300009C
:10BD2000A93D010064010001019B0000979C0000F7
:10BD3000640100010D3D0000C1E600006401000146
:10BD4000676400002EDD00006401000162920000C3
:10BD5000D0540000640100019AAF0000625100005D
:10BD6000640100019C480000557D00006401000151
:10BD7000942100003047010064010001C9850000E2
:10BD80000759000064010001A5C4FFFF0E3B01003C
:10BD90006401000126650000D85400006401000120
:10BDA000CA800000E08900006401000189230000CE
:10BDB000D0DC000064010001843900007929010011
:10BDC00064010001AA520000EA6603006401000158
:10BDD0004C1F000017DC230064010001000F00006D
:10BDE000F05D4B006401000118230100D4570000EE
:10BDF0006401000123810000FA5C0100640100017C
:10BE0000A0C300000B79000064010001A60500003A
:10BE10005D7E0100640100019C93FFFFBB8E00006A
:10BE200064010001495E00002C053100640100013D
:10BE3000EB2900007E0B0100640100012355010085
:10BE4000E46E000064010001C35B000077C40000E1
:10BE500064010001BD9C00003E8B000064010001F4
:10BE600095BA00005FD50000640100010BB6FFFF2A
:10BE7000DEC801006401000162F0FFFF57330100DA
:10BE8000640100014D1A000021D401006401000189
:10BE9000DC3F00005C17010064010001C483000066
:10BEA00073F0000064010001E7940000C4EA0000A0
:10BEB000640100018110000063630100640100015E
:10BEC0008CF90000CA91000064010001A00A000082
:10BED000D958010064010001D05D00004AD500007E
:10BEE000640100013A6C0000B183000064010001AC
:10BEF0002768FFFFB5BC00006401000175FFFFFF6C
:10BF00006DDD000064010001E9F9FFFF88720100A6
:10BF100064010001D33B000073360100640100019D
:10BF200057A50000559D0200640100015B5400000C
:10BF30004DD0000064010001253200004876010068
:10BF400064010001223D000035BB000064010001D6
:10BF5000ED050000F5950200640100019EFCFFFF65
:10BF60008240010064010001DE2A00002F4101002F
:10BF700064010001984500006C5F0100640100014C
:10BF80000C290000991B010064010001013400002C
:10BF900060B9010064010001FBD3FFFFE7AB0100C2
:10BFA0006401000158000000510A02006401000110
:10BFB00033080000F2840100800000070C00080034
:10BFC000680C00200C003300600000000C0008002A
:10BFD000682000202000330060000000A800000559
:10BFE000000005000C000800680C00200C00030095
:10BFF0006000000000000000D80000010600000002
:10C00000EB11B17A60010002030F01001370090007
:10C0100001000000700100000000FCFF8001000131
:10C020000200000000000080F0000000000100009D
:10C0300080000007140004006838002014008310FA
:10C040004001040040000100388C0200300023044D
:10C0500040000000AC000003140004006838002019
:10C060001400030040010000D40000000317010089
:10C07000800100010300000000000000CC0100006E
:10C08000000000C064010001DE290000F05C000037
:10C09000D800000002000001F000000000010000D4
:10C0A0006401000188BDFFFF4D3400006401000100
:10C0B0003FBFFFFF37590000640100017FF6FEFF1C
:10C0C000D23C000064010001AFDDFFFF05CD0000A0
:10C0D00064010001A828FFFF053E00006401000183
:10C0E0002C0D00008F50000064010001504CFFFF38
:10C0F0002D6600006401000148B7FFFF3F260000E5
:10C1000064010001DC55FFFF54D30000640100010D
:10C11000182200004141000064010001E647FFFFD2
:10C12000B950000064010001F4E9FFFF83B0000092
:10C1300064010001BEEFFEFFF24F00006401000148
:10C140003BA6FFFFE75400006401000121E9FFFF67
:10C150009D92000064010001C298FFFF68950000F5
:10C16000640100010696FFFF894E00006401000192
:10C17000E579FFFFEE5E000064010001002DD1EDC6
:10C180000100000064010001B783FFFFEF400000E1
:10C1900064010001BEF2FFFF6FA200006401000114
:10C1A000D27E00005C2F0000640100019B120000A1
:10C1B0002173000064010001568300005A9B0000B7
:10C1C000640100019B98FFFFC2440000640100016C
:10C1D0005C1DFFFF427D00006401000193EBFFFF47
:10C1E000889F0000640100012B7900006338000083
:10C1F0006401000110DBA0F20100000064010001F5
:10C2000042160000FB770000640100017166FFFF29
:10C21000F236000064010001CA69000013520000F8
:10C2200064010001360400000730000064010001D1
:10C230002A010000C128000064010001FEA1FFFFE7
:10C240004E2F000064010001B06BFFFF86910100DA
:10C2500064010001EF730000AFA900006401000158
:10C260000BC0FFFFD0450000640100012793FFFFD2
:10C27000426900006401000185E2FFFFA45700004D
:10C2800064010001807497EB01000000640100016B
:10C29000517CFFFFAE54000064010001DC4FFFFF42
:10C2A0006F63000064010001208FFFFFAE330000C8
:10C2B0006401000120FDFFFF138E000064010001F6
:10C2C000043FFFFFD67A0000640100012C820000C9
:10C2D0003833000084000000B8380020B0000000AF
:10C2E000B838002064010001DE290000F05C000085
:10C2F000F0000000000100006401000188BDFFFFA4
:10C300004D340000640100013FBFFFFF37590000BA
:10C31000640100017FF6FEFFD23C000064010001D1
:10C32000AFDDFFFF05CD000064010001A828FFFF7D
:10C33000053E0000640100012C0D00008F5000003C
:10C3400064010001504CFFFF2D66000064010001F4
:10C3500048B7FFFF3F26000064010001DC55FFFFE6
:10C3600054D3000064010001182200004141000084
:10C3700064010001E647FFFFB950000064010001BD
:10C38000F4E9FFFF83B0000064010001BEEFFEFF8F
:10C39000F24F0000640100013BA6FFFFE7540000DC
:10C3A0006401000121E9FFFF9D920000640100018A
:10C3B000C298FFFF68950000640100010696FFFF28
:10C3C000894E000064010001E579FFFFEE5E000088
:10C3D00064010001002DD1ED0100000064010001A5
:10C3E000B783FFFFEF40000064010001BEF2FFFFD2
:10C3F0006FA2000064010001D27E00005C2F0000EB
:10C40000640100019B12000021730000640100011F
:10C41000568300005A9B0000640100019B98FFFFB7
:10C42000C2440000640100015C1DFFFF427D00006A
:10C430006401000193EBFFFF889F0000640100018D
:10C440002B790000633800006401000110DBA0F2CA
:10C45000010000006401000142160000FB770000AB
:10C46000640100017166FFFFF23600006401000103
:10C47000CA69000013520000640100013604000084
:10C4800007300000640100012A010000C1280000FB
:10C4900064010001FEA1FFFF4E2F000064010001B6
:10C4A000B06BFFFF8691010064010001EF73000093
:10C4B000AFA90000640100010BC0FFFFD0450000E0
:10C4C000640100012793FFFF42690000640100013D
:10C4D00085E2FFFFA457000064010001807497EB20
:10C4E0000100000064010001517CFFFFAE54000018
:10C4F00064010001DC4FFFFF6F6300006401000175
:10C50000208FFFFFAE3300006401000120FDFFFF1C
:10C51000138E000064010001043FFFFFD67A000083
:10C52000640100012C820000383300008400000008
:10C5300008390020B0000000083900206401000123
:10C54000DE290000F05C0000F000000000010000A7
:10C550006401000188BDFFFF4D340000640100014B
:10C560003FBFFFFF37590000640100017FF6FEFF67
:10C57000D23C000064010001AFDDFFFF05CD0000EB
:10C5800064010001A828FFFF053E000064010001CE
:10C590002C0D00008F50000064010001504CFFFF83
:10C5A0002D6600006401000148B7FFFF3F26000030
:10C5B00064010001DC55FFFF54D300006401000159
:10C5C000182200004141000064010001E647FFFF1E
:10C5D000B950000064010001F4E9FFFF83B00000DE
:10C5E00064010001BEEFFEFFF24F00006401000194
:10C5F0003BA6FFFFE75400006401000121E9FFFFB3
:10C600009D92000064010001C298FFFF6895000040
:10C61000640100010696FFFF894E000064010001DD
:10C62000E579FFFFEE5E000064010001002DD1ED11
:10C630000100000064010001B783FFFFEF4000002C
:10C6400064010001BEF2FFFF6FA20000640100015F
:10C65000D27E00005C2F0000640100019B120000EC
:10C660002173000064010001568300005A9B000002
:10C67000640100019B98FFFFC244000064010001B7
:10C680005C1DFFFF427D00006401000193EBFFFF92
:10C69000889F0000640100012B79000063380000CE
:10C6A0006401000110DBA0F2010000006401000140
:10C6B00042160000FB770000640100017166FFFF75
:10C6C000F236000064010001CA6900001352000044
:10C6D000640100013604000007300000640100011D
:10C6E0002A010000C128000064010001FEA1FFFF33
:10C6F0004E2F000064010001B06BFFFF8691010026
:10C7000064010001EF730000AFA9000064010001A3
:10C710000BC0FFFFD0450000640100012793FFFF1D
:10C72000426900006401000185E2FFFFA457000098
:10C7300064010001807497EB0100000064010001B6
:10C74000517CFFFFAE54000064010001DC4FFFFF8D
:10C750006F63000064010001208FFFFFAE33000013
:10C760006401000120FDFFFF138E00006401000141
:10C77000043FFFFFD67A0000640100012C82000014
:10C78000383300008400000058390020B000000059
:10C790005839002064010001DE290000F05C00002F
:10C7A000F0000000000100006401000188BDFFFFEF
:10C7B0004D340000640100013FBFFFFF3759000006
:10C7C000640100017FF6FEFFD23C0000640100011D
:10C7D000AFDDFFFF05CD000064010001A828FFFFC9
:10C7E000053E0000640100012C0D00008F50000088
:10C7F00064010001504CFFFF2D6600006401000140
:10C8000048B7FFFF3F26000064010001DC55FFFF31
:10C8100054D30000640100011822000041410000CF
:10C8200064010001E647FFFFB95000006401000108
:10C83000F4E9FFFF83B0000064010001BEEFFEFFDA
:10C84000F24F0000640100013BA6FFFFE754000027
:10C850006401000121E9FFFF9D92000064010001D5
:10C86000C298FFFF68950000640100010696FFFF73
:10C87000894E000064010001E579FFFFEE5E0000D3
:10C8800064010001002DD1ED0100000064010001F0
:10C89000B783FFFFEF40000064010001BEF2FFFF1D
:10C8A0006FA2000064010001D27E00005C2F000036
:10C8B000640100019B12000021730000640100016B
:10C8C000568300005A9B0000640100019B98FFFF03
:10C8D000C2440000640100015C1DFFFF427D0000B6
:10C8E0006401000193EBFFFF889F000064010001D9
:10C8F0002B790000633800006401000110DBA0F216
:10C90000010000006401000142160000FB770000F6
:10C91000640100017166FFFFF2360000640100014E
:10C92000CA690000135200006401000136040000CF
:10C9300007300000640100012A010000C128000046
:10C9400064010001FEA1FFFF4E2F00006401000101
:10C95000B06BFFFF8691010064010001EF730000DE
:10C96000AFA90000640100010BC0FFFFD04500002B
:10C97000640100012793FFFF426900006401000188
:10C9800085E2FFFFA457000064010001807497EB6B
:10C990000100000064010001517CFFFFAE54000063
:10C9A00064010001DC4FFFFF6F63000064010001C0
:10C9B000208FFFFFAE3300006401000120FDFFFF68
:10C9C000138E000064010001043FFFFFD67A0000CF
:10C9D000640100012C820000383300008000000751
:10C9E0000A000800680C00200C00831F600004008F
:10C9F000200001003898020040004302200000009F
:10CA0000AC0000030A00080068AE00200C00030020
:10CA100060000000640100018E13000050730000EC
:10CA2000F000000000010000640100012EF6FFFF8D
:10CA3000F0BB0000640100015F2300005D7B00008B
:10CA400064010001B919000081AF00006401000118
:10CA5000F1200000BA6D000064010001EE500000FA
:10CA6000DC5D00006401000143F6FFFF81800000EF
:10CA7000640100013E2200000C93000064010001EB
:10CA8000093400002B6700006401000193EDFFFFF3
:10CA90008ED900006401000108350000EE9D000001
:10CAA00064010001456500001C4D000064010001A7
:10CAB0007A1A0000C9A5000064010001E3E4FFFF49
:10CAC0004DA7000064010001B1EFFFFFCEB20000EE
:10CAD00064010001C2320000988F0000640100016F
:10CAE000800C0000D6C5000064010001EB1F0000AF
:10CAF000A292000064010001F1F5FFFFE2CD000009
:10CB00006401000162F0FFFF63DF000064010001C7
:10CB100023050000AAAE0000640100011C300000E3
:10CB2000156D0000640100010D13000069F500009F
:10CB30006401000117410000F7500000640100018A
:10CB40003D0C00006F9C0000640100018F1B000081
:10CB500013A9000064010001C1140000D7B5000052
:10CB60006401000177F1FFFFD2FA000064010001C7
:10CB70005C000000A28901006401000194420000F1
:10CB8000DC1D010064010001C1450000078B0000AD
:10CB9000640100013BD0FFFF40C8000064010001B8
:10CBA000613500001EC70000640100017C25000003
:10CBB000AB8C000064010001F8D4FFFFFEB200005E
:10CBC00064010001CC3A00005D5A000064010001DC
:10CBD000B4FFFFFFFA6A000064010001E3150000E2
:10CBE000B2C10000640100014DFFFFFF727600003A
:10CBF0006401000110160000EFB50000640100019F
:10CC00003EF7FFFF0013010064010001E44D000046
:10CC1000BC63000064010001DDC7FFFF369B00001C
:10CC20006401000170160000AC9600006401000170
:10CC3000F019000022CF000064010001A0D4FFFF22
:10CC400066890000640100012A500000416C000068
:10CC50006401000199050000F79C000064010001D7
:10CC600062260000B1A2000064010001FAEBFFFFA0
:10CC70002493000064010001CDEAFFFFB8D4000056
:10CC800064010001751700002D74000064010001AB
:10CC9000AF05000094C300006401000149F2FFFFEA
:10CCA0002F8A00006401000162040000B9830000C3
:10CCB00064010001AD1A00007C86000064010001DF
:10CCC000B0DCFFFFC09D000064010001E54D0000E5
:10CCD0001C940000640100016BE8FFFF0DA400003C
:10CCE00064010001820E0000A385000064010001C0
:10CCF0009D090000C8180100640100017C070000C4
:10CD00008F940000640100012800000093C6000019
:10CD10006401000144170000A3B100008000000777
:10CD200014000600683800201400031240010400BB
:10CD30003000010038A002001200030330000000A0
:10CD4000AC00000314000600683800201400030043
:10CD500040010000D400000003190100800100011F
:10CD60000200000000000080CC0100000000004430
:10CD700064010001AAE7FFFF03820000F000000049
:10CD8000000100006401000177F4FFFF0EC1000004
:10CD9000640100016F17FFFF6B36000064010001A2
:10CDA000BC65FFFFEF5B000064010001298BFFFF02
:10CDB0006FA000006401000176980100391F010096
:10CDC0006401000153EEFFFFE683000064010001EF
:10CDD00045F6FFFFB2B200006401000104FDFFFF51
:10CDE000262800006401000175CDFFFFFB3600001E
:10CDF000640100018498FFFFA0F5000064010001B8
:10CE0000379F0100A3C3000064010001C3E4FFFFDA
:10CE10007EE300006401000131130000CC970000A4
:10CE20006401000185B4FFFF1A15000064010001D0
:10CE3000D081FFFFCD240000640100013784FFFF93
:10CE4000C5FE0000640100016D870100EFA800002D
:10CE500084000000E0380020B0000000E03800202E
:10CE600064010001AAE7FFFF03820000F000000058
:10CE7000000100006401000177F4FFFF0EC1000013
:10CE8000640100016F17FFFF6B36000064010001B1
:10CE9000BC65FFFFEF5B000064010001298BFFFF11
:10CEA0006FA000006401000176980100391F0100A5
:10CEB0006401000153EEFFFFE683000064010001FE
:10CEC00045F6FFFFB2B200006401000104FDFFFF60
:10CED000262800006401000175CDFFFFFB3600002D
:10CEE000640100018498FFFFA0F5000064010001C7
:10CEF000379F0100A3C3000064010001C3E4FFFFEA
:10CF00007EE300006401000131130000CC970000B3
:10CF10006401000185B4FFFF1A15000064010001DF
:10CF2000D081FFFFCD240000640100013784FFFFA2
:10CF3000C5FE0000640100016D870100EFA800003C
:10CF4000800000011400040058390020AC000001EA
:10CF5000140004005839002064010001AAE7FFFF13
:10CF600003820000F00000000001000064010001E5
:10CF700077F4FFFF0EC10000640100016F17FFFF8F
:10CF80006B36000064010001BC65FFFFEF5B000031
:10CF900064010001298BFFFF6FA000006401000104
:10CFA00076980100391F01006401000153EEFFFF74
:10CFB000E68300006401000145F6FFFFB2B2000005
:10CFC0006401000104FDFFFF262800006401000148
:10CFD00075CDFFFFFB360000640100018498FFFF60
:10CFE000A0F5000064010001379F0100A3C3000009
:10CFF00064010001C3E4FFFF7EE30000640100015F
:10D0000031130000CC9700006401000185B4FFFFDC
:10D010001A15000064010001D081FFFFCD2400003B
:10D02000640100013784FFFFC5FE000064010001B8
:10D030006D870100EFA80000800000070A000800CB
:10D0400068AE00200C00031860000000030003001D
:10D0500098A302004000330009000000A80000056A
:10D06000000015000A000800E87400200C0003000E
:10D070006000000001010101CC000000000001017E
:10D08000D40000000317010080010001030000002C
:10D0900000000000CC010000000000C0640100019D
:10D0A000211E000093540200D8000000010000017E
:10D0B000F00000000001000064010001F7600000C2
:10D0C000A4BB0000640100016B2500007351010046
:10D0D000640100014429000087EB000064010001A5
:10D0E000B2CDFFFF818D000064010001BEFBFFFF98
:10D0F00086CE010064010001EF940000856F0100FD
:10D1000064010001322D0000631901006401000177
:10D11000671C000084D500006401000181590000F3
:10D12000B0A10000640100015AEFFFFF20E0000001
:10D1300064010001AFFEFFFF42E90100640100014C
:10D14000B03A0000116B000064010001A8CA0000A1
:10D1500051630100640100017BF00000F7BB000097
:10D1600064010001B526000040880100640100014F
:10D17000273A0000EB2C010064010001704300001D
:10D180000F11010064010001CED200004AED000041
:10D19000640100018438000021F3000064010001F3
:10D1A000157500002BE700006401000178150000F0
:10D1B0001408010064010001E4650000E67E00003F
:10D1C00064010001E9EBFFFFA6C801006401000152
:10D1D000073B0000A0B900006401000184B2FFFF1A
:10D1E000F8AC000064010001C41C00007CFA0000DF
:10D1F00064010001A9C400008DA7000064010001C2
:10D200009141000073A3000064010001A25B0000D3
:10D21000862800006401000164F2FFFF0BBD0000DE
:10D2200064010001A6F70000CA19010064010001B1
:10D23000E1080000CCCE00006401000114270000CA
:10D2400088FC00006401000154660000C61E010055
:10D2500064010001F48F0000A0A00000640100013F
:10D260003D35FFFFB58500006401000156F0FFFF6A
:10D27000787F0000640100017D070000DDE7000009
:10D280006401000199FCFFFF1C0901006401000119
:10D2900085860000678F0000640100014AF8FFFFE7
:10D2A000D2F9000064010001FCA60000C8410100A1
:10D2B0006401000190CCFFFFBBA5000064010001E8
:10D2C000E26CFFFF24DF000064010001B4390100BB
:10D2D0005AF9000064010001DF090000D52A0100AD
:10D2E00064010001E814000035120100640100012E
:10D2F000710F0000BC510100640100019FA00000FB
:10D3000068EB000064010001E3390000681F0100C0
:10D310006401000112E7FFFF3931010064010001DF
:10D32000DF310000371301006401000127B3000062
:10D33000449C0000640100018AA5FFFF17F3000070
:10D34000640100012E0D0000FAE9000064010001F3
:10D350000E4D0000FBB8000064010001B1EBFFFFBF
:10D3600059ED00006401000199450000B9FA000080
:10D3700064010001A8630000199700006401000126
:10D380007ED5FFFF5D77000064010001DD400000F5
:10D39000E39C0000640100015D41000042EB0000DD
:10D3A00064010001B52100004DFC00008000000771
:10D3B0000A000700E87400200C00E31C6000040071
:10D3C00040000100D8A50200200023044000000016
:10D3D000A8000002000005000A00070068180020ED
:10D3E000BC00000000000000D4000000031B01008E
:10D3F000800100010200000000000080CC0100005C
:10D40000000000B8640100013217FFFF4B840600E2
:10D41000D800000002000001F00000000001000040
:10D42000640100012427FFFF7B5E06006401000108
:10D430005BDBFFFFA61905006401000117D40000A3
:10D44000CE25050064010001F49B01002571040054
:10D45000640100010BDE0000CC3E04006401000109
:10D460004C860000FEA20600640100019A7CFFFFCA
:10D47000B4A70400640100017B79FFFFECAD040058
:10D48000640100017CDDFFFF86A10500640100014D
:10D49000972E000014AC0600640100019B4EFFFFB4
:10D4A0009EC105006401000112FC00009B0B0400FA
:10D4B0006401000108CBFFFF5380040064010001F8
:10D4C000517AFFFF7158050064010001D965000021
:10D4D000448504006401000170D0000033A1040001
:10D4E0006401000125F7FFFFB3C2030064010001DE
:10D4F0004F5CFFFF6466050064010001092800001D
:10D500007F52050064010001AC6F0000E77C04005D
:10D510006401000154F4FFFF29A507006401000124
:10D52000EE0C00001D7D0600640100018D820000EC
:10D5300006DF05006401000135200000BA62020028
:10D540006401000198D6FFFFF03904006401000176
:10D5500059D8FFFF246B080064010001C9A4FFFF34
:10D56000911404006401000103F4FEFFDA8E05004B
:10D5700064010001916F0000F46D05006401000179
:10D580008DE5FFFF0726030064010001EC78FEFF34
:10D59000BCBE0400800000010A0001003C750020B0
:10D5A000AC0000010A000100BC1800206401000169
:10D5B0003217FFFF4B840600F0000000000100005E
:10D5C000640100012427FFFF7B5E06006401000167
:10D5D0005BDBFFFFA61905006401000117D4000002
:10D5E000CE25050064010001F49B010025710400B3
:10D5F000640100010BDE0000CC3E04006401000168
:10D600004C860000FEA20600640100019A7CFFFF28
:10D61000B4A70400640100017B79FFFFECAD0400B6
:10D62000640100017CDDFFFF86A1050064010001AB
:10D63000972E000014AC0600640100019B4EFFFF12
:10D640009EC105006401000112FC00009B0B040058
:10D650006401000108CBFFFF538004006401000156
:10D66000517AFFFF7158050064010001D96500007F
:10D67000448504006401000170D0000033A104005F
:10D680006401000125F7FFFFB3C20300640100013C
:10D690004F5CFFFF6466050064010001092800007B
:10D6A0007F52050064010001AC6F0000E77C0400BC
:10D6B0006401000154F4FFFF29A507006401000183
:10D6C000EE0C00001D7D0600640100018D8200004B
:10D6D00006DF05006401000135200000BA62020087
:10D6E0006401000198D6FFFFF039040064010001D5
:10D6F00059D8FFFF246B080064010001C9A4FFFF93
:10D70000911404006401000103F4FEFFDA8E0500A9
:10D7100064010001916F0000F46D050064010001D7
:10D720008DE5FFFF0726030064010001EC78FEFF92
:10D73000BCBE0400800000070C0008006818002030
:10D740000C003300600000000C000800680C002092
:10D750002000330060000000AC0000010C00080055
:10D76000680C0020D800000106000000096A0F497B
:10D7700060010002030F0100CD020600010000005D
:10D78000700100000000F8FFF00000000001000040
:10D79000800000020A000800680C00200C0003183A
:10D7A00090000000020002009800000020000B0022
:10D7B000A8000004000015000500040068180020FF
:10D7C0000800030020000000C80000010000000065
:10D7D00000000202D400000103000000030000006A
:10D7E000CC01000000000000F0000000000100007B
:10D7F000880000050C00831F600004002000010069
:10D80000D8AD02004000430220000000A800000440
:10D81000000005000A000800E87400200C00030066
:10D8200060000000C80000010000010000000101CC
:10D83000D400000003170100800100010300000074
:10D8400000000000CC010000000000C064010001E5
:10D85000871700006A220100D800000002000001C2
:10D86000F00000000001000064010001F32D000041
:10D87000F48E00006401000166350000A4CD0000B4
:10D8800064010001820700002BC100006401000157
:10D8900020640000757B0000640100017D440000ED
:10D8A000C35700006401000115F6FFFF7CB60000BD
:10D8B00064010001900800000514010064010001EA
:10D8C00004F6FFFF5BA9000064010001EA490000C3
:10D8D000F654000064010001093C0000829C000035
:10D8E000640100018EF0FFFFF4A600006401000156
:10D8F00012320000B0550000640100010A56000019
:10D90000064F000064010001B8C2FFFFFD1A0100CC
:10D910006401000143060000ACCA0100640100017B
:10D92000AF7200001240000064010001F503000026
:10D9300002E8000064010001BFE5FFFFE47C000095
:10D9400064010001ABF6FFFFF86F00006401000105
:10D95000356E00009835000064010001631200007C
:10D960001C22010064010001F6010000CE8A0000C3
:10D9700064010001DC9E00001C380000640100010D
:10D98000612000001C89000064010001492600009C
:10D99000C39500006401000149EAFFFFED8100002A
:10D9A00064010001DDEAFFFFBCEB0000640100013F
:10D9B0009A180000C2D000006401000198430000E2
:10D9C0001386000064010001201A000069C90000EC
:10D9D0006401000125000000EF95000064010001D2
:10D9E000A12100001BB600006401000127CBFFFF4E
:10D9F000EA840000640100011B20000052E10000E5
:10DA0000640100010458000011620000640100017B
:10DA1000282300004CC4000064010001132800000A
:10DA20007BCD0000640100019432000080210100E0
:10DA300064010001E71100001313010064010001FB
:10DA4000A03A0000F36A000064010001AE14000077
:10DA5000B854000064010001F217000061D1000019
:10DA6000640100012F3C0000018C000064010001F2
:10DA7000DF7500005549000064010001B86800002E
:10DA80009D6A00006401000105480000B7640000C1
:10DA9000640100010C0C0000D5F7000064010001D6
:10DAA000AE150000D006010064010001231F000034
:10DAB000DB940000640100014D4600008A5900001B
:10DAC00064010001BE060000C8ED00006401000111
:10DAD000AAFAFFFFBE9E000064010001783C00002E
:10DAE000F69A0000640100015A43000060700000D3
:10DAF00064010001A03A0000A47F0000640100015D
:10DB0000DE410000F36C0000640100016A030000C4
:10DB1000E090000064010001E33A0000579C00001F
:10DB200064010001DD02000072E6000064010001F2
:10DB300009EAFFFF4166000064010001FC0F0000DC
:10DB40002784000064010001A32B00002D99000030
:10DB50006401000190FBFFFF27E800008000000344
:10DB600005000400681800200800432F200004006E
:10DB700094000001D8B5020030004302AC0000035D
:10DB800005000400680C00200800030020000000CD
:10DB9000640100014EF9FFFFCCDC0100F000000041
:10DBA00000010000640100015110000025A70100E0
:10DBB0006401000139110000755701006401000182
:10DBC000FBFFFFFFF3F8010064010001A90700005B
:10DBD0009B810100640100011C0D00005BA301009A
:10DBE00064010001A70800001FD9010064010001C1
:10DBF000391500005C79010064010001EA0B0000A6
:10DC0000A695010064010001F5F3FFFF4A470100FA
:10DC1000640100017A030000FE200200640100019B
:10DC200039F7FFFFF77C02006401000136000000B5
:10DC3000A2DE010064010001541500000B70010018
:10DC400064010001B40000005C7602006401000180
:10DC500089FCFFFFB44B020064010001D7F9FFFF0C
:10DC6000373B010064010001CDFFFFFFA347030024
:10DC7000640100019209000001CE0100640100016D
:10DC8000EE0B0000DEE20100640100011D0D00004A
:10DC9000DC9401006401000194000000524F020076
:10DCA00064010001F80800008FC601006401000152
:10DCB0001E2200009C200100640100012F030000CF
:10DCC000BB2F0200640100017DFCFFFFF340010057
:10DCD000640100017FF6FFFFBF90010064010001B5
:10DCE00085000000AFE50100640100013FF3FFFF84
:10DCF000FEE10000640100014B1B0000E3D50200BF
:10DD000064010001B702000002FE0100640100018D
:10DD10009BFEFFFF7F73010064010001CC04000043
:10DD2000D6B7010064010001EA000000F9BE01005D
:10DD300064010001B50B00005845020064010001B8
:10DD400077000000312A020064010001DA150000AA
:10DD50006C680100640100016FFEFFFF7ED80100C6
:10DD600064010001940500000169010064010001E3
:10DD700063FEFFFF6CDB0100640100015BFEFFFF3F
:10DD80008CC301006401000145110000324802000B
:10DD900064010001360A00006CFE0100640100010C
:10DDA0003B000000E10D020064010001AE14000020
:10DDB0005B8B0200640100017204000031D4010099
:10DDC00064010001450D00002DB601006401000151
:10DDD000980800006DD60100800000070A000800C6
:10DDE000E87400200C00031860000000030003002A
:10DDF000D8BB02004000330009000000A800000565
:10DE0000000015000A000800681200200C00030042
:10DE10006000000001010101CC00000000000101D0
:10DE20006401000182A8000067490000D8000000DA
:10DE300001000001F0000000000100006401000189
:10DE4000C04C0000831D010064010001A7340100E3
:10DE50004627000064010001123B0100C26200007D
:10DE600064010001EB6900005180000064010001C1
:10DE7000B41C0000248C010064010001EB040100CB
:10DE8000ADAC0000640100017B9A00009D7B0000A6
:10DE9000640100016004FFFF36EB00006401000133
:10DEA000F1F4FFFF150C0100640100014C63000058
:10DEB000E68D000064010001287301001E8D000042
:10DEC00064010001A03500005C190100640100013B
:10DED000585C0000F4D90000640100012A350000FC
:10DEE00024190D006401000198570000BF3700009D
:10DEF00064010001E9DEFFFFCABD01006401000109
:10DF000066460000C103010064010001E3660000F1
:10DF1000964A010064010001898C01004C930000C5
:10DF20006401000137C2FFFFE9A80100640100019C
:10DF3000BA64000055630000640100014692FFFFCF
:10DF400011B80000640100019A0E00001779010069
:10DF500064010001D4450000480C01006401000187
:10DF600025010000C0F400006401000100D9000098
:10DF70009A980000640100019CA00000B113010008
:10DF800064010001BC62000072AF00006401000186
:10DF9000BE3400008A5D000064010001E209000057
:10DFA000AFE4000064010001760901005295000011
:10DFB000640100013099FFFF4CAA000064010001D8
:10DFC000BA4CFFFF5B270100640100018B360000A3
:10DFD0008D60000064010001236D0000F6760000F2
:10DFE00064010001199000000F930000640100011A
:10DFF0001B89FFFF18B50000640100010C7B0000C5
:10E00000EA5A0000640100011EF00000F060000008
:10E01000640100017A47000081E100006401000111
:10E020001478FFFFB7B6000064010001BEA3000032
:10E030002D43000064010001A3140000B819010081
:10E0400064010001188EFFFF5658010064010001B1
:10E0500073A9FFFFF2600100640100015715000081
:10E060006A49010064010001326C000096750000ED
:10E0700064010001DAA700009F590000640100015B
:10E0800022C2FFFF278E00006401000144CCFFFF85
:10E09000FE9B000064010001C166000094C90000FD
:10E0A000640100017D1A01008D85000064010001FA
:10E0B00083C2FFFF4264000064010001B12D000033
:10E0C00077FB000064010001C73500002114010046
:10E0D0006401000114270000A48001006401000114
:10E0E00007B100004DB400006401000108440000C5
:10E0F000FCB100006401000195000000FA3B000043
:10E1000064010001CFE700006AC40000640100015F
:10E110003B6A000013D60000640100016920000082
:10E12000FF1001006401000169270000056600007E
:10E130008000000708000400680C0020080033007D
:10E140002000000008000400682C0020300033008C
:10E1500020000000A80000050000050008000400E1
:10E16000680C0020080003002000000000000000F0
:10E17000D8000001060000004C13287A600100025C
:10E18000030F0100715A050001000000700100003A
:10E19000000000008001000102000000000000807B
:10E1A000F000000000010000800000070A000700E6
:10E1B000681200200C00E31C600004004000010015
:10E1C00018BE02006000230440000000AC00000301
:10E1D0000A000700681200200C0003006000000025
:10E1E000D4000000031701008001000103000000BB
:10E1F00000000000CC010000000000C0640100012C
:10E20000D7FBFFFFCA5F0000D8000000020000013A
:10E21000F000000000010000640100013BFBFFFF73
:10E2200013310000640100018ADCFFFFEA7D000079
:10E2300064010001C96CFFFF7C6A000064010001F9
:10E24000DD090000886F00006401000105C8FEFFC1
:10E2500056340000640100012DFAFFFF6421020022
:10E260006401000120AFFFFF38500000640100018D
:10E2700026E3FFFFCF800000640100017683FFFFEB
:10E28000C17200006401000134C7FFFFA633000023
:10E2900064010001EB1700001E8A00006401000108
:10E2A0000848FFFF65930000640100013082FFFF12
:10E2B0004296000064010001AA99FEFF8E50000002
:10E2C00064010001D9D0FFFF6B6900006401000107
:10E2D00093A3FFFFC4DB0000640100017B70FFFF1C
:10E2E000B17F000064010001F067FFFF1626000007
:10E2F000640100013E1D0000E858000064010001B7
:10E300002F960000202700006401000154DDFFFF6C
:10E3100094920000640100017E2D000063680000FB
:10E32000640100013EE7FFFF454900006401000170
:10E33000C5CBFFFF8B48000064010001D035000011
:10E34000EC44000064010001DC23FFFF3E6E00008E
:10E3500064010001EF84FFFF34A1000064010001AB
:10E360006D130000C4E50000640100017A66FFFF40
:10E370005F7000006401000106FEFFFF64410000C1
:10E38000640100011A6C00000754000064010001E0
:10E390008AB0FFFFEB46000064010001FC8CFFFF28
:10E3A000EDDD000064010001CD1F000028B0000079
:10E3B00064010001AE1B0000255200006401000151
:10E3C000A10E0000B4D50000640100014C0500005E
:10E3D00059050100640100013991FFFF053E00006D
:10E3E00064010001E55D0000773000006401000178
:10E3F000D9FBFFFFDD06010064010001BB540000F2
:10E40000F1460000640100017DADFFFF3A9C000071
:10E41000640100019B7CFFFFCE58000064010001F5
:10E420007A3600000C840000640100011340FFFFF5
:10E430007A3D0000640100019CD0FFFF46550000BA
:10E440006401000143F4FFFF00D3000064010001F8
:10E450003AC7FFFF164C0000640100011FBAFFFF1E
:10E46000963B0000640100019A3600007C4A0000DF
:10E4700064010001CC290000126900006401000160
:10E480007A1000004D2B000064010001D71E00002F
:10E49000AD68000064010001B793FFFF0650000063
:10E4A00064010001D4CCFFFF0BC300006401000134
:10E4B000C0F8FFFF698C0000640100010DE1FFFF5F
:10E4C000315D000064010001D445000048300000C7
:10E4D0006401000110F5FFFF2781000064010001C5
:10E4E000BEBEFFFFF180000064010001E7F0FFFF06
:10E4F0006E74000064010001B05AFFFF0A4700007B
:10E500006401000155E2FFFF3E4F0000640100017D
:10E51000F261FFFF458E000064010001906FFFFF74
:10E52000F655000064010001B5CAFFFF969800008F
:10E530006401000103A7FFFF195F000064010001EF
:10E54000BFD3FEFF0A4D000064010001E832000065
:10E55000C470000064010001B07BFFFF18380000A8
:10E5600064010001DBA9FFFF3D840000640100019C
:10E570002E560000D3AB0000640100014FABFFFF3B
:10E58000DA5B000064010001094F0000C280000056
:10E59000640100013BC2FFFF3093000064010001F1
:10E5A000E8BAFFFF0C4D0000640100014E69FFFF57
:10E5B000CF40000064010001FACDFEFF4F6700006C
:10E5C000640100017319000097200000640100013C
:10E5D0006FCEFFFF01440000640100011C53FEFFE9
:10E5E00025640000640100017C5100005D9300007F
:10E5F0006401000149E7FFFF458900006401000153
:10E60000C1E7FFFF1787000064010001E9F7FFFF82
:10E61000379F000064010001B089FFFF59BE000070
:10E6200064010001261A00002FED000064010001C2
:10E63000D14EFFFF85B60000640100019B46FFFF3D
:10E64000D6330000640100015CA3FFFF233C0000FF
:10E6500064010001D84FFFFF7DCC00006401000180
:10E660001CA5FFFF4E35000064010001E1AAFFFF79
:10E6700013A700006401000115F4FFFFA85A000071
:10E680006401000106CBFFFF931A00008000000127
:10E690000A000100BC120020AC0000010A000100C9
:10E6A000BC12002064010001D7FBFFFFCA5F00001D
:10E6B000F000000000010000640100013BFBFFFFCF
:10E6C00013310000640100018ADCFFFFEA7D0000D5
:10E6D00064010001C96CFFFF7C6A00006401000155
:10E6E000DD090000886F00006401000105C8FEFF1D
:10E6F00056340000640100012DFAFFFF642102007E
:10E700006401000120AFFFFF3850000064010001E8
:10E7100026E3FFFFCF800000640100017683FFFF46
:10E72000C17200006401000134C7FFFFA63300007E
:10E7300064010001EB1700001E8A00006401000163
:10E740000848FFFF65930000640100013082FFFF6D
:10E750004296000064010001AA99FEFF8E5000005D
:10E7600064010001D9D0FFFF6B6900006401000162
:10E7700093A3FFFFC4DB0000640100017B70FFFF77
:10E78000B17F000064010001F067FFFF1626000062
:10E79000640100013E1D0000E85800006401000112
:10E7A0002F960000202700006401000154DDFFFFC8
:10E7B00094920000640100017E2D00006368000057
:10E7C000640100013EE7FFFF4549000064010001CC
:10E7D000C5CBFFFF8B48000064010001D03500006D
:10E7E000EC44000064010001DC23FFFF3E6E0000EA
:10E7F00064010001EF84FFFF34A100006401000107
:10E800006D130000C4E50000640100017A66FFFF9B
:10E810005F7000006401000106FEFFFF644100001C
:10E82000640100011A6C000007540000640100013B
:10E830008AB0FFFFEB46000064010001FC8CFFFF83
:10E84000EDDD000064010001CD1F000028B00000D4
:10E8500064010001AE1B00002552000064010001AC
:10E86000A10E0000B4D50000640100014C050000B9
:10E8700059050100640100013991FFFF053E0000C8
:10E8800064010001E55D00007730000064010001D3
:10E89000D9FBFFFFDD06010064010001BB5400004D
:10E8A000F1460000640100017DADFFFF3A9C0000CD
:10E8B000640100019B7CFFFFCE5800006401000151
:10E8C0007A3600000C840000640100011340FFFF51
:10E8D0007A3D0000640100019CD0FFFF4655000016
:10E8E0006401000143F4FFFF00D300006401000154
:10E8F0003AC7FFFF164C0000640100011FBAFFFF7A
:10E90000963B0000640100019A3600007C4A00003A
:10E9100064010001CC2900001269000064010001BB
:10E920007A1000004D2B000064010001D71E00008A
:10E93000AD68000064010001B793FFFF06500000BE
:10E9400064010001D4CCFFFF0BC30000640100018F
:10E95000C0F8FFFF698C0000640100010DE1FFFFBA
:10E96000315D000064010001D44500004830000022
:10E970006401000110F5FFFF278100006401000120
:10E98000BEBEFFFFF180000064010001E7F0FFFF61
:10E990006E74000064010001B05AFFFF0A470000D6
:10E9A0006401000155E2FFFF3E4F000064010001D9
:10E9B000F261FFFF458E000064010001906FFFFFD0
:10E9C000F655000064010001B5CAFFFF96980000EB
:10E9D0006401000103A7FFFF195F0000640100014B
:10E9E000BFD3FEFF0A4D000064010001E8320000C1
:10E9F000C470000064010001B07BFFFF1838000004
:10EA000064010001DBA9FFFF3D84000064010001F7
:10EA10002E560000D3AB0000640100014FABFFFF96
:10EA2000DA5B000064010001094F0000C2800000B1
:10EA3000640100013BC2FFFF30930000640100014C
:10EA4000E8BAFFFF0C4D0000640100014E69FFFFB2
:10EA5000CF40000064010001FACDFEFF4F670000C7
:10EA60006401000173190000972000006401000197
:10EA70006FCEFFFF01440000640100011C53FEFF44
:10EA800025640000640100017C5100005D930000DA
:10EA90006401000149E7FFFF4589000064010001AE
:10EAA000C1E7FFFF1787000064010001E9F7FFFFDE
:10EAB000379F000064010001B089FFFF59BE0000CC
:10EAC00064010001261A00002FED0000640100011E
:10EAD000D14EFFFF85B60000640100019B46FFFF99
:10EAE000D6330000640100015CA3FFFF233C00005B
:10EAF00064010001D84FFFFF7DCC000064010001DC
:10EB00001CA5FFFF4E35000064010001E1AAFFFFD4
:10EB100013A700006401000115F4FFFFA85A0000CC
:10EB20006401000106CBFFFF931A0000800000077C
:10EB300005000400680C00200800033020000400D9
:10EB40003000010018D6020060000303300000000E
:10EB5000AC00000305000400E87400200800030076
:10EB60002000000064010001053C000095500000F9
:10EB7000F00000000001000064010001642B0000AF
:10EB8000E4680000640100011B09000073730000C9
:10EB90006401000196FAFFFF31A200006401000148
:10EBA00085340000504E00006401000164BEFFFF88
:10EBB0004E78000064010001060E0000E9A6000086
:10EBC00064010001560100000D9D00006401000178
:10EBD0009F0D00000982000064010001384400001C
:10EBE000F85600006401000179EFFFFFFBA400006C
:10EBF00064010001F6BAFFFF226D0000640100010C
:10EC00008B0B00000678000064010001E011000099
:10EC1000C993000064010001BD2A00009564000052
:10EC20006401000174EFFFFF8A74000064010001B9
:10EC300034080000E07A00006401000143E9FFFFAE
:10EC4000667F000064010001E43B0000074F000004
:10EC50006401000103040000505A01006401000136
:10EC6000A30F00006DAE00006401000165300000DC
:10EC70000B590000640100010205000071E300006F
:10EC800064010001E31F0000FB8D0000640100012E
:10EC900072C5FFFF2A7C000064010001030500002B
:10ECA0002992000064010001484E0000A94E0000B6
:10ECB00064010001F24500003257000064010001C8
:10ECC00028F9FFFFA6A6000064010001072C000040
:10ECD000FF7A000064010001DF18000084AD00002D
:10ECE000640100016CDBFFFFB460000064010001FF
:10ECF000960700003CBC000064010001031B0000FB
:10ED0000CE66000064010001061C0000CA7100000C
:10ED100064010001700E00006F9F0000640100019B
:10ED2000DAF1FFFFD29C000064010001AEF9FFFFA1
:10ED3000968000006401000155F3FFFFB36D0000F1
:10ED400064010001EFF0FFFFBC8D000064010001D1
:10ED500080E1FFFF0F9800006401000117FFFFFF33
:10ED600011BC000064010001B0010000EED80000F9
:10ED7000640100013EFAFFFF807C00006401000195
:10ED8000743F00004863000064010001E6FBFFFFE0
:10ED9000589B000064010001EAEAFFFF8D88000033
:10EDA00064010001B0050000135900006401000176
:10EDB0008E36000060540000640100011606000059
:10EDC0006F0E010064010001731B00002CB20000F3
:10EDD00064010001A7D6FFFF32AB0000640100010F
:10EDE0009610000042FF00006401000145E0FFFFB3
:10EDF000EE66000064010001A60D000026900000F0
:10EE000064010001D6FBFFFFBC9200006401000119
:10EE1000E2EEFFFFEA88000064010001140F000029
:10EE2000B07F000064010001820A00003F0701007A
:10EE30006401000100D6FFFF13D900006401000146
:10EE4000CEF7FFFF4D6E0000640100013623000085
:10EE5000F39A00006401000176F1FFFF37760000AD
:10EE6000640100016E2B0000644000006401000199
:10EE70006CFAFFFFF9AD000064010001EE1B000019
:10EE8000A27E00006401000161C6FFFFA4610000D2
:10EE900064010001513E0000CE52000064010001F7
:10EEA000CAFDFFFF858B000064010001E5F9FFFF4B
:10EEB000D8D2000064010001D9FEFFFF0E8E0000D1
:10EEC00064010001E2CFFFFF8482000064010001C1
:10EED00095110000B480000064010001FD300000C5
:10EEE000367000006401000164FCFFFFCEB3000037
:10EEF00064010001E90C000075BF0000640100011D
:10EF0000EF060000419B000064010001590F000062
:10EF10005489000064010001D8F9FFFF1189000045
:10EF200064010001C41200001288000064010001A5
:10EF30005D1C0000CBA70000640100010F1400005D
:10EF4000AD86000064010001A80A0000DB82000019
:10EF5000640100019BF4FFFF2886000064010001AA
:10EF60008C3B0000B853000064010001D22C00006B
:10EF7000545800006401000141E8FFFFD4900000F4
:10EF8000640100012E080000AA8000006401000155
:10EF900064EFFFFF118A000064010001B7E4FFFF86
:10EFA0009F8A000064010001E6000000F68F000067
:10EFB00064010001C307000042E400006401000195
:10EFC0003BE0FFFF0CA1000064010001AF02000064
:10EFD000B4B60000640100010A0E0000217C0000AC
:10EFE000640100019102000002A8000080000007F7
:10EFF0000A000500681200200C00031E60000400D7
:10F000006000010018E80200120003066000000022
:10F01000AC0000030A000500681200200C00030089
:10F0200060000000D400000003190100800100010D
:10F030000200000000000080CC0100000000006021
:10F0400064010001FC15000057670000F00000009B
:10F05000000100006401000107D1FFFFC07F000034
:10F060006401000150C2FFFF9E1B0000640100010B
:10F07000FADCFFFFCE320000640100013650FEFFD3
:10F08000757700006401000159BC0100ADA40000C7
:10F0900064010001ACFCFFFF4B8200006401000131
:10F0A00054B9FFFF2C82000064010001DB8A0000DC
:10F0B000511D0000640100015740FFFFAC17000024
:10F0C0006401000112BCFEFF3FBA000064010001B0
:10F0D00085500100DCA4000064010001FDF5FFFF84
:10F0E000D47F000064010001D37EFFFFCC920000BA
:10F0F0006401000183DEFFFF4C2300006401000176
:10F1000042CDFFFF4A41000064010001FE60FEFFA6
:10F1100082DE0000640100018B0F010058660000D0
:10F12000800000010A000300A4120020AC000001CE
:10F130000A000300A412002064010001FC15000075
:10F1400057670000F00000000001000064010001AA
:10F1500007D1FFFFC07F00006401000150C2FFFF24
:10F160009E1B000064010001FADCFFFFCE320000AC
:10F17000640100013650FEFF757700006401000154
:10F1800059BC0100ADA4000064010001ACFCFFFF0C
:10F190004B8200006401000154B9FFFF2C82000083
:10F1A00064010001DB8A0000511D000064010001C0
:10F1B0005740FFFFAC1700006401000112BCFEFFC6
:10F1C0003FBA00006401000185500100DCA400008A
:10F1D00064010001FDF5FFFFD47F00006401000120
:10F1E000D37EFFFFCC9200006401000183DEFFFFAD
:10F1F0004C2300006401000142CDFFFF4A410000A2
:10F2000064010001FE60FEFF82DE00006401000177
:10F210008B0F010058660000800000070500040005
:10F22000E874002008000318200000000300030019
:10F23000D8EE02006000330009000000A8000005BD
:10F240000000150005000400281900200800030034
:10F250002000000001010101CC00000000000101BC
:10F26000D40000000317010080010001030000002A
:10F2700000000000CC010000000000C0640100019B
:10F28000AAE3FFFF50760100D80000000100000152
:10F29000F00000000001000064010001A4F0FFFF85
:10F2A0009C46010064010001D08800007ACD000076
:10F2B000640100015A1A0000396301006401000171
:10F2C000B6EAFFFF4A7B010064010001194E01000C
:10F2D000F06B0100640100015BF2FFFF7699000012
:10F2E00064010001BD420000FCD500006401000182
:10F2F00078970000B4AE000064010001AEEDFFFF9E
:10F3000050EF0000640100017DDAFEFF44BE000002
:10F3100064010001500101001D540100640100015D
:10F32000DDCCFFFF19550100640100013A2E0000F9
:10F33000C81C0100640100013DFCFFFFEA16020049
:10F3400064010001DD9F000054AD00006401000174
:10F35000755F0000F4FB000064010001848100007F
:10F36000A88B000064010001DBF3FFFFDCBD02009D
:10F370006401000157FBFFFFBD850000640100012F
:10F38000F4B500004C64000064010001BADEFFFF28
:10F39000365501006401000178600000CF83000051
:10F3A000640100010908000081DA00006401000125
:10F3B0000B170100CB1301006401000129090000B3
:10F3C000A7ED0000640100018905000040C60100AE
:10F3D00064010001DE73000081DD000064010001B2
:10F3E0008107FFFF3D94000064010001D30F00007E
:10F3F0002A07010064010001BA700000D3AB0000CD
:10F400006401000144720000FD4402006401000137
:10F41000EE1900008C80000064010001D20500009C
:10F4200086130100640100015035000068150100D9
:10F4300064010001F7790000C0AC00006401000124
:10F4400019A300005FA4000064010001183000004F
:10F45000392B02006401000165870000CCC0000068
:10F4600064010001DD300000E1C801006401000119
:10F47000AD23FFFFB4EB00006401000168B200009F
:10F48000F3820000640100010F480000FFF9000052
:10F490006401000142E7FFFFB2E1000064010001E6
:10F4A000D0F8FFFF04A60000640100010A5000002C
:10F4B0002FC7000064010001C98100009B86000085
:10F4C00064010001FD410000DCE70000640100016F
:10F4D00008FAFFFFCBAF01006401000114FAFFFF3F
:10F4E00009C9000064010001690300007CC4000038
:10F4F0006401000135EFFEFF4E5C00006401000175
:10F50000D31E01008F7C0000640100015BE100005C
:10F51000BF8301006401000161A7FFFFF832010011
:10F5200064010001A9EFFFFFCCAF000064010001FE
:10F5300028890000B2CC000064010001D6980000C8
:10F54000CCD7000064010001D62F0000EB8A000038
:10F550006401000148BC0000926E010064010001DA
:10F56000877AFFFF5C9C000064010001252D0000EC
:10F570009CF90000640100014219000070BB00000A
:10F5800064010001F9E2FFFF501001006401000175
:10F59000D10D0000F0C50000640100018FE2FFFF03
:10F5A0005FF20000640100018AFCFFFF4A6B020069
:10F5B0006401000120F7FFFF25240200640100011F
:10F5C0002911000066F3000064010001BAFD00008B
:10F5D000381101006401000140BDFFFF23C5000098
:10F5E0006401000104230000A77E01006401000102
:10F5F000B0390000E4AF0100640100014D1B0000C0
:10F60000C14F01006401000136110000DE0E01004F
:10F61000640100014A10FFFFD0B000006401000146
:10F620003243FFFFC4CC000064010001D28000001F
:10F630006D7B000064010001B78A0000FF690000D3
:10F640006401000188D7FFFF5B0301006401000132
:10F650000DE0FFFFFFC70000640100015916000024
:10F66000852401006401000191E3FFFFC5BF000094
:10F67000640100019EC1000087C400006401000114
:10F680009EFDFFFFC100010064010001EEFEFFFFCF
:10F690004E0D0300640100012DAC0000EE9C000043
:10F6A00064010001B49E00000F9C00006401000191
:10F6B0009F0BFFFF58C3000064010001927B000014
:10F6C000C16B0100640100019A810000897C000087
:10F6D0006401000133B60000A8910000640100013C
:10F6E000565E000003FC000064010001B0680000E9
:10F6F00011B3000064010001088000000C790000D3
:10F7000064010001828EFFFFD99F01008400000682
:10F7100028190020080003302000040060000100C8
:10F7200038F202003000030660000000A80000006C
:10F7300000000500BC00000000000000D400000034
:10F74000031D010080010001020000000000008094
:10F75000CC010000000000A0640100014C6000002A
:10F760004E8A2400D800000002000001F0000000D2
:10F770000001000064010001B4CFFEFF4F1C19001E
:10F7800064010001D65BFFFF79C22700640100011C
:10F790004C0C010069060F0064010001186AFEFFAD
:10F7A000589B120064010001EA75FFFFFC3416004B
:10F7B00064010001AE860000EBF50A00640100015F
:10F7C0004EF8000023700B0064010001161B0000BE
:10F7D000E9EF230064010001FDF1FEFF5CFB100076
:10F7E000640100017A85000057E7170064010001F9
:10F7F000891F000033410F00640100016B2C0100E0
:10F80000FF8B0E00640100011134020020780F000C
:10F8100064010001830A000019D41400640100018E
:10F8200058CFFEFFBF0D110064010001051E00004E
:10F830009C501A00640100015CBBFEFF3A8310007B
:10F8400064010001F303FFFFB6E816006401000144
:10F850001681FFFF06211100640100012826FFFF29
:10F86000E43E180064010001B1EDFFFF0A16150027
:10F870006401000147C700000895120064010001FF
:10F880003B0401003D9A0E0064010001EF470000B7
:10F890009B55140064010001ED930000376C1800C3
:10F8A000640100018B4EFFFF2FB1100064010001C5
:10F8B000D33EFEFFE15D14006401000162E3FFFF3F
:10F8C0002E7B1C006401000154530000DE6A12000C
:10F8D00064010001FA2201009F381B00640100014D
:10F8E00000A1000042A0120064010001CB6A0000E8
:10F8F000A9FD1D0064010001DE47FFFFA2B0110059
:10F90000640100016AF2FEFF7B2C0E00640100011D
:10F91000F675FFFF4A52220064010001934DFFFF7C
:10F92000FF46100064010001B5AAFFFF0550110059
:10F9300064010001673300000C7C1F0064010001BA
:10F94000BE4F0000E6B41F00640100011F7A0100F1
:10F95000A0CB11006401000128D90100ED201600A0
:10F9600064010001A36CFFFFC1BE1000640100012F
:10F970009DFC000014270F0064010001136E0000BD
:10F980004DC01100640100016092FFFF76EA16008D
:10F99000640100017AC4FEFFA71A1200640100018D
:10F9A000BFDF0000C7690D008000000008000400F0
:10F9B0008800000508003300200000000800040053
:10F9C000680C00203000330020000000AC00000173
:10F9D00008000400680C0020D800000106000000A8
:10F9E000265CA75760010002030F0100721401009A
:10F9F00001000000700100000080FBFFF00000002B
:10FA0000000100008000000705000400680C0020D1
:10FA10000800033020000400300001003804030017
:10FA2000C000030330000000AC000001050004002A
:10FA300028190020D40000000317010080010001F4
:10FA40000300000000000000CC010000000000C026
:10FA500064010001E92E000069850000D800000063
:10FA600002000001F000000000010000640100013C
:10FA70006D350000117F000064010001EF020000FD
:10FA80003A75000064010001E54C00004D5900008A
:10FA900064010001B9FAFFFF802001006401000148
:10FAA00093330000468B000064010001E73A000038
:10FAB000395400006401000190590000B434000082
:10FAC00064010001A9B7FFFFF844000064010001D0
:10FAD0003B0500002F94000064010001D4280000C1
:10FAE000C46B00006401000129B000001A3300005B
:10FAF00064010001042500009D91000064010001E3
:10FB0000180A00002A740000640100017C1800003B
:10FB10006F99000064010001DF410000115A0000EC
:10FB2000640100017D2800007C590000640100018F
:10FB300096410000D184000064010001AC00000087
:10FB4000DB9600006401000158FCFFFF4E7D0000C1
:10FB500064010001080D00000E8A0000640100012C
:10FB600001210000AD74000064010001A60700003F
:10FB7000D7AD000064010001D65B0000A73900008A
:10FB80006401000103240000A46800006401000176
:10FB90007C2100007199000064010001952B000098
:10FBA0001A8A0000640100013AFFFFFF1C6900008F
:10FBB00064010001F551000056500000640100018D
:10FBC00062050000DCC600006401000181E3FFFF64
:10FBD000587C0000640100011453000060470000DD
:10FBE00064010001034D0000EB52000064010001BC
:10FBF0001F5E000077560000640100010AFFFFFF4E
:10FC00005D68000064010001962400006CC50000DE
:10FC1000640100012F760000A32F000064010001A1
:10FC2000A6FFFFFF99D7000064010001BA1600008B
:10FC30006F8F0000640100018C0B0000C8B8000049
:10FC40006401000151F7FFFF5F60000064010001E3
:10FC5000B10E0000C07D000064010001F7F9FFFF54
:10FC6000866B000064010001DE070000AC8D00001F
:10FC700064010001B48B0000DD2D0000640100016F
:10FC80005B010000408A0000640100019918000037
:10FC9000A5940000640100019CF4FFFF728C000039
:10FCA0006401000195FFFFFFCBFD0000640100012E
:10FCB0006A2E0000795F00006401000141E1FFFF4E
:10FCC000D17000006401000185FFFFFFFC370200D6
:10FCD00064010001A02100008EB300006401000156
:10FCE000F9FBFFFFAEC8000064010001D4E8FFFF8C
:10FCF0001F7700006401000193040000989E00003B
:10FD000064010001CEC10000802C000064010001EC
:10FD100090E5FFFFDE62000064010001220D00009B
:10FD2000A6680000640100011DFBFFFF42AB00005C
:10FD300064010001082F00005C72000064010001F2
:10FD400013F8FFFF30980000640100011E3D000021
:10FD5000D26600006401000133E1FFFF3CC10000F6
:10FD6000640100017BFAFFFF5FD90000640100011C
:10FD70005B1800003CAB00006401000195560000D8
:10FD8000C14E0000640100019EDDFFFF277C0000E2
:10FD900064010001E8230000D68F00006401000127
:10FDA00041EFFFFF10B500006401000107C7FFFF2E
:10FDB000B1530000640100014EFBFFFF3F960000BD
:10FDC00064010001A5FEFFFFF5940000640100013D
:10FDD000A5FCFFFF53B900006401000157D4FFFFE9
:10FDE000ED60000064010001253A0000725000003F
:10FDF00064010001E6120000368B0000640100017E
:10FE0000D8FEFFFFEEAB000064010001D6900000B9
:10FE10009C4C000064010001FFF0FFFF1D65000025
:10FE200064010001BA4C0000C456000064010001E6
:10FE300088DDFFFF1FA800006401000186EFFFFFBF
:10FE4000E18C0000640100019A0300003E120100F1
:10FE500064010001EFDAFFFFCE6E000064010001D3
:10FE60006F190000FD760000640100012C3B0000CA
:10FE700068530000640100018CF6FFFF5C03010081
:10FE80006401000185090000B5E70000640100017C
:10FE900031F6FFFF818B0000640100012CFAFFFFA7
:10FEA000D3E20000640100011DF0FFFF5B9B000036
:10FEB00064010001571300007CF10000640100019F
:10FEC000F9FFFFFF26A6000064010001A81600004C
:10FED000156E000064010001CD09000035E000004E
:10FEE0006401000168290000806D000064010001C8
:10FEF000D7370000586D000064010001390400008C
:10FF000029D3000064010001DE0C0000D19600003E
:10FF100064010001D9390000C666000064010001D7
:10FF2000FF070000657800006401000180DEFFFF2C
:10FF30002179000064010001653B00006E5600005D
:10FF400064010001CA130000AE64000064010001F6
:10FF500010120000B29F00006401000165E5FFFF80
:10FF6000697F0000640100016C0700000CA600001E
:10FF700064010001CFFBFFFFE37D0000640100018D
:10FF8000930E00008879000064010001B4F0FFFFC7
:10FF9000C49D000064010001E703000045B70000B4
:10FFA000640100016CF3FFFF0D69000064010001B2
:10FFB0001A1600000A9F00006401000120180000CA
:10FFC0003D8F0000640100011DF6FFFFED9E000063
:10FFD00064010001AB0D00001CD4000064010001AD
:10FFE0008D000000A2250100640100019332000091
:10FFF000905B000064010001AA350000BE560000BD
:020000025000AC
:10000000640100014E1200004694000064010001EA
:10001000372100000D6C0000640100017AF4FFFF3D
:100020001F9F00006401000177010000E2FB000057
:1000300064010001362900001B6E0000640100010C
:100040001EFFFFFF14890000640100014504000049
:10005000DB950000640100010F150000035F000044
:100060006401000180F2FFFF459700006401000178
:10007000DBF0FFFF2281000064010001DD040000CD
:10008000D5CA000064010001BCEBFFFF9D8E00009B
:10009000640100019DEEFFFFC75C000064010001E8
:1000A000DA300000BA6C000064010001C31B0000DC
:1000B000DCAA000064010001A03F0000AC66000063
:1000C000640100013B370000F96000006401000199
:1000D0003AF3FFFF9998000064010001080E000048
:1000E000F87D00006401000127E3FFFFBC950000DC
:1000F0006401000114FEFFFF25B20000640100014D
:10010000C6FEFFFF89660000640100017B39000024
:10011000FE53000064010001D9FEFFFFE9E4000086
:100120006401000112080000DD7300006401000199
:100130006B0600004BF5000064010001910B00000C
:100140004F7A000064010001891600006D890000EB
:10015000640100016BE1FFFFBF6C0000640100015E
:10016000EFF3FFFF71B90000640100011603000006
:100170006A87000064010001401400009E6C0000CA
:100180006401000193080000DDA500006401000186
:10019000C5E5FFFFFBA4000064010001E9000000C9
:1001A000AFBF0000640100010E12000000A30000B8
:1001B000640100014D0600006C770000640100013D
:1001C000601300004F6E000064010001D4110000B4
:1001D000388A0000640100010FFDFFFFD97F000095
:1001E00064010001D10F00007F980000640100014C
:1001F000580E000017F7000064010001D3F0FFFF64
:100200006D8C000064010001EF0E0000466A0000E2
:1002100064010001BCEAFFFF6A7400006401000190
:100220006615000054680000640100013CF7FFFF00
:100230009B7D000064010001BA0F000019670000F7
:100240006401000190F9FFFF5DAA00006401000154
:10025000F70F000046630000640100013500000054
:100260006F90000064010001F6010000E1740000DD
:1002700064010001A0390000635A0000640100011C
:10028000D1F1FFFFF7A100006401000108F8FFFFB2
:100290008379000064010001D2FFFFFF377700007F
:1002A00064010001411E000085640000640100013A
:1002B0003FF7FFFF1E91000064010001A40300004E
:1002C000A263000064010001ECEEFFFF377D000037
:1002D0006401000166EDFFFF2C9500006401000140
:1002E000F40800009696000064010001D0FBFFFFB7
:1002F000C9A700006401000188FDFFFFBE9C00004B
:100300006401000171FEFFFF54A1000064010001BF
:10031000BB020000938000006401000107EFFFFFB3
:1003200034AD0000640100012D00000074FA0000EB
:1003300064010001DBF4FFFF098F0000640100018C
:10034000FFEEFFFF795700006401000100F6FFFF98
:10035000489100006401000121F4FFFF2F9100008B
:10036000840000062819002008000318200000005F
:100370000300030038280300C00033000900000018
:10038000A800000000001500BC00000001010101F0
:10039000CC000000000001016401000134300100C4
:1003A0003C4A0000D800000001000001F0000000FD
:1003B0000001000064010001D1000100AE4B00000B
:1003C0006401000164B7000075820000640100014F
:1003D0007F6A01008B46000064010001185401008F
:1003E000063A000064010001DC460000DF8B0000DB
:1003F00064010001B5450000B4E60000640100019D
:100400005DDAFFFFA5080100640100019BA0010067
:1004100018C4010064010001192C0000881A0100B1
:1004200064010001DC560000D9B90000640100013C
:100430008FA70000E9A4000064010001A9230000C7
:100440001182000064010001EF3B00003EA00000AB
:10045000640100015D1F00001B77000064010001C2
:10046000825500009027010064010001674C0000E4
:1004700028760000640100010BF0FFFFA393000049
:1004800064010001957D000087980000640100016F
:10049000E527000004250100640100019F21FFFF02
:1004A00007910000640100010E5100003596000024
:1004B00064010001DAC600001BA90000640100010C
:1004C000B2FBFFFF28C0000064010001D70C000050
:1004D0008000010064010001F6F000000DAC000096
:1004E000640100013CCBFEFF790C010064010001B6
:1004F000290101001B63000064010001723A000041
:100500009633010064010001D4780000B725010092
:10051000640100012D520100BF930000640100013D
:1005200080320000E0A60000640100010C0B000016
:100530004598000064010001EB90FFFF4BBB0000F9
:1005400064010001FE3901000A9700006401000106
:10055000FFB1000080400000640100011874000039
:100560006926010064010001D70E0100485E000009
:100570006401000189D50000F16B000064010001F5
:10058000AA9FFFFF308C000064010001332E0000A1
:1005900027E7000064010001592000000663000005
:1005A0006401000105790000AA4201006401000114
:1005B00074E40000D85F0000640100015A190000D3
:1005C0002B4B010064010001BB1AFFFFC67900003C
:1005D00064010001483E000020AB000064010001FE
:1005E000E886000031FF00006401000175CBFFFFC9
:1005F000BF6C0100640100014E510100E085000064
:1006000064010001B4620000F13D010064010001D9
:10061000AE0C010001310000640100010FD0FEFFAB
:10062000D56C000064010001D80300001C04010027
:1006300064010001EA74010078A80000640100016F
:100640000963FFFFBC620100640100016312000046
:10065000BFA3010064010001CE26FFFFFF280100B7
:100660006401000137DA0000DCAC00006401000125
:10067000071F000056DA000064010001B1FAFFFF15
:10068000B4C100006401000163720000E353010083
:1006900064010001E6060000EADA000064010001DE
:1006A00086FB0000AE820100640100014A85000063
:1006B000D700010064010001A98DFFFF1AE50000C9
:1006C0006401000138550000ECB80000640100012D
:1006D000D6E20000AD81010064010001A2490000E2
:1006E00013BA000064010001E7B200006B4801008A
:1006F00064010001D6F20000EF1E01006401000158
:10070000CCFFFEFF9266000064010001E9380100A1
:100710000B5700006401000186BEFEFFC7D5000034
:1007200064010001B66B0000E830010064010001C3
:10073000DD0C00005A32010064010001FE25FFFFBC
:100740002AB40000640100017AA5000004EB000057
:100750006401000168FDFFFFA8E5000064010001DD
:10076000471300003F04010064010001091D00005F
:10077000BFE5000064010001B90E0100AF310100C6
:100780006401000101DF00003E4901006401000135
:1007900059E9FFFFC72501006401000131B80000DD
:1007A0007C86010064010001C4B0FFFF89AF000036
:1007B0006401000190F8FFFFD59F00006401000173
:1007C00059200100007F0000640100014CEA000094
:1007D000946700006401000109D80000328B00001A
:1007E0006401000109EA00004A7000006401000190
:1007F000ED5E01004FBC00006401000133450000C4
:1008000069C600006401000162B9FFFFCE09010062
:1008100064010001217E00001FB700006401000197
:10082000D6EF00007136000064010001BF1800001F
:10083000EAAF0000640100018AFAFEFF69D60000F9
:10084000640100018969FFFF34EA000064010001CE
:1008500018EBFFFF90850000640100011C46FFFFBC
:10086000C0880000640100019375FFFF31C80000DB
:10087000640100018F40FFFF4A0C01006401000188
:100880007619FFFF4490000064010001D646000085
:10089000D2D0000064010001DF3EFFFF279A000074
:1008A000640100016D910000CF930100640100011B
:1008B000A2F4FFFFEAF5000064010001C40B000090
:1008C0007B0801006401000111A8FEFFB46900006B
:1008D0006401000198190100A08700006401000173
:1008E000982AFFFF07D50000640100010661FFFFA1
:1008F00090EA000064010001894DFFFF8EA700000F
:100900006401000189A8FFFF248A0000640100013E
:100910003447010014B10000640100016885FFFF45
:10092000DCBD010064010001DDAFFFFF34180100F0
:1009300064010001FC60FFFF2B0301006401000162
:10094000C7D1FFFFA7DF000064010001AC2F00004A
:100950005499000064010001E2FFFFFFD3B20000E0
:10096000640100012990000018B001006401000139
:10097000AE2C000043CB0000640100014ECFFEFF0F
:100980007B8B0000640100010191000017F800005A
:1009900064010001D756000077B80000640100012F
:1009A00030AEFFFF0F9D0000640100019532FFFF94
:1009B000C79A000064010001179100008EC8000072
:1009C000640100010D9D000085B400006401000178
:1009D00025C80000C33C010064010001F4C0FEFF13
:1009E0005E8500006401000137B0FFFFEEA000004B
:1009F00064010001746CFFFF428800006401000183
:100A00000245000092A8000064010001AE4DFFFF06
:100A1000DD00010064010001011B0000DCDE0000BC
:100A200064010001ECBCFFFF6BD300006401000116
:100A3000DAE800008A3801006401000181C5000085
:100A40002F8F00006401000159A9FFFF78CA000040
:100A5000640100010322FFFF4BD900006401000183
:100A60002586000005CA0000640100011505FFFF8E
:100A7000E4880000640100012689FFFFB3B4000090
:100A800064010001308D0000AD9700006401000199
:100A9000E2D6FEFFCDB4000064010001FA3C000084
:100AA000BF18020064010001E351000074A60000B9
:100AB0006401000140160000768C00006401000112
:100AC000C9F4FEFFF59700006401000120C3FEFF9A
:100AD0006B9500006401000117D2000070D1000086
:100AE00064010001F32A000063B400006401000106
:100AF000300EFFFF788E0000640100016DE8FFFFFB
:100B00009FC80000640100011ACEFEFFF7730000C9
:100B1000640100013024FFFFD9BF0000640100011F
:100B2000783E000079E3000064010001C9F6FFFF90
:100B300038A800006401000160E5FEFFDA830000D0
:100B400064010001584400007208010064010001C2
:100B5000152500006890000064010001171A0000CC
:100B600055B80000640100012D9DFFFF9C1A010093
:100B7000640100018692000003A8000064010001E6
:100B800025C9FEFF0DDD0000640100013FEAFFFF03
:100B90007C9400006401000161DBFEFFBB9E00004D
:100BA0006401000119570000F8730100640100019D
:100BB000E7240000ACE5000064010001C429000046
:100BC000A5D3000064010001C35A0000782E010083
:100BD000640100019C090000418E010064010001D4
:100BE00088340000D9DA0000640100010717000012
:100BF0000F110100640100012E1A0100768F000020
:100C000064010001A8060000A05E0100640100016B
:100C10003D580000A7A400006401000119BFFEFFB9
:100C2000E29E0000640100013D6B000085EC0000C5
:100C30006401000161820000529A00006401000119
:100C4000DBA50000FEDF000064010001BBE6FFFF42
:100C5000B811010064010001B98C0000ADFC000076
:100C60006401000145FE000075B10000640100014F
:100C7000B43C0100B8B5000064010001C0BFFFFF33
:100C80001E0A010064010001780D010014990000A2
:100C9000640100012E92000053D0000064010001A5
:100CA000C681FEFF71A40000880000050800033023
:100CB00020000400C0000100F82E03009000030C87
:100CC000C0000000A800000000000500BC000000FB
:100CD00000000000640100012FC6FFFFED1C0000B2
:100CE000D800000002000001F00000000001000038
:100CF00064010001568BFFFF83F7000064010001CF
:100D00003EB9FFFF33760000640100019505FFFF47
:100D10007B580000640100019492FEFF2F620000E6
:100D200064010001FA39FEFF325000006401000145
:100D30004479FFFF8343000064010001B1ADFFFF70
:100D400033500000640100017751FEFF886A000003
:100D500064010001CDE1FFFFCBA0000064010001B0
:100D60001849FDFF054D000064010001F83CFFFF3C
:100D7000A1C3000064010001A098FEFF0C43000025
:100D800064010001147EFCFFDF30000064010001FB
:100D90003C6DFEFF2D420000640100014C20FFFF6E
:100DA000791F000064010001CE7FFFFF7237000051
:100DB0006401000175AB00007A3F0000640100018E
:100DC000799BFFFF91B10000640100015293000084
:100DD000F21A0000640100011D36FFFFE4720100F9
:100DE00064010001C2DBFFFF3D9C000064010001C3
:100DF0004E9EFFFFBF51000064010001E78DFFFF21
:100E00009FF7000064010001D320FFFF414B000069
:100E1000640100011221FDFF6C2E0000640100013D
:100E20005AD6FDFF4166000064010001490A000036
:100E300001390000640100014983FDFF12880000B0
:100E4000640100016686FFFF3A250000640100018D
:100E5000AE00FEFF964F000064010001EBE5FEFFCF
:100E60000B7C000064010001BEFBFEFFC3760000A6
:100E7000640100012770FFFFFC0401006401000110
:100E80006F8F0100DE1D000064010001410D0000B4
:100E90009B340000640100015B10FFFF3B70000009
:100EA00064010001B2EFFEFFCE7E0200640100018A
:100EB000AA84FFFF0D5900006401000153C3FEFF27
:100EC000A66F000064010001F2D4FEFFF16700008C
:100ED0006401000169320000BB31000064010001BF
:100EE00079E1FFFFD8C40000640100017C9DFEFF92
:100EF000CD13000064010001FF6AFEFF864E000072
:100F000064010001E24D0000827C000064010001E8
:100F1000FCA7FEFF14180000640100016637FFFF04
:100F20000D3E00006401000148F50100F2170000C9
:100F300064010001A7E7FEFFC94900006401000148
:100F4000E075FEFFCA210000640100012549FFFF92
:100F5000CB98000064010001BFD4FFFFAC25000066
:100F6000640100018FC6FEFF952F0000640100019F
:100F700064180000AC3B000064010001F7F8FEFFBC
:100F8000D7920000640100010357FFFFF337000010
:100F90006401000146CD0100BF1F00006401000193
:100FA000F542FEFF8C430000640100011A9FFEFF22
:100FB000945F0000640100016B650100C52F000013
:100FC0006401000170C1FEFFB191000064010001E5
:100FD000ACCCFFFFDD85000064010001C39AFEFF79
:100FE000AD530000640100016223FDFFC24F000009
:100FF00064010001143BFDFF5E720000640100010A
:101000006CD2FDFF883C0000640100013624FFFF24
:101010002F2E000064010001202CFFFF18B90000F2
:1010200064010001F77BFEFF4EA80000640100018F
:101030006A4EFDFFA92E000064010001053AFFFF82
:10104000AA86000064010001AC73FEFF3B3E000075
:10105000640100017E68FFFFE11D000064010001E2
:1010600021B700006E1D0000640100016B94FFFFBA
:101070006A640000640100015D66FDFF382A00001B
:101080006401000169D9FFFFF293000064010001CF
:10109000E602FFFF0C21000064010001E2D5FEFF23
:1010A000252B0000640100014A0AFFFFA67400001E
:1010B000640100015F44FFFFCA47000064010001B2
:1010C000E971FEFF78470000640100019888FFFF86
:1010D000E93100006401000196C3FEFF785A000068
:1010E0006401000166E4FEFF066700006401000180
:1010F0002917FEFF3A3300006401000113F9FFFFD6
:101100005D7A00006401000144F1FEFF05700000FB
:1011100064010001B975FFFF83460000640100010E
:10112000CADFFDFFF9310000640100014ACDFFFF75
:1011300024170000640100017DF0FFFF1E6B00001A
:10114000640100012B0FFFFF3C250000640100013A
:10115000E9500000632D000064010001C99C0000FB
:101160000C72000064010001C95C0000769500006B
:1011700064010001EE11FFFFE26D00006401000157
:10118000FAB4FFFF5448000064010001C6C5FFFF28
:10119000BF28010064010001231B0000C07800008B
:1011A00064010001150B00008A26000064010001A3
:1011B000E724FEFF524200006401000158D7FEFF01
:1011C00098400000640100011624FEFFDC68000066
:1011D00064010001C3C0FFFF9A76000064010001B2
:1011E000C82EFFFF375F000064010001C0D8FEFF7A
:1011F000C5390000640100018CEFFEFF39BE00001C
:101200006401000116ACFFFF1464000064010001DA
:101210002E89FFFF5B5C0000640100016149FFFF54
:10122000E3BA0000640100013929FFFFF0970000D4
:1012300064010001FBFBFFFF078200006401000165
:101240005FBF0000016F000064010001DA85FFFF4D
:10125000609C000064010001C85CFFFFEF480000D3
:1012600064010001EB77FEFF91660000640100015C
:101270003531FFFF972B000064010001545AFFFF36
:10128000B79E000064010001262AFCFFE141000036
:1012900064010001B081FFFF2C7F000064010001A8
:1012A0002AD4FFFF412D0000640100018AF3FFFFF3
:1012B00055460000640100012ECBFFFF735B000068
:1012C00064010001D3E2FEFF2D5A00006401000119
:1012D00059EEFEFFD13300006401000128B0FCFF8D
:1012E000EE3D0000640100012974FDFF933700000A
:1012F0006401000166F2FFFFD38D0000640100016C
:101300006ECAFEFF9D4B000064010001EA38FFFF3A
:10131000A7940000640100019DEAFEFFB94B0000A4
:10132000640100013DCAFEFFDD57000064010001B9
:10133000AD35FEFFB54D0000640100018D250000B4
:1013400010990000640100015DFBFDFFBE5000002C
:1013500064010001BA42FFFF503600006401000141
:10136000844BFFFF665C000064010001B6E4FFFFF0
:10137000A1680000640100017936FDFF8C4D00007A
:1013800064010001F0D5FEFF083A0000640100018D
:10139000702BFEFF6868000064010001D20E01009E
:1013A000A15E0000880000000800032D90000003EB
:1013B00090000100F89A0300120003099000000059
:1013C000B0000000680C0020D400000003190100E8
:1013D000800100010200000000000080CC0100003C
:1013E000000000526401000125CCFFFFE155000020
:1013F000F000000000010000640100011EC0FFFFBA
:101400005A6C000064010001293700004B250000E0
:10141000640100011F43FFFFD03700006401000199
:101420001150FDFF187A0000640100010A5C010000
:10143000519F000064010001D8B6FFFF1F53000058
:1014400064010001D496FFFF0F8E000064010001CB
:10145000673200000F2E0000640100010FA4FFFF9F
:10146000E4310000640100017615FCFFAA9700003A
:1014700064010001BFE7FFFF335F0000640100016A
:10148000A5B2FFFF675C0000640100016995FFFFE2
:10149000156E000064010001F32400001322000017
:1014A000640100017B55FFFFA92B000064010001CE
:1014B000A02CFDFF2CC7000064010001E0EFFFFF3E
:1014C00000590000000000000000000000000000C3
:1014D000000000000000000059720000FD900000B4
:1014E00019C200005190000071900000000000003F
:1014F000D96E00003D8F0000C18900000572000018
:101500002972000061910000ADC200003D7B000027
:10151000FD7200001DBF0000CDC0000010000000E3
:1015200010000000489D0320489B0320000002504B
:1015300000000000180A0020E99D0000C1730000AF
:10154000D57300000000000052FCAF2260AA103EDC
:101550007573626873403230303030007265677581
:101560006C61746F724031303030000073616D70A7
:101570006C655F7573626400706572736F6E5F6433
:1015800065740000636C6F636B40313065303030E0
:101590000000000075736268735F77726170706538
:1015A000724035613030300000000080FFFFFF7F67
:1015B0000000008000000080FFFFFF7F000000802F
:1015C0000000000000000000A815050000FF080052
:1015D00000101250497C00005D7C0000B59E0000A8
:1015E000958E0000F97C0000897D0000098E0000C6
:1015F000458E000000A00550942C0100814E000093
:10160000F13F000000000000002002000000E8425E
:101610000000B44200001C43000046430080BA436F
:101620000000A343011001000000F04100007442DB
:10163000000078420000344200006C420000EE429C
:1016400002080000000020410000504100008041DD
:101650000000F041000004420000B841082C0100E5
:1016600019000000082C0100160000000002010013
:101670007815050000000000680C00208000A00024
:1016800003000100C8247501A00013F90100000047
:10169000000000000000000000000000000000004A
:1016A0000000000000000000010000006838002079
:1016B00000000000007003000000000018A50300F7
:1016C000B8350100606F0200EB5B00000000000015
:1016D00000000000000000000000000010001400E6
:1016E00012000100482B73031D29140000000200A2
:1016F0009035010000000000D82A0100F02A010006
:10170000382B0100402B0100982B0100982B010081
:101710000001010000020200001400000028000087
:10172000004000000100000002000000000104056C
:10173000020608090F000000000102030800000073
:101740000A0000000400000001000000EC2B010072
:10175000082C0100D02B0100B42B010000A0105078
:1017600000820D500004055000860D50000A2A35F5
:101770004242424242424242424242423D7500009F
:10178000AD740000000000000F0000000000000029
:10179000000000000600000000000000737973776D
:1017A0006F726B71000000009C17050000010000C3
:1017B00000000000D1F71737D1F717B78071313F1C
:1017C000807131BF0000003F000000BF090400002D
:1017D000000000006D290000000000006D290000DD
:1017E000000000006D290000000000006D290000CD
:1017F000000000006D290000000000006D290000BD
:10180000000000006D290000000000006D290000AC
:10181000000000006D290000000000006D2900009C
:10182000000000006D290000000000006D2900008C
:10183000000000006D290000000000006D2900007C
:10184000000000006D290000000000006D2900006C
:10185000000000006D290000000000006D2900005C
:10186000000000006D290000000000006D2900004C
:10187000000000006D290000000000006D2900003C
:10188000000000006D290000000000006D2900002C
:10189000000000006D290000000000006D2900001C
:1018A000000000006D290000000000006D2900000C
:1018B000000000006D290000000000006D290000FC
:1018C000000000006D290000000000006D290000EC
:1018D000000000006D290000000000006D290000DC
:1018E000000000006D290000000000006D290000CC
:1018F000000000006D290000000000006D290000BC
:10190000000000006D290000000000006D290000AB
:10191000000000006D290000000000006D2900009B
:10192000000000006D290000000000006D2900008B
:10193000000000006D290000000000006D2900007B
:10194000000000006D290000000000006D2900006B
:10195000000000006D290000000000006D2900005B
:10196000000000006D290000000000006D2900004B
:10197000000000006D290000000000006D2900003B
:10198000000000006D290000000000006D2900002B
:10199000000000006D290000000000006D2900001B
:1019A000000000006D290000000000006D2900000B
:1019B000000000006D290000000000006D290000FB
:1019C000000000006D290000000000006D290000EB
:1019D000000000006D290000000000006D290000DB
:1019E000000000006D290000000000006D290000CB
:1019F000000000006D290000000000006D290000BB
:101A0000000000006D290000000000006D290000AA
:101A1000000000006D290000000000006D2900009A
:101A2000000000006D290000000000006D2900008A
:101A3000000000006D2900003C020020A982000087
:101A4000000000006D290000000000006D2900006A
:101A5000000000006D290000000000006D2900005A
:101A6000000000006D290000000000006D2900004A
:101A7000000000006D290000000000006D2900003A
:101A8000000000008D2F0000000000006D29000004
:101A9000000000006D2900000000000065FD00004E
:101AA000782C010059C30000000000006D290000DF
:101AB000000000006D290000000000006D290000FA
:101AC000000000006D290000000000006D290000EA
:101AD000000000006D290000000000006D290000DA
:101AE000000000006D290000000000006D290000CA
:101AF000000000006D290000000000006D290000BA
:101B0000000000006D290000000000006D290000A9
:101B1000000000006D290000000000006D29000099
:101B2000000000006D290000000000006D29000089
:101B3000000000006D290000000000006D29000079
:101B4000000000006D290000000000006D29000069
:101B5000000000006D290000000000006D29000059
:101B6000000000006D290000000000006D29000049
:101B7000000000006D290000000000006D29000039
:101B8000000000006D290000000000006D29000029
:101B9000000000006D290000000000006D29000019
:101BA000000000006D290000000000006D29000009
:101BB000000000006D290000000000006D290000F9
:101BC000000000006D290000000000006D290000E9
:101BD000000000006D290000000000006D290000D9
:101BE000000000006D290000000000006D290000C9
:101BF000000000006D290000000000006D290000B9
:101C0000000000006D290000000000006D290000A8
:101C1000000000006D290000000000006D29000098
:101C2000000000006D290000000000006D29000088
:101C3000000000006D290000000000006D29000078
:101C4000000000006D290000000000006D29000068
:101C5000000000006D290000000000006D29000058
:101C6000000000006D290000000000006D29000048
:101C7000000000006D290000000000006D29000038
:101C8000000000006D290000000000006D29000028
:101C9000000000006D290000000000006D29000018
:101CA000000000006D290000000000006D29000008
:101CB000000000006D290000000000006D290000F8
:101CC000000000006D290000000000006D290000E8
:101CD000000000006D290000000000006D290000D8
:101CE000000000006D290000000000006D290000C8
:101CF000000000006D290000000000006D290000B8
:101D0000000000006D290000000000006D290000A7
:101D1000000000006D290000000000006D29000097
:101D2000000000006D290000000000006D29000087
:101D3000000000006D290000000000006D29000077
:101D4000000000006D290000000000006D29000067
:101D5000000000006D290000000000006D29000057
:101D6000000000006D290000000000006D29000047
:101D7000000000006D290000000000006D29000037
:101D8000000000006D290000000000006D29000027
:101D9000000000006D290000000000006D29000017
:101DA000000000006D290000000000006D29000007
:101DB000000000006D290000000000006D290000F7
:101DC000000000006D290000000000006D290000E7
:101DD000000000006D290000000000006D290000D7
:101DE000000000006D290000000000006D290000C7
:101DF000000000006D290000000000006D290000B7
:101E0000000000006D290000000000006D290000A6
:101E100080030020A9820000000000006D2900005E
:101E2000000000006D290000000000006D29000086
:101E3000000000006D290000000000006D29000076
:101E4000000000006D290000000000006D29000066
:101E5000000000006D290000000000006D29000056
:101E6000000000006D290000000000006D29000046
:101E7000000000006D290000000000006D29000036
:101E8000000000006D290000000000006D29000026
:101E9000000000006D290000000000006D29000016
:101EA000000000006D290000CC020020859A00008F
:101EB000000000006D290000000000006D290000F6
:101EC000000000006D290000000000006D290000E6
:101ED000000000006D290000000000006D290000D6
:101EE000000000006D290000000000006D290000C6
:101EF000219D0000957C0000000000006D2900007D
:101F0000000000006D290000000000006D290000A5
:101F1000000000006D290000000000006D29000095
:101F2000000000006D290000000000006D29000085
:101F3000000000006D290000000000006D29000075
:101F4000000000006D290000000000006D29000065
:101F5000000000006D290000000000006D29000055
:101F6000000000006D290000000000006D29000045
:101F7000000000006D290000000000006D29000035
:101F8000000000006D290000000000006D29000025
:101F9000000000006D290000000000006D29000015
:101FA000000000006D290000000000006D29000005
:101FB000000000006D290000000000006D290000F5
:101FC000000000006D290000000000006D290000E5
:101FD000000000006D290000000000006D290000D5
:101FE000000000006D290000000000006D290000C5
:101FF000000000006D290000000000006D290000B5
:10200000000000006D290000000000006D290000A4
:10201000000000006D290000000000006D29000094
:10202000000000006D290000000000006D29000084
:10203000000000006D29000088010020859A000042
:1020400009AB0000957C0000000000006D29000035
:10205000000000006D290000000000006D29000054
:10206000000000006D290000000000006D29000044
:10207000000000006D290000000000006D29000034
:10208000000000006D290000000000006D29000024
:10209000000000006D290000000000006D29000014
:1020A000000000006D290000000000006D29000004
:1020B000000000006D290000000000006D290000F4
:1020C000000000006D290000000000006D290000E4
:1020D000000000006D290000942C0100857B0000A9
:1020E000242C010000C201000000080000000000D4
:1020F00000000000000000000000000000000000E0
:1021000000000000000000000000000000000000CF
:1021100000000000640400200000000044040020CF
:1021200000000000000000000000000000000000AF
:10213000000000000000000000000000000000009F
:10214000000000000000000000000000000000008F
:10215000000000000000000000000000000000007F
:102160000000000000000000000000008C000020C3
:102170008C000020000000000100000000000000B2
:1021800000000000613700000000000000010000B6
:10219000000000000000000000000000000000003F
:1021A000000000000000000000000000000000002F
:1021B00000000000670000000000000000000000B8
:1021C000000000000000000000000000000000000F
:1021D00000000000000000000000000000000000FF
:1021E00000000000000000000000000000000000EF
:1021F00000000000000000000000000000000000DF
:1022000000000000000000000000000000000000CE
:1022100000000000000000000000000000000000BE
:1022200000000000000000000000000000000000AE
:10223000000000000000000000000000000000009E
:10224000743401006C340100A434010064340100D2
:10225000943401009C3401005C3401007C340100A2
:10226000843401008C34010000C0105000000000D4
:10227000000000000000000000000000000000005E
:10228000000000000000000000000000000000004E
:10229000000000000000000000000000000000003E
:1022A000000000000000000000000000000000002E
:1022B000000000000000000000000000000000001E
:1022C000000000000000000000000000000000000E
:1022D00000000000000000000000000000000000FE
:1022E00000000000000000000000000000000000EE
:1022F00000000000000000000000000000000000DE
:1023000000000000000000000000000000000000CD
:1023100000000000000000000001000000D0045098
:1023200000000000000000000000000000000000AD
:10233000000000000000000000000000000000009D
:10234000000000000000000000000000103201004A
:102350000100000074020020740200200000000050
:102360000100000084020020840200200000000020
:10237000010000000000000000000000000000005C
:10238000000000000000000000000000000000004D
:102390000000000000000000402C010000000000D0
:1023A00000000000589A0320509A032000A00D500E
:1023B000000000000000000000000000000000001D
:1023C000000000000000000000000000000000000D
:1023D00000000000000000000000000000000000FD
:1023E00000000000000000000000000000000000ED
:1023F00000000000000000000000000000000000DD
:1024000000000000000000000000000000000000CC
:1024100000000000000000000000000000000000BC
:1024200000000000000000000000000000000000AC
:10243000000000000000000000000000000000009C
:10244000000000000000000000000000000000008C
:10245000000000000000000000000000000000007C
:1024600000800C5000000000000000000000000090
:10247000000000000000000000000000000000005C
:10248000000000000000000000000000000000004C
:102490002C33010001000000B8030020B803002025
:1024A0000000000001000000C8030020C803002055
:1024B000000000000100000000000000000000001B
:1024C000000000000000000000000000000000000C
:1024D0000000000000000000000000005C2C010073
:1024E00000000000000000008C9A0320849A032062
:1024F000000000008D18000051340000292B00005E
:1025000075480000912F0000E13800000000000035
:10251000F1330000B9380000F96D00000000000040
:1025200091180000F06A0520000000000000000083
:10253000000000000000000000000000000000009B
:1025400000200000F08A05200000000000000000CC
:10255000000000000000000000000000000000007B
:1025600000040000DC040020E4040020ED0400204E
:10257000F2040020F7040020FB0400201E050020C8
:1025800007050020250500202C050020330500202C
:10259000DC040020E4040020ED040020F20400200C
:1025A000F7040020FB0400200005002007050020A0
:1025B000100500201705002033050020080B00023D
:1025C00002020000090400000102020000052400CC
:1025D0001001052401000104240202052406000163
:1025E0000705810310000A09040100020A00000027
:1025F00007058202400000070501024000000705B0
:10260000810310000707058202000200070501028E
:1026100000020000000000009C32010000000000E9
:102620001004002000000000242C0100780100208C
:102630006C01002064010020600100200090D003A4
:10264000D61E00003F0000003075000001000000B1
:10265000FF0300000100000001007800D61D00000B
:102660003F0100003075000001000000FF03000082
:1026700001000000000178000A0B010C02040607AB
:10268000110000005247425060000000600000004E
:10269000600000006000000000000000524742504F
:1026A000800000008000000080000000800000002A
:1026B000000000005247425040010000400100006D
:1026C000F0000000F00000000000000052474250FF
:1026D00040010000400100004001000040010000F6
:1026E00000000000524742508002000080020000BB
:1026F000E0010000E00100000000000052474250ED
:102700000005000000050000D0020000D00200001B
:102710000000000052474250400600004006000002
:10272000B0040000B0040000000000005247425016
:102730008007000080070000380400003804000013
:102740000000000000000000000000000000000089
:102750000000000000000000000000004A50454753
:1027600060000000600000006000000060000000E9
:10277000000000004A504547800000008000000033
:102780008000000080000000000000004A50454723
:102790004001000040010000F0000000F0000000D7
:1027A000000000004A504547400100004001000081
:1027B0004001000040010000000000004A50454771
:1027C0008002000080020000E0010000E001000043
:1027D000000000004A5045470005000000050000C9
:1027E000D0020000D0020000000000004A5045471F
:1027F0004006000040060000B0040000B0040000E5
:10280000000000004A504547800700008007000094
:102810003804000038040000000000000000000040
:1028200000000000000000000000000000000000A8
:10283000000000005955595660000000600000007B
:10284000600000006000000000000000595559566B
:102850008000000080000000800000008000000078
:102860000000000059555956400100004001000089
:10287000F0000000F000000000000000595559561B
:102880004001000040010000400100004001000044
:1028900000000000595559568002000080020000D7
:1028A000E0010000E0010000000000005955595609
:1028B0000005000000050000D0020000D00200006A
:1028C000000000005955595640060000400600001F
:1028D000B0040000B0040000000000005955595633
:1028E0008007000080070000380400003804000062
:1028F00000000000000000000000000000000000D8
:1029000000000000000000000000000000000000C7
:1029100000000000000000000000000000000000B7
:1029200000000000000000000000000000040100A2
:1029300000000000403501002203000009020000F1
:10294000000100C07D000000000000000000000049
:1029500000040100000000005435010022030000C3
:1029600009020000000100C07D0000001201000209
:10297000EF020140E32F0A00030400000000000002
:1029800012010002EF020140E32F0A0003040000DD
:102990000000000000000000000000000000000037
:1029A0000000000000000000000000000000000027
:1029B0000000000000000000000000000000000017
:1029C0000000000000000000000000000000000007
:1029D00000000000000000000000000000000000F7
:1029E00000000000000000000000000000000000E7
:1029F00000000000000000000000000000000000D7
:102A000000000000000000000000000000000000C6
:102A100000000000000000003809002038090020F4
:102A200000000000000000000E0000000000000098
:102A30000000000000000000A8910320000000003A
:102A40000000000000000000000000005C08002002
:102A5000440800200000000000000000000000000A
:102A6000800800206808002000000000000000002E
:102A70000000000000000000000303000000000050
:102A80000000000000030000000000000000000043
:102A90000002010000000000683501003003000062
:102AA0000000000000000000000101000000000024
:102AB000803501001E03000000000000000000003F
:102AC0000000000000000000CC1705000403000017
:102AD00067742000B926010005B500000000000061
:102AE000FF000000FFFFFFFF080A0020080A002087
:102AF000FF0000000F00000015C00000ED8700007F
:102B0000000000000189000089C0000000000000F2
:102B1000796E0000DD880000916E0000B56E000047
:102B200000000000000000000000000000000000A5
:082B300000000000000000009D
:102B3800580A0020580A0020F86905200000000003
:0C2B480008000000100000000000000069
:102B54000000000070630520000400000000000075
:042B6400000000006D
:102B6800880A0020880A00200000000000000000F9
:102B78000E0000009C0A00209C0A002000000000B3
:102B8800000000000E000000B00A0020B00A00207B
:102B980000000000000000000E000000C40A002031
:102BA800C40A002000000000000000000E00000021
:102BB800D80A0020D80A0020000000000000000009
:102BC8000E000000EC0A0020EC0A002000000000C3
:082BD800000000000E000000E7
:102BE000000B0020000B00200C0000000A00000079
:102BF000786A0520F06A0520786A0520786A052041
:082C00000000000000000000CC
:102C0800280B0020280B0020010000000100000014
:102C1800380B0020380B00200000000001000000E5
:102C2800480B0020480B00200000000001000000B5
:102C3800580B0020580B002000000000640B0020F7
:082C4800640B002000000000F5
:102C50000000000000000000780B0020780B00202E
:102C6000020002000A0000000000000084310100A0
:102C7000B069052000000000000000009C0B00204F
:102C80009C0B0020100010000A000000658400006A
:082C90006431010070670520AA
:102C98006C150500000000000000000000000000A6
:102CA8000000000000000000782C01000000000077
:102CB800000000000000000000000000000000000C
:102CC80000000000000000000000000000000000FC
:102CD80000000000000000000000000000000000EC
:102CE80000000000000000000000000000000000DC
:102CF80000000000000000000000000000000000CC
:0C2D0800A00800208C0800200000000043
:102D14000000000038050020000000000000000052
:082D24000000000000000000A7
:102D2C00000000003805002000000000000000003A
:082D3C0000000000000000008F
:042D440015E015E0A1
:04000003100012E9EE
:00000001FF
